DELETE FROM profil; 
DELETE FROM beitrag; 
DELETE FROM gefaellt; 
INSERT INTO profil (profilnummer) VALUES (130);
INSERT INTO profil (profilnummer) VALUES (181);
INSERT INTO profil (profilnummer) VALUES (19);
INSERT INTO profil (profilnummer) VALUES (86);
INSERT INTO profil (profilnummer) VALUES (14);
INSERT INTO profil (profilnummer) VALUES (151);
INSERT INTO profil (profilnummer) VALUES (76);
INSERT INTO profil (profilnummer) VALUES (41);
INSERT INTO profil (profilnummer) VALUES (113);
INSERT INTO profil (profilnummer) VALUES (70);
INSERT INTO beitrag (beitragsnummer, autor_profilnummer) VALUES (1565, 130);
INSERT INTO beitrag (beitragsnummer, autor_profilnummer) VALUES (4569, 130);
INSERT INTO beitrag (beitragsnummer, autor_profilnummer) VALUES (1429, 130);
INSERT INTO beitrag (beitragsnummer, autor_profilnummer) VALUES (2159, 130);
INSERT INTO beitrag (beitragsnummer, autor_profilnummer) VALUES (2712, 130);
INSERT INTO beitrag (beitragsnummer, autor_profilnummer) VALUES (2267, 130);
INSERT INTO beitrag (beitragsnummer, autor_profilnummer) VALUES (2318, 130);
INSERT INTO beitrag (beitragsnummer, autor_profilnummer) VALUES (4852, 130);
INSERT INTO beitrag (beitragsnummer, autor_profilnummer) VALUES (3132, 130);
INSERT INTO beitrag (beitragsnummer, autor_profilnummer) VALUES (3923, 130);
INSERT INTO beitrag (beitragsnummer, autor_profilnummer) VALUES (4142, 130);
INSERT INTO beitrag (beitragsnummer, autor_profilnummer) VALUES (1248, 130);
INSERT INTO beitrag (beitragsnummer, autor_profilnummer) VALUES (4707, 130);
INSERT INTO beitrag (beitragsnummer, autor_profilnummer) VALUES (3382, 181);
INSERT INTO beitrag (beitragsnummer, autor_profilnummer) VALUES (3274, 181);
INSERT INTO beitrag (beitragsnummer, autor_profilnummer) VALUES (2580, 19);
INSERT INTO beitrag (beitragsnummer, autor_profilnummer) VALUES (4832, 19);
INSERT INTO beitrag (beitragsnummer, autor_profilnummer) VALUES (2356, 19);
INSERT INTO beitrag (beitragsnummer, autor_profilnummer) VALUES (4469, 19);
INSERT INTO beitrag (beitragsnummer, autor_profilnummer) VALUES (2714, 19);
INSERT INTO beitrag (beitragsnummer, autor_profilnummer) VALUES (2509, 19);
INSERT INTO beitrag (beitragsnummer, autor_profilnummer) VALUES (2406, 19);
INSERT INTO beitrag (beitragsnummer, autor_profilnummer) VALUES (2410, 19);
INSERT INTO beitrag (beitragsnummer, autor_profilnummer) VALUES (1479, 19);
INSERT INTO beitrag (beitragsnummer, autor_profilnummer) VALUES (3678, 19);
INSERT INTO beitrag (beitragsnummer, autor_profilnummer) VALUES (3899, 19);
INSERT INTO beitrag (beitragsnummer, autor_profilnummer) VALUES (4391, 19);
INSERT INTO beitrag (beitragsnummer, autor_profilnummer) VALUES (2043, 86);
INSERT INTO beitrag (beitragsnummer, autor_profilnummer) VALUES (2307, 86);
INSERT INTO beitrag (beitragsnummer, autor_profilnummer) VALUES (2143, 86);
INSERT INTO beitrag (beitragsnummer, autor_profilnummer) VALUES (2375, 86);
INSERT INTO beitrag (beitragsnummer, autor_profilnummer) VALUES (1983, 86);
INSERT INTO beitrag (beitragsnummer, autor_profilnummer) VALUES (2561, 86);
INSERT INTO beitrag (beitragsnummer, autor_profilnummer) VALUES (4151, 86);
INSERT INTO beitrag (beitragsnummer, autor_profilnummer) VALUES (2141, 86);
INSERT INTO beitrag (beitragsnummer, autor_profilnummer) VALUES (1350, 86);
INSERT INTO beitrag (beitragsnummer, autor_profilnummer) VALUES (4877, 86);
INSERT INTO beitrag (beitragsnummer, autor_profilnummer) VALUES (1291, 86);
INSERT INTO beitrag (beitragsnummer, autor_profilnummer) VALUES (2182, 86);
INSERT INTO beitrag (beitragsnummer, autor_profilnummer) VALUES (1208, 86);
INSERT INTO beitrag (beitragsnummer, autor_profilnummer) VALUES (1299, 86);
INSERT INTO beitrag (beitragsnummer, autor_profilnummer) VALUES (2621, 86);
INSERT INTO beitrag (beitragsnummer, autor_profilnummer) VALUES (3685, 86);
INSERT INTO beitrag (beitragsnummer, autor_profilnummer) VALUES (1623, 86);
INSERT INTO beitrag (beitragsnummer, autor_profilnummer) VALUES (1530, 86);
INSERT INTO beitrag (beitragsnummer, autor_profilnummer) VALUES (1313, 86);
INSERT INTO beitrag (beitragsnummer, autor_profilnummer) VALUES (4138, 86);
INSERT INTO beitrag (beitragsnummer, autor_profilnummer) VALUES (1622, 86);
INSERT INTO beitrag (beitragsnummer, autor_profilnummer) VALUES (4717, 86);
INSERT INTO beitrag (beitragsnummer, autor_profilnummer) VALUES (2065, 86);
INSERT INTO beitrag (beitragsnummer, autor_profilnummer) VALUES (1236, 86);
INSERT INTO beitrag (beitragsnummer, autor_profilnummer) VALUES (1201, 86);
INSERT INTO beitrag (beitragsnummer, autor_profilnummer) VALUES (3838, 14);
INSERT INTO beitrag (beitragsnummer, autor_profilnummer) VALUES (3282, 14);
INSERT INTO beitrag (beitragsnummer, autor_profilnummer) VALUES (2161, 14);
INSERT INTO beitrag (beitragsnummer, autor_profilnummer) VALUES (1780, 14);
INSERT INTO beitrag (beitragsnummer, autor_profilnummer) VALUES (4132, 14);
INSERT INTO beitrag (beitragsnummer, autor_profilnummer) VALUES (3390, 14);
INSERT INTO beitrag (beitragsnummer, autor_profilnummer) VALUES (3574, 14);
INSERT INTO beitrag (beitragsnummer, autor_profilnummer) VALUES (2190, 14);
INSERT INTO beitrag (beitragsnummer, autor_profilnummer) VALUES (2679, 14);
INSERT INTO beitrag (beitragsnummer, autor_profilnummer) VALUES (1676, 14);
INSERT INTO beitrag (beitragsnummer, autor_profilnummer) VALUES (4048, 14);
INSERT INTO beitrag (beitragsnummer, autor_profilnummer) VALUES (1591, 14);
INSERT INTO beitrag (beitragsnummer, autor_profilnummer) VALUES (1454, 14);
INSERT INTO beitrag (beitragsnummer, autor_profilnummer) VALUES (2067, 14);
INSERT INTO beitrag (beitragsnummer, autor_profilnummer) VALUES (4728, 14);
INSERT INTO beitrag (beitragsnummer, autor_profilnummer) VALUES (4319, 14);
INSERT INTO beitrag (beitragsnummer, autor_profilnummer) VALUES (1425, 14);
INSERT INTO beitrag (beitragsnummer, autor_profilnummer) VALUES (1982, 14);
INSERT INTO beitrag (beitragsnummer, autor_profilnummer) VALUES (1071, 14);
INSERT INTO beitrag (beitragsnummer, autor_profilnummer) VALUES (1871, 14);
INSERT INTO beitrag (beitragsnummer, autor_profilnummer) VALUES (3816, 14);
INSERT INTO beitrag (beitragsnummer, autor_profilnummer) VALUES (1881, 14);
INSERT INTO beitrag (beitragsnummer, autor_profilnummer) VALUES (1211, 14);
INSERT INTO beitrag (beitragsnummer, autor_profilnummer) VALUES (2773, 14);
INSERT INTO beitrag (beitragsnummer, autor_profilnummer) VALUES (2946, 14);
INSERT INTO beitrag (beitragsnummer, autor_profilnummer) VALUES (3965, 14);
INSERT INTO beitrag (beitragsnummer, autor_profilnummer) VALUES (2735, 14);
INSERT INTO beitrag (beitragsnummer, autor_profilnummer) VALUES (3042, 151);
INSERT INTO beitrag (beitragsnummer, autor_profilnummer) VALUES (4364, 151);
INSERT INTO beitrag (beitragsnummer, autor_profilnummer) VALUES (4957, 151);
INSERT INTO beitrag (beitragsnummer, autor_profilnummer) VALUES (3673, 151);
INSERT INTO beitrag (beitragsnummer, autor_profilnummer) VALUES (1864, 76);
INSERT INTO beitrag (beitragsnummer, autor_profilnummer) VALUES (3924, 76);
INSERT INTO beitrag (beitragsnummer, autor_profilnummer) VALUES (3231, 76);
INSERT INTO beitrag (beitragsnummer, autor_profilnummer) VALUES (4552, 76);
INSERT INTO beitrag (beitragsnummer, autor_profilnummer) VALUES (3416, 76);
INSERT INTO beitrag (beitragsnummer, autor_profilnummer) VALUES (4290, 76);
INSERT INTO beitrag (beitragsnummer, autor_profilnummer) VALUES (1949, 76);
INSERT INTO beitrag (beitragsnummer, autor_profilnummer) VALUES (4848, 76);
INSERT INTO beitrag (beitragsnummer, autor_profilnummer) VALUES (4198, 76);
INSERT INTO beitrag (beitragsnummer, autor_profilnummer) VALUES (4214, 76);
INSERT INTO beitrag (beitragsnummer, autor_profilnummer) VALUES (3134, 76);
INSERT INTO beitrag (beitragsnummer, autor_profilnummer) VALUES (1686, 41);
INSERT INTO beitrag (beitragsnummer, autor_profilnummer) VALUES (2164, 41);
INSERT INTO beitrag (beitragsnummer, autor_profilnummer) VALUES (4951, 41);
INSERT INTO beitrag (beitragsnummer, autor_profilnummer) VALUES (2455, 41);
INSERT INTO beitrag (beitragsnummer, autor_profilnummer) VALUES (2769, 41);
INSERT INTO beitrag (beitragsnummer, autor_profilnummer) VALUES (4603, 41);
INSERT INTO beitrag (beitragsnummer, autor_profilnummer) VALUES (1545, 41);
INSERT INTO beitrag (beitragsnummer, autor_profilnummer) VALUES (2173, 41);
INSERT INTO beitrag (beitragsnummer, autor_profilnummer) VALUES (4067, 41);
INSERT INTO beitrag (beitragsnummer, autor_profilnummer) VALUES (3423, 41);
INSERT INTO beitrag (beitragsnummer, autor_profilnummer) VALUES (2289, 113);
INSERT INTO beitrag (beitragsnummer, autor_profilnummer) VALUES (3424, 113);
INSERT INTO beitrag (beitragsnummer, autor_profilnummer) VALUES (3085, 113);
INSERT INTO beitrag (beitragsnummer, autor_profilnummer) VALUES (2603, 113);
INSERT INTO beitrag (beitragsnummer, autor_profilnummer) VALUES (2541, 113);
INSERT INTO beitrag (beitragsnummer, autor_profilnummer) VALUES (4671, 113);
INSERT INTO beitrag (beitragsnummer, autor_profilnummer) VALUES (4242, 113);
INSERT INTO beitrag (beitragsnummer, autor_profilnummer) VALUES (3351, 113);
INSERT INTO beitrag (beitragsnummer, autor_profilnummer) VALUES (4102, 70);
INSERT INTO gefaellt (profilnummer, beitragsnummer, zeit) VALUES (130, 2043, "2020-10-03 16:44:07");
INSERT INTO gefaellt (profilnummer, beitragsnummer, zeit) VALUES (130, 2307, "2020-10-06 14:23:50");
INSERT INTO gefaellt (profilnummer, beitragsnummer, zeit) VALUES (130, 2143, "2020-10-08 18:50:33");
INSERT INTO gefaellt (profilnummer, beitragsnummer, zeit) VALUES (130, 2375, "2020-10-10 19:43:21");
INSERT INTO gefaellt (profilnummer, beitragsnummer, zeit) VALUES (130, 1983, "2020-10-09 07:22:44");
INSERT INTO gefaellt (profilnummer, beitragsnummer, zeit) VALUES (130, 2561, "2020-10-06 08:38:35");
INSERT INTO gefaellt (profilnummer, beitragsnummer, zeit) VALUES (130, 4151, "2020-10-12 15:26:22");
INSERT INTO gefaellt (profilnummer, beitragsnummer, zeit) VALUES (130, 2141, "2020-10-13 19:37:50");
INSERT INTO gefaellt (profilnummer, beitragsnummer, zeit) VALUES (130, 1350, "2020-10-03 09:20:06");
INSERT INTO gefaellt (profilnummer, beitragsnummer, zeit) VALUES (130, 4877, "2020-10-10 07:59:28");
INSERT INTO gefaellt (profilnummer, beitragsnummer, zeit) VALUES (130, 1291, "2020-10-09 22:27:20");
INSERT INTO gefaellt (profilnummer, beitragsnummer, zeit) VALUES (130, 2182, "2020-10-02 07:08:07");
INSERT INTO gefaellt (profilnummer, beitragsnummer, zeit) VALUES (130, 1208, "2020-10-03 08:31:06");
INSERT INTO gefaellt (profilnummer, beitragsnummer, zeit) VALUES (130, 1299, "2020-10-10 22:49:57");
INSERT INTO gefaellt (profilnummer, beitragsnummer, zeit) VALUES (130, 2621, "2020-10-03 22:19:17");
INSERT INTO gefaellt (profilnummer, beitragsnummer, zeit) VALUES (130, 3685, "2020-10-09 12:53:52");
INSERT INTO gefaellt (profilnummer, beitragsnummer, zeit) VALUES (130, 1623, "2020-10-09 16:04:57");
INSERT INTO gefaellt (profilnummer, beitragsnummer, zeit) VALUES (130, 1530, "2020-10-01 07:26:30");
INSERT INTO gefaellt (profilnummer, beitragsnummer, zeit) VALUES (130, 1313, "2020-10-03 16:53:16");
INSERT INTO gefaellt (profilnummer, beitragsnummer, zeit) VALUES (130, 4138, "2020-10-11 20:43:26");
INSERT INTO gefaellt (profilnummer, beitragsnummer, zeit) VALUES (130, 1622, "2020-10-12 07:14:25");
INSERT INTO gefaellt (profilnummer, beitragsnummer, zeit) VALUES (130, 4717, "2020-10-02 18:30:02");
INSERT INTO gefaellt (profilnummer, beitragsnummer, zeit) VALUES (130, 2065, "2020-10-09 11:41:14");
INSERT INTO gefaellt (profilnummer, beitragsnummer, zeit) VALUES (130, 1236, "2020-10-04 19:01:15");
INSERT INTO gefaellt (profilnummer, beitragsnummer, zeit) VALUES (130, 1201, "2020-10-14 12:09:39");
INSERT INTO gefaellt (profilnummer, beitragsnummer, zeit) VALUES (181, 2043, "2020-09-19 12:00:00");
INSERT INTO gefaellt (profilnummer, beitragsnummer, zeit) VALUES (181, 2307, "2020-09-20 12:00:00");
INSERT INTO gefaellt (profilnummer, beitragsnummer, zeit) VALUES (181, 2143, "2020-09-21 12:00:00");
INSERT INTO gefaellt (profilnummer, beitragsnummer, zeit) VALUES (181, 2375, "2020-09-22 12:00:00");
INSERT INTO gefaellt (profilnummer, beitragsnummer, zeit) VALUES (181, 1983, "2020-09-23 12:00:00");
INSERT INTO gefaellt (profilnummer, beitragsnummer, zeit) VALUES (181, 2561, "2020-09-24 12:00:00");
INSERT INTO gefaellt (profilnummer, beitragsnummer, zeit) VALUES (181, 4151, "2020-09-25 12:00:00");
INSERT INTO gefaellt (profilnummer, beitragsnummer, zeit) VALUES (181, 2141, "2020-09-26 12:00:00");
INSERT INTO gefaellt (profilnummer, beitragsnummer, zeit) VALUES (181, 1350, "2020-09-27 12:00:00");
INSERT INTO gefaellt (profilnummer, beitragsnummer, zeit) VALUES (181, 4877, "2020-09-28 12:00:00");
INSERT INTO gefaellt (profilnummer, beitragsnummer, zeit) VALUES (181, 1291, "2020-09-29 12:00:00");
INSERT INTO gefaellt (profilnummer, beitragsnummer, zeit) VALUES (181, 2182, "2020-09-30 12:00:00");
INSERT INTO gefaellt (profilnummer, beitragsnummer, zeit) VALUES (181, 1208, "2020-10-01 12:00:00");
INSERT INTO gefaellt (profilnummer, beitragsnummer, zeit) VALUES (181, 1299, "2020-10-02 12:00:00");
INSERT INTO gefaellt (profilnummer, beitragsnummer, zeit) VALUES (181, 2621, "2020-10-03 12:00:00");
INSERT INTO gefaellt (profilnummer, beitragsnummer, zeit) VALUES (181, 3685, "2020-10-04 12:00:00");
INSERT INTO gefaellt (profilnummer, beitragsnummer, zeit) VALUES (181, 1623, "2020-10-05 12:00:00");
INSERT INTO gefaellt (profilnummer, beitragsnummer, zeit) VALUES (181, 1530, "2020-10-06 12:00:00");
INSERT INTO gefaellt (profilnummer, beitragsnummer, zeit) VALUES (181, 1313, "2020-10-07 12:00:00");
INSERT INTO gefaellt (profilnummer, beitragsnummer, zeit) VALUES (181, 4138, "2020-10-08 12:00:00");
INSERT INTO gefaellt (profilnummer, beitragsnummer, zeit) VALUES (181, 1622, "2020-10-09 12:00:00");
INSERT INTO gefaellt (profilnummer, beitragsnummer, zeit) VALUES (181, 4717, "2020-10-10 12:00:00");
INSERT INTO gefaellt (profilnummer, beitragsnummer, zeit) VALUES (181, 2065, "2020-10-11 12:00:00");
INSERT INTO gefaellt (profilnummer, beitragsnummer, zeit) VALUES (181, 1236, "2020-10-12 12:00:00");
INSERT INTO gefaellt (profilnummer, beitragsnummer, zeit) VALUES (181, 1201, "2020-10-13 12:00:00");
INSERT INTO gefaellt (profilnummer, beitragsnummer, zeit) VALUES (19, 1565, "2020-10-12 13:02:13");
INSERT INTO gefaellt (profilnummer, beitragsnummer, zeit) VALUES (19, 4569, "2020-10-14 09:25:24");
INSERT INTO gefaellt (profilnummer, beitragsnummer, zeit) VALUES (19, 1429, "2020-10-10 15:35:57");
INSERT INTO gefaellt (profilnummer, beitragsnummer, zeit) VALUES (19, 2159, "2020-10-13 10:32:11");
INSERT INTO gefaellt (profilnummer, beitragsnummer, zeit) VALUES (19, 2712, "2020-10-05 16:12:14");
INSERT INTO gefaellt (profilnummer, beitragsnummer, zeit) VALUES (19, 2267, "2020-10-13 12:56:33");
INSERT INTO gefaellt (profilnummer, beitragsnummer, zeit) VALUES (19, 2318, "2020-10-10 12:58:35");
INSERT INTO gefaellt (profilnummer, beitragsnummer, zeit) VALUES (19, 4852, "2020-10-10 16:36:18");
INSERT INTO gefaellt (profilnummer, beitragsnummer, zeit) VALUES (19, 3132, "2020-10-10 18:38:27");
INSERT INTO gefaellt (profilnummer, beitragsnummer, zeit) VALUES (19, 3923, "2020-10-10 10:39:05");
INSERT INTO gefaellt (profilnummer, beitragsnummer, zeit) VALUES (19, 4142, "2020-10-12 16:26:03");
INSERT INTO gefaellt (profilnummer, beitragsnummer, zeit) VALUES (19, 1248, "2020-10-09 18:14:44");
INSERT INTO gefaellt (profilnummer, beitragsnummer, zeit) VALUES (19, 4707, "2020-10-10 13:40:58");
INSERT INTO gefaellt (profilnummer, beitragsnummer, zeit) VALUES (19, 3382, "2020-10-14 09:11:51");
INSERT INTO gefaellt (profilnummer, beitragsnummer, zeit) VALUES (19, 3274, "2020-10-11 11:13:25");
INSERT INTO gefaellt (profilnummer, beitragsnummer, zeit) VALUES (19, 2580, "2020-10-11 09:09:09");
INSERT INTO gefaellt (profilnummer, beitragsnummer, zeit) VALUES (19, 4832, "2020-10-04 12:27:26");
INSERT INTO gefaellt (profilnummer, beitragsnummer, zeit) VALUES (19, 2356, "2020-10-06 14:20:14");
INSERT INTO gefaellt (profilnummer, beitragsnummer, zeit) VALUES (19, 4469, "2020-10-02 16:44:46");
INSERT INTO gefaellt (profilnummer, beitragsnummer, zeit) VALUES (19, 2714, "2020-10-11 11:29:00");
INSERT INTO gefaellt (profilnummer, beitragsnummer, zeit) VALUES (19, 2509, "2020-10-09 10:08:10");
INSERT INTO gefaellt (profilnummer, beitragsnummer, zeit) VALUES (19, 2406, "2020-10-04 15:12:39");
INSERT INTO gefaellt (profilnummer, beitragsnummer, zeit) VALUES (19, 2410, "2020-10-12 17:52:20");
INSERT INTO gefaellt (profilnummer, beitragsnummer, zeit) VALUES (19, 1479, "2020-10-13 18:32:53");
INSERT INTO gefaellt (profilnummer, beitragsnummer, zeit) VALUES (19, 3678, "2020-10-09 16:28:11");
INSERT INTO gefaellt (profilnummer, beitragsnummer, zeit) VALUES (19, 3899, "2020-10-13 09:27:18");
INSERT INTO gefaellt (profilnummer, beitragsnummer, zeit) VALUES (19, 4391, "2020-10-04 18:56:25");
INSERT INTO gefaellt (profilnummer, beitragsnummer, zeit) VALUES (19, 2043, "2020-10-07 09:05:47");
INSERT INTO gefaellt (profilnummer, beitragsnummer, zeit) VALUES (19, 2307, "2020-10-11 09:40:17");
INSERT INTO gefaellt (profilnummer, beitragsnummer, zeit) VALUES (19, 2143, "2020-10-13 14:08:50");
INSERT INTO gefaellt (profilnummer, beitragsnummer, zeit) VALUES (19, 2375, "2020-10-14 10:17:14");
INSERT INTO gefaellt (profilnummer, beitragsnummer, zeit) VALUES (19, 1983, "2020-10-10 18:53:39");
INSERT INTO gefaellt (profilnummer, beitragsnummer, zeit) VALUES (19, 2561, "2020-10-09 17:15:12");
INSERT INTO gefaellt (profilnummer, beitragsnummer, zeit) VALUES (19, 4151, "2020-10-08 14:38:23");
INSERT INTO gefaellt (profilnummer, beitragsnummer, zeit) VALUES (19, 2141, "2020-10-02 11:00:37");
INSERT INTO gefaellt (profilnummer, beitragsnummer, zeit) VALUES (19, 1350, "2020-10-04 12:21:20");
INSERT INTO gefaellt (profilnummer, beitragsnummer, zeit) VALUES (19, 4877, "2020-10-14 12:00:31");
INSERT INTO gefaellt (profilnummer, beitragsnummer, zeit) VALUES (19, 1291, "2020-10-06 15:14:31");
INSERT INTO gefaellt (profilnummer, beitragsnummer, zeit) VALUES (19, 2182, "2020-10-02 13:07:50");
INSERT INTO gefaellt (profilnummer, beitragsnummer, zeit) VALUES (19, 1208, "2020-10-01 15:18:02");
INSERT INTO gefaellt (profilnummer, beitragsnummer, zeit) VALUES (19, 1299, "2020-10-10 12:40:53");
INSERT INTO gefaellt (profilnummer, beitragsnummer, zeit) VALUES (19, 2621, "2020-10-12 14:53:31");
INSERT INTO gefaellt (profilnummer, beitragsnummer, zeit) VALUES (19, 3685, "2020-10-01 10:51:23");
INSERT INTO gefaellt (profilnummer, beitragsnummer, zeit) VALUES (19, 1623, "2020-10-09 12:36:28");
INSERT INTO gefaellt (profilnummer, beitragsnummer, zeit) VALUES (19, 1530, "2020-10-09 12:08:28");
INSERT INTO gefaellt (profilnummer, beitragsnummer, zeit) VALUES (19, 1313, "2020-10-05 12:19:45");
INSERT INTO gefaellt (profilnummer, beitragsnummer, zeit) VALUES (19, 4138, "2020-10-14 12:06:35");
INSERT INTO gefaellt (profilnummer, beitragsnummer, zeit) VALUES (19, 1622, "2020-10-04 16:16:46");
INSERT INTO gefaellt (profilnummer, beitragsnummer, zeit) VALUES (19, 4717, "2020-10-07 11:35:24");
INSERT INTO gefaellt (profilnummer, beitragsnummer, zeit) VALUES (19, 2065, "2020-10-04 14:05:31");
INSERT INTO gefaellt (profilnummer, beitragsnummer, zeit) VALUES (19, 1236, "2020-10-09 14:10:55");
INSERT INTO gefaellt (profilnummer, beitragsnummer, zeit) VALUES (19, 1201, "2020-10-03 11:42:43");
INSERT INTO gefaellt (profilnummer, beitragsnummer, zeit) VALUES (19, 3838, "2020-10-05 16:14:19");
INSERT INTO gefaellt (profilnummer, beitragsnummer, zeit) VALUES (19, 3282, "2020-10-10 17:06:00");
INSERT INTO gefaellt (profilnummer, beitragsnummer, zeit) VALUES (19, 2161, "2020-10-01 10:30:48");
INSERT INTO gefaellt (profilnummer, beitragsnummer, zeit) VALUES (19, 1780, "2020-10-07 18:40:01");
INSERT INTO gefaellt (profilnummer, beitragsnummer, zeit) VALUES (19, 4132, "2020-10-06 15:16:20");
INSERT INTO gefaellt (profilnummer, beitragsnummer, zeit) VALUES (19, 3390, "2020-10-07 17:18:37");
INSERT INTO gefaellt (profilnummer, beitragsnummer, zeit) VALUES (19, 3574, "2020-10-13 09:55:33");
INSERT INTO gefaellt (profilnummer, beitragsnummer, zeit) VALUES (19, 2190, "2020-10-13 12:28:47");
INSERT INTO gefaellt (profilnummer, beitragsnummer, zeit) VALUES (19, 2679, "2020-10-10 18:39:35");
INSERT INTO gefaellt (profilnummer, beitragsnummer, zeit) VALUES (19, 1676, "2020-10-13 11:34:42");
INSERT INTO gefaellt (profilnummer, beitragsnummer, zeit) VALUES (19, 4048, "2020-10-10 10:24:49");
INSERT INTO gefaellt (profilnummer, beitragsnummer, zeit) VALUES (19, 1591, "2020-10-05 18:04:14");
INSERT INTO gefaellt (profilnummer, beitragsnummer, zeit) VALUES (19, 1454, "2020-10-07 16:17:06");
INSERT INTO gefaellt (profilnummer, beitragsnummer, zeit) VALUES (19, 2067, "2020-10-01 18:04:40");
INSERT INTO gefaellt (profilnummer, beitragsnummer, zeit) VALUES (19, 4728, "2020-10-08 14:21:16");
INSERT INTO gefaellt (profilnummer, beitragsnummer, zeit) VALUES (19, 4319, "2020-10-06 14:49:11");
INSERT INTO gefaellt (profilnummer, beitragsnummer, zeit) VALUES (19, 1425, "2020-10-11 15:29:49");
INSERT INTO gefaellt (profilnummer, beitragsnummer, zeit) VALUES (19, 1982, "2020-10-04 15:34:58");
INSERT INTO gefaellt (profilnummer, beitragsnummer, zeit) VALUES (19, 1071, "2020-10-07 12:04:22");
INSERT INTO gefaellt (profilnummer, beitragsnummer, zeit) VALUES (19, 1871, "2020-10-01 11:42:17");
INSERT INTO gefaellt (profilnummer, beitragsnummer, zeit) VALUES (19, 3816, "2020-10-12 15:40:59");
INSERT INTO gefaellt (profilnummer, beitragsnummer, zeit) VALUES (19, 1881, "2020-10-03 10:41:06");
INSERT INTO gefaellt (profilnummer, beitragsnummer, zeit) VALUES (19, 1211, "2020-10-13 17:32:52");
INSERT INTO gefaellt (profilnummer, beitragsnummer, zeit) VALUES (19, 2773, "2020-10-04 12:30:57");
INSERT INTO gefaellt (profilnummer, beitragsnummer, zeit) VALUES (19, 2946, "2020-10-06 15:08:48");
INSERT INTO gefaellt (profilnummer, beitragsnummer, zeit) VALUES (19, 3965, "2020-10-08 14:28:10");
INSERT INTO gefaellt (profilnummer, beitragsnummer, zeit) VALUES (19, 2735, "2020-10-02 16:07:55");
INSERT INTO gefaellt (profilnummer, beitragsnummer, zeit) VALUES (19, 3042, "2020-10-08 17:09:02");
INSERT INTO gefaellt (profilnummer, beitragsnummer, zeit) VALUES (19, 4364, "2020-10-09 18:02:15");
INSERT INTO gefaellt (profilnummer, beitragsnummer, zeit) VALUES (19, 4957, "2020-10-03 15:30:33");
INSERT INTO gefaellt (profilnummer, beitragsnummer, zeit) VALUES (19, 3673, "2020-10-07 17:58:52");
INSERT INTO gefaellt (profilnummer, beitragsnummer, zeit) VALUES (19, 1864, "2020-10-02 16:44:22");
INSERT INTO gefaellt (profilnummer, beitragsnummer, zeit) VALUES (19, 3924, "2020-10-03 14:30:14");
INSERT INTO gefaellt (profilnummer, beitragsnummer, zeit) VALUES (19, 3231, "2020-10-04 12:17:39");
INSERT INTO gefaellt (profilnummer, beitragsnummer, zeit) VALUES (19, 4552, "2020-10-04 16:38:41");
INSERT INTO gefaellt (profilnummer, beitragsnummer, zeit) VALUES (19, 3416, "2020-10-11 18:26:52");
INSERT INTO gefaellt (profilnummer, beitragsnummer, zeit) VALUES (19, 4290, "2020-10-04 18:38:08");
INSERT INTO gefaellt (profilnummer, beitragsnummer, zeit) VALUES (19, 1949, "2020-10-10 14:02:42");
INSERT INTO gefaellt (profilnummer, beitragsnummer, zeit) VALUES (19, 4848, "2020-10-08 09:14:14");
INSERT INTO gefaellt (profilnummer, beitragsnummer, zeit) VALUES (19, 4198, "2020-10-05 13:29:51");
INSERT INTO gefaellt (profilnummer, beitragsnummer, zeit) VALUES (19, 4214, "2020-10-13 16:52:27");
INSERT INTO gefaellt (profilnummer, beitragsnummer, zeit) VALUES (19, 3134, "2020-10-06 09:08:39");
INSERT INTO gefaellt (profilnummer, beitragsnummer, zeit) VALUES (19, 1686, "2020-10-05 13:30:15");
INSERT INTO gefaellt (profilnummer, beitragsnummer, zeit) VALUES (19, 2164, "2020-10-07 17:22:34");
INSERT INTO gefaellt (profilnummer, beitragsnummer, zeit) VALUES (19, 4951, "2020-10-12 18:41:29");
INSERT INTO gefaellt (profilnummer, beitragsnummer, zeit) VALUES (19, 2455, "2020-10-09 14:40:19");
INSERT INTO gefaellt (profilnummer, beitragsnummer, zeit) VALUES (19, 2769, "2020-10-09 12:42:56");
INSERT INTO gefaellt (profilnummer, beitragsnummer, zeit) VALUES (19, 4603, "2020-10-05 12:29:54");
INSERT INTO gefaellt (profilnummer, beitragsnummer, zeit) VALUES (19, 1545, "2020-10-09 18:17:57");
INSERT INTO gefaellt (profilnummer, beitragsnummer, zeit) VALUES (19, 2173, "2020-10-02 09:45:25");
INSERT INTO gefaellt (profilnummer, beitragsnummer, zeit) VALUES (19, 4067, "2020-10-12 13:34:19");
INSERT INTO gefaellt (profilnummer, beitragsnummer, zeit) VALUES (19, 3423, "2020-10-09 13:35:31");
INSERT INTO gefaellt (profilnummer, beitragsnummer, zeit) VALUES (19, 2289, "2020-10-02 12:45:25");
INSERT INTO gefaellt (profilnummer, beitragsnummer, zeit) VALUES (19, 3424, "2020-10-07 09:36:31");
INSERT INTO gefaellt (profilnummer, beitragsnummer, zeit) VALUES (19, 3085, "2020-10-01 09:29:23");
INSERT INTO gefaellt (profilnummer, beitragsnummer, zeit) VALUES (19, 2603, "2020-10-06 13:59:35");
INSERT INTO gefaellt (profilnummer, beitragsnummer, zeit) VALUES (19, 2541, "2020-10-12 14:27:00");
INSERT INTO gefaellt (profilnummer, beitragsnummer, zeit) VALUES (19, 4671, "2020-10-09 16:18:06");
INSERT INTO gefaellt (profilnummer, beitragsnummer, zeit) VALUES (19, 4242, "2020-10-10 11:38:13");
INSERT INTO gefaellt (profilnummer, beitragsnummer, zeit) VALUES (19, 3351, "2020-10-09 14:23:54");
INSERT INTO gefaellt (profilnummer, beitragsnummer, zeit) VALUES (19, 4102, "2020-10-13 10:16:19");
INSERT INTO gefaellt (profilnummer, beitragsnummer, zeit) VALUES (14, 3838, "2020-10-14 09:32:23");
INSERT INTO gefaellt (profilnummer, beitragsnummer, zeit) VALUES (14, 3282, "2020-10-09 17:46:16");
INSERT INTO gefaellt (profilnummer, beitragsnummer, zeit) VALUES (14, 2161, "2020-10-08 18:52:26");
INSERT INTO gefaellt (profilnummer, beitragsnummer, zeit) VALUES (14, 1780, "2020-10-13 18:37:30");
INSERT INTO gefaellt (profilnummer, beitragsnummer, zeit) VALUES (14, 4132, "2020-10-04 13:20:41");
INSERT INTO gefaellt (profilnummer, beitragsnummer, zeit) VALUES (14, 3390, "2020-10-09 10:48:16");
INSERT INTO gefaellt (profilnummer, beitragsnummer, zeit) VALUES (14, 3574, "2020-10-01 17:51:00");
INSERT INTO gefaellt (profilnummer, beitragsnummer, zeit) VALUES (14, 2190, "2020-10-12 18:56:54");
INSERT INTO gefaellt (profilnummer, beitragsnummer, zeit) VALUES (14, 2679, "2020-10-11 14:39:22");
INSERT INTO gefaellt (profilnummer, beitragsnummer, zeit) VALUES (14, 1676, "2020-10-09 10:13:01");
INSERT INTO gefaellt (profilnummer, beitragsnummer, zeit) VALUES (14, 4048, "2020-10-02 10:50:17");
INSERT INTO gefaellt (profilnummer, beitragsnummer, zeit) VALUES (14, 1591, "2020-10-07 15:04:40");
INSERT INTO gefaellt (profilnummer, beitragsnummer, zeit) VALUES (14, 1454, "2020-10-09 09:41:02");
INSERT INTO gefaellt (profilnummer, beitragsnummer, zeit) VALUES (14, 2067, "2020-10-11 11:50:55");
INSERT INTO gefaellt (profilnummer, beitragsnummer, zeit) VALUES (14, 4728, "2020-10-02 11:35:26");
INSERT INTO gefaellt (profilnummer, beitragsnummer, zeit) VALUES (14, 4319, "2020-10-05 16:27:22");
INSERT INTO gefaellt (profilnummer, beitragsnummer, zeit) VALUES (14, 1425, "2020-10-05 16:17:27");
INSERT INTO gefaellt (profilnummer, beitragsnummer, zeit) VALUES (14, 1982, "2020-10-13 16:10:54");
INSERT INTO gefaellt (profilnummer, beitragsnummer, zeit) VALUES (14, 1071, "2020-10-14 13:20:29");
INSERT INTO gefaellt (profilnummer, beitragsnummer, zeit) VALUES (14, 1871, "2020-10-04 15:11:37");
INSERT INTO gefaellt (profilnummer, beitragsnummer, zeit) VALUES (14, 3816, "2020-10-11 10:23:44");
INSERT INTO gefaellt (profilnummer, beitragsnummer, zeit) VALUES (14, 1881, "2020-10-11 14:55:11");
INSERT INTO gefaellt (profilnummer, beitragsnummer, zeit) VALUES (14, 1211, "2020-10-09 14:19:42");
INSERT INTO gefaellt (profilnummer, beitragsnummer, zeit) VALUES (14, 2773, "2020-10-13 17:04:23");
INSERT INTO gefaellt (profilnummer, beitragsnummer, zeit) VALUES (14, 2946, "2020-10-07 18:52:58");
INSERT INTO gefaellt (profilnummer, beitragsnummer, zeit) VALUES (14, 3965, "2020-10-08 18:55:24");
INSERT INTO gefaellt (profilnummer, beitragsnummer, zeit) VALUES (14, 2735, "2020-10-04 15:13:50");
INSERT INTO gefaellt (profilnummer, beitragsnummer, zeit) VALUES (151, 3416, "2020-10-07 12:42:21");
INSERT INTO gefaellt (profilnummer, beitragsnummer, zeit) VALUES (151, 1208, "2020-10-01 12:49:19");
INSERT INTO gefaellt (profilnummer, beitragsnummer, zeit) VALUES (151, 1425, "2020-10-09 12:46:25");
INSERT INTO gefaellt (profilnummer, beitragsnummer, zeit) VALUES (151, 2621, "2020-10-14 12:45:52");
INSERT INTO gefaellt (profilnummer, beitragsnummer, zeit) VALUES (151, 2410, "2020-10-01 12:48:16");
INSERT INTO gefaellt (profilnummer, beitragsnummer, zeit) VALUES (151, 3685, "2020-10-06 12:39:52");
INSERT INTO gefaellt (profilnummer, beitragsnummer, zeit) VALUES (151, 4242, "2020-10-10 12:41:44");
INSERT INTO gefaellt (profilnummer, beitragsnummer, zeit) VALUES (151, 3424, "2020-10-10 12:26:39");
INSERT INTO gefaellt (profilnummer, beitragsnummer, zeit) VALUES (151, 3678, "2020-10-11 12:54:46");
INSERT INTO gefaellt (profilnummer, beitragsnummer, zeit) VALUES (151, 1881, "2020-10-06 12:48:11");
INSERT INTO gefaellt (profilnummer, beitragsnummer, zeit) VALUES (151, 3282, "2020-10-07 12:11:52");
INSERT INTO gefaellt (profilnummer, beitragsnummer, zeit) VALUES (151, 1071, "2020-10-01 12:34:15");
INSERT INTO gefaellt (profilnummer, beitragsnummer, zeit) VALUES (151, 3899, "2020-10-06 12:17:12");
INSERT INTO gefaellt (profilnummer, beitragsnummer, zeit) VALUES (151, 1871, "2020-10-07 12:01:08");
INSERT INTO gefaellt (profilnummer, beitragsnummer, zeit) VALUES (151, 4832, "2020-10-07 12:08:59");
INSERT INTO gefaellt (profilnummer, beitragsnummer, zeit) VALUES (151, 2067, "2020-10-03 12:30:45");
INSERT INTO gefaellt (profilnummer, beitragsnummer, zeit) VALUES (151, 2561, "2020-10-02 12:28:58");
INSERT INTO gefaellt (profilnummer, beitragsnummer, zeit) VALUES (151, 2182, "2020-10-02 12:25:13");
INSERT INTO gefaellt (profilnummer, beitragsnummer, zeit) VALUES (151, 1686, "2020-10-07 12:58:40");
INSERT INTO gefaellt (profilnummer, beitragsnummer, zeit) VALUES (151, 2190, "2020-10-08 12:13:51");
INSERT INTO gefaellt (profilnummer, beitragsnummer, zeit) VALUES (151, 3390, "2020-10-05 12:04:14");
INSERT INTO gefaellt (profilnummer, beitragsnummer, zeit) VALUES (151, 3132, "2020-10-07 12:16:33");
INSERT INTO gefaellt (profilnummer, beitragsnummer, zeit) VALUES (151, 3574, "2020-10-14 12:02:12");
INSERT INTO gefaellt (profilnummer, beitragsnummer, zeit) VALUES (151, 2580, "2020-10-04 12:02:40");
INSERT INTO gefaellt (profilnummer, beitragsnummer, zeit) VALUES (151, 2065, "2020-10-08 12:47:46");
INSERT INTO gefaellt (profilnummer, beitragsnummer, zeit) VALUES (151, 2603, "2020-10-08 12:44:28");
INSERT INTO gefaellt (profilnummer, beitragsnummer, zeit) VALUES (151, 4877, "2020-10-13 12:16:43");
INSERT INTO gefaellt (profilnummer, beitragsnummer, zeit) VALUES (151, 4469, "2020-10-13 12:00:17");
INSERT INTO gefaellt (profilnummer, beitragsnummer, zeit) VALUES (151, 4132, "2020-10-12 12:44:03");
INSERT INTO gefaellt (profilnummer, beitragsnummer, zeit) VALUES (151, 2375, "2020-10-07 12:45:26");
INSERT INTO gefaellt (profilnummer, beitragsnummer, zeit) VALUES (151, 3816, "2020-10-10 12:59:21");
INSERT INTO gefaellt (profilnummer, beitragsnummer, zeit) VALUES (151, 3965, "2020-10-01 12:39:16");
INSERT INTO gefaellt (profilnummer, beitragsnummer, zeit) VALUES (151, 1313, "2020-10-01 12:58:28");
INSERT INTO gefaellt (profilnummer, beitragsnummer, zeit) VALUES (151, 2406, "2020-10-09 12:37:24");
INSERT INTO gefaellt (profilnummer, beitragsnummer, zeit) VALUES (151, 3923, "2020-10-09 12:48:30");
INSERT INTO gefaellt (profilnummer, beitragsnummer, zeit) VALUES (151, 2714, "2020-10-04 12:33:01");
INSERT INTO gefaellt (profilnummer, beitragsnummer, zeit) VALUES (151, 2946, "2020-10-09 12:37:49");
INSERT INTO gefaellt (profilnummer, beitragsnummer, zeit) VALUES (151, 2173, "2020-10-11 12:29:40");
INSERT INTO gefaellt (profilnummer, beitragsnummer, zeit) VALUES (151, 4290, "2020-10-09 12:45:05");
INSERT INTO gefaellt (profilnummer, beitragsnummer, zeit) VALUES (151, 4151, "2020-10-04 12:50:32");
INSERT INTO gefaellt (profilnummer, beitragsnummer, zeit) VALUES (151, 3085, "2020-10-13 12:49:40");
INSERT INTO gefaellt (profilnummer, beitragsnummer, zeit) VALUES (151, 2043, "2020-10-06 12:06:52");
INSERT INTO gefaellt (profilnummer, beitragsnummer, zeit) VALUES (151, 4067, "2020-10-12 12:27:30");
INSERT INTO gefaellt (profilnummer, beitragsnummer, zeit) VALUES (151, 3924, "2020-10-01 12:49:38");
INSERT INTO gefaellt (profilnummer, beitragsnummer, zeit) VALUES (151, 2712, "2020-10-06 12:35:40");
INSERT INTO gefaellt (profilnummer, beitragsnummer, zeit) VALUES (151, 4319, "2020-10-11 12:44:05");
INSERT INTO gefaellt (profilnummer, beitragsnummer, zeit) VALUES (151, 2769, "2020-10-08 12:36:34");
INSERT INTO gefaellt (profilnummer, beitragsnummer, zeit) VALUES (151, 1211, "2020-10-11 12:59:25");
INSERT INTO gefaellt (profilnummer, beitragsnummer, zeit) VALUES (151, 2267, "2020-10-09 12:38:59");
INSERT INTO gefaellt (profilnummer, beitragsnummer, zeit) VALUES (151, 1350, "2020-10-11 12:49:00");
INSERT INTO gefaellt (profilnummer, beitragsnummer, zeit) VALUES (151, 4848, "2020-10-02 12:36:50");
INSERT INTO gefaellt (profilnummer, beitragsnummer, zeit) VALUES (151, 1299, "2020-10-04 12:30:55");
INSERT INTO gefaellt (profilnummer, beitragsnummer, zeit) VALUES (151, 1983, "2020-10-13 12:54:39");
INSERT INTO gefaellt (profilnummer, beitragsnummer, zeit) VALUES (151, 1982, "2020-10-05 12:50:29");
INSERT INTO gefaellt (profilnummer, beitragsnummer, zeit) VALUES (151, 2307, "2020-10-12 12:21:21");
INSERT INTO gefaellt (profilnummer, beitragsnummer, zeit) VALUES (151, 2159, "2020-10-11 12:30:10");
INSERT INTO gefaellt (profilnummer, beitragsnummer, zeit) VALUES (151, 2143, "2020-10-07 12:45:10");
INSERT INTO gefaellt (profilnummer, beitragsnummer, zeit) VALUES (151, 4728, "2020-10-10 12:20:38");
INSERT INTO gefaellt (profilnummer, beitragsnummer, zeit) VALUES (151, 4569, "2020-10-03 12:39:34");
INSERT INTO gefaellt (profilnummer, beitragsnummer, zeit) VALUES (151, 1565, "2020-10-07 12:49:27");
INSERT INTO gefaellt (profilnummer, beitragsnummer, zeit) VALUES (151, 2773, "2020-10-01 12:35:14");
INSERT INTO gefaellt (profilnummer, beitragsnummer, zeit) VALUES (151, 3134, "2020-10-01 12:23:43");
INSERT INTO gefaellt (profilnummer, beitragsnummer, zeit) VALUES (151, 4142, "2020-10-04 12:54:42");
INSERT INTO gefaellt (profilnummer, beitragsnummer, zeit) VALUES (151, 1479, "2020-10-08 12:50:24");
INSERT INTO gefaellt (profilnummer, beitragsnummer, zeit) VALUES (151, 3423, "2020-10-08 12:03:10");
INSERT INTO gefaellt (profilnummer, beitragsnummer, zeit) VALUES (151, 1676, "2020-10-02 12:25:13");
INSERT INTO gefaellt (profilnummer, beitragsnummer, zeit) VALUES (151, 3042, "2020-10-10 12:13:14");
INSERT INTO gefaellt (profilnummer, beitragsnummer, zeit) VALUES (151, 2318, "2020-10-04 12:54:10");
INSERT INTO gefaellt (profilnummer, beitragsnummer, zeit) VALUES (151, 1591, "2020-10-07 12:10:13");
INSERT INTO gefaellt (profilnummer, beitragsnummer, zeit) VALUES (151, 1454, "2020-10-03 12:06:36");
INSERT INTO gefaellt (profilnummer, beitragsnummer, zeit) VALUES (151, 3351, "2020-10-11 12:24:43");
INSERT INTO gefaellt (profilnummer, beitragsnummer, zeit) VALUES (151, 1780, "2020-10-08 12:47:00");
INSERT INTO gefaellt (profilnummer, beitragsnummer, zeit) VALUES (151, 1236, "2020-10-08 12:41:09");
INSERT INTO gefaellt (profilnummer, beitragsnummer, zeit) VALUES (151, 4138, "2020-10-06 12:59:20");
INSERT INTO gefaellt (profilnummer, beitragsnummer, zeit) VALUES (151, 3673, "2020-10-09 12:30:05");
INSERT INTO gefaellt (profilnummer, beitragsnummer, zeit) VALUES (151, 4951, "2020-10-02 12:47:54");
INSERT INTO gefaellt (profilnummer, beitragsnummer, zeit) VALUES (151, 3231, "2020-10-09 12:02:53");
INSERT INTO gefaellt (profilnummer, beitragsnummer, zeit) VALUES (151, 2455, "2020-10-12 12:44:31");
INSERT INTO gefaellt (profilnummer, beitragsnummer, zeit) VALUES (151, 1429, "2020-10-11 12:05:22");
INSERT INTO gefaellt (profilnummer, beitragsnummer, zeit) VALUES (151, 2289, "2020-10-06 12:51:56");
INSERT INTO gefaellt (profilnummer, beitragsnummer, zeit) VALUES (76, 3424, "2020-10-07 07:53:20");
INSERT INTO gefaellt (profilnummer, beitragsnummer, zeit) VALUES (76, 3351, "2020-10-08 07:35:33");
INSERT INTO gefaellt (profilnummer, beitragsnummer, zeit) VALUES (76, 4957, "2020-10-05 08:38:34");
INSERT INTO gefaellt (profilnummer, beitragsnummer, zeit) VALUES (76, 2735, "2020-10-13 07:44:06");
INSERT INTO gefaellt (profilnummer, beitragsnummer, zeit) VALUES (76, 4067, "2020-10-05 18:34:54");
INSERT INTO gefaellt (profilnummer, beitragsnummer, zeit) VALUES (76, 2318, "2020-10-01 18:20:51");
INSERT INTO gefaellt (profilnummer, beitragsnummer, zeit) VALUES (76, 4552, "2020-10-13 07:44:20");
INSERT INTO gefaellt (profilnummer, beitragsnummer, zeit) VALUES (76, 4569, "2020-10-12 08:43:12");
INSERT INTO gefaellt (profilnummer, beitragsnummer, zeit) VALUES (76, 2043, "2020-10-11 08:37:41");
INSERT INTO gefaellt (profilnummer, beitragsnummer, zeit) VALUES (76, 1425, "2020-10-07 07:03:09");
INSERT INTO gefaellt (profilnummer, beitragsnummer, zeit) VALUES (76, 4832, "2020-10-09 08:30:39");
INSERT INTO gefaellt (profilnummer, beitragsnummer, zeit) VALUES (76, 1780, "2020-10-12 17:38:51");
INSERT INTO gefaellt (profilnummer, beitragsnummer, zeit) VALUES (76, 1676, "2020-10-05 08:16:14");
INSERT INTO gefaellt (profilnummer, beitragsnummer, zeit) VALUES (76, 2769, "2020-10-04 17:26:38");
INSERT INTO gefaellt (profilnummer, beitragsnummer, zeit) VALUES (76, 3282, "2020-10-05 07:08:02");
INSERT INTO gefaellt (profilnummer, beitragsnummer, zeit) VALUES (76, 1201, "2020-10-01 18:58:54");
INSERT INTO gefaellt (profilnummer, beitragsnummer, zeit) VALUES (76, 1881, "2020-10-04 07:40:24");
INSERT INTO gefaellt (profilnummer, beitragsnummer, zeit) VALUES (76, 4132, "2020-10-07 18:12:08");
INSERT INTO gefaellt (profilnummer, beitragsnummer, zeit) VALUES (76, 4151, "2020-10-04 18:19:53");
INSERT INTO gefaellt (profilnummer, beitragsnummer, zeit) VALUES (76, 3416, "2020-10-13 18:35:10");
INSERT INTO gefaellt (profilnummer, beitragsnummer, zeit) VALUES (76, 2603, "2020-10-06 07:55:02");
INSERT INTO gefaellt (profilnummer, beitragsnummer, zeit) VALUES (76, 2406, "2020-10-14 08:17:34");
INSERT INTO gefaellt (profilnummer, beitragsnummer, zeit) VALUES (76, 2773, "2020-10-01 17:07:58");
INSERT INTO gefaellt (profilnummer, beitragsnummer, zeit) VALUES (76, 1454, "2020-10-13 08:21:25");
INSERT INTO gefaellt (profilnummer, beitragsnummer, zeit) VALUES (76, 1545, "2020-10-03 18:39:27");
INSERT INTO gefaellt (profilnummer, beitragsnummer, zeit) VALUES (76, 2410, "2020-10-05 08:20:16");
INSERT INTO gefaellt (profilnummer, beitragsnummer, zeit) VALUES (76, 2161, "2020-10-06 18:46:20");
INSERT INTO gefaellt (profilnummer, beitragsnummer, zeit) VALUES (76, 2164, "2020-10-05 08:05:20");
INSERT INTO gefaellt (profilnummer, beitragsnummer, zeit) VALUES (76, 3423, "2020-10-07 08:30:51");
INSERT INTO gefaellt (profilnummer, beitragsnummer, zeit) VALUES (76, 2173, "2020-10-03 08:37:22");
INSERT INTO gefaellt (profilnummer, beitragsnummer, zeit) VALUES (76, 4142, "2020-10-04 07:34:10");
INSERT INTO gefaellt (profilnummer, beitragsnummer, zeit) VALUES (76, 3965, "2020-10-06 17:18:27");
INSERT INTO gefaellt (profilnummer, beitragsnummer, zeit) VALUES (76, 2141, "2020-10-01 18:45:08");
INSERT INTO gefaellt (profilnummer, beitragsnummer, zeit) VALUES (76, 1871, "2020-10-05 07:57:42");
INSERT INTO gefaellt (profilnummer, beitragsnummer, zeit) VALUES (76, 2580, "2020-10-09 07:36:23");
INSERT INTO gefaellt (profilnummer, beitragsnummer, zeit) VALUES (76, 1299, "2020-10-11 08:04:02");
INSERT INTO gefaellt (profilnummer, beitragsnummer, zeit) VALUES (76, 3816, "2020-10-05 18:52:19");
INSERT INTO gefaellt (profilnummer, beitragsnummer, zeit) VALUES (76, 2159, "2020-10-07 17:34:45");
INSERT INTO gefaellt (profilnummer, beitragsnummer, zeit) VALUES (76, 1622, "2020-10-04 17:32:55");
INSERT INTO gefaellt (profilnummer, beitragsnummer, zeit) VALUES (76, 2065, "2020-10-13 17:59:00");
INSERT INTO gefaellt (profilnummer, beitragsnummer, zeit) VALUES (76, 1313, "2020-10-01 18:35:24");
INSERT INTO gefaellt (profilnummer, beitragsnummer, zeit) VALUES (76, 1236, "2020-10-06 17:38:07");
INSERT INTO gefaellt (profilnummer, beitragsnummer, zeit) VALUES (76, 3678, "2020-10-06 18:31:14");
INSERT INTO gefaellt (profilnummer, beitragsnummer, zeit) VALUES (76, 1530, "2020-10-06 18:14:59");
INSERT INTO gefaellt (profilnummer, beitragsnummer, zeit) VALUES (76, 1949, "2020-10-06 18:41:21");
INSERT INTO gefaellt (profilnummer, beitragsnummer, zeit) VALUES (76, 1983, "2020-10-10 17:37:32");
INSERT INTO gefaellt (profilnummer, beitragsnummer, zeit) VALUES (76, 2561, "2020-10-09 17:17:57");
INSERT INTO gefaellt (profilnummer, beitragsnummer, zeit) VALUES (76, 2946, "2020-10-12 07:13:47");
INSERT INTO gefaellt (profilnummer, beitragsnummer, zeit) VALUES (76, 4242, "2020-10-05 18:57:29");
INSERT INTO gefaellt (profilnummer, beitragsnummer, zeit) VALUES (76, 2455, "2020-10-01 18:21:23");
INSERT INTO gefaellt (profilnummer, beitragsnummer, zeit) VALUES (76, 1248, "2020-10-01 17:44:46");
INSERT INTO gefaellt (profilnummer, beitragsnummer, zeit) VALUES (76, 3134, "2020-10-02 08:36:51");
INSERT INTO gefaellt (profilnummer, beitragsnummer, zeit) VALUES (76, 1591, "2020-10-04 07:07:04");
INSERT INTO gefaellt (profilnummer, beitragsnummer, zeit) VALUES (76, 3132, "2020-10-04 07:13:10");
INSERT INTO gefaellt (profilnummer, beitragsnummer, zeit) VALUES (76, 3685, "2020-10-13 08:38:50");
INSERT INTO gefaellt (profilnummer, beitragsnummer, zeit) VALUES (76, 4852, "2020-10-06 07:04:14");
INSERT INTO gefaellt (profilnummer, beitragsnummer, zeit) VALUES (76, 1623, "2020-10-03 07:49:05");
INSERT INTO gefaellt (profilnummer, beitragsnummer, zeit) VALUES (76, 3390, "2020-10-13 17:36:44");
INSERT INTO gefaellt (profilnummer, beitragsnummer, zeit) VALUES (76, 2541, "2020-10-10 18:19:52");
INSERT INTO gefaellt (profilnummer, beitragsnummer, zeit) VALUES (76, 3924, "2020-10-04 18:57:11");
INSERT INTO gefaellt (profilnummer, beitragsnummer, zeit) VALUES (76, 3231, "2020-10-07 07:33:18");
INSERT INTO gefaellt (profilnummer, beitragsnummer, zeit) VALUES (76, 4290, "2020-10-04 08:13:52");
INSERT INTO gefaellt (profilnummer, beitragsnummer, zeit) VALUES (76, 2267, "2020-10-12 17:38:59");
INSERT INTO gefaellt (profilnummer, beitragsnummer, zeit) VALUES (76, 4728, "2020-10-06 18:18:15");
INSERT INTO gefaellt (profilnummer, beitragsnummer, zeit) VALUES (41, 2318, "2020-10-12 19:03:24");
INSERT INTO gefaellt (profilnummer, beitragsnummer, zeit) VALUES (41, 2141, "2020-10-14 13:02:14");
INSERT INTO gefaellt (profilnummer, beitragsnummer, zeit) VALUES (41, 4198, "2020-10-10 19:03:18");
INSERT INTO gefaellt (profilnummer, beitragsnummer, zeit) VALUES (41, 1313, "2020-10-10 15:02:44");
INSERT INTO gefaellt (profilnummer, beitragsnummer, zeit) VALUES (41, 4391, "2020-10-10 16:00:41");
INSERT INTO gefaellt (profilnummer, beitragsnummer, zeit) VALUES (41, 3899, "2020-10-03 14:02:00");
INSERT INTO gefaellt (profilnummer, beitragsnummer, zeit) VALUES (41, 4242, "2020-10-08 16:02:13");
INSERT INTO gefaellt (profilnummer, beitragsnummer, zeit) VALUES (41, 2182, "2020-10-03 13:02:14");
INSERT INTO gefaellt (profilnummer, beitragsnummer, zeit) VALUES (41, 3424, "2020-10-02 16:03:32");
INSERT INTO gefaellt (profilnummer, beitragsnummer, zeit) VALUES (41, 1871, "2020-10-10 13:00:50");
INSERT INTO gefaellt (profilnummer, beitragsnummer, zeit) VALUES (41, 2164, "2020-10-11 16:04:16");
INSERT INTO gefaellt (profilnummer, beitragsnummer, zeit) VALUES (41, 4951, "2020-10-04 14:01:44");
INSERT INTO gefaellt (profilnummer, beitragsnummer, zeit) VALUES (41, 4319, "2020-10-01 16:02:20");
INSERT INTO gefaellt (profilnummer, beitragsnummer, zeit) VALUES (41, 2190, "2020-10-08 14:04:59");
INSERT INTO gefaellt (profilnummer, beitragsnummer, zeit) VALUES (41, 2289, "2020-10-05 14:02:57");
INSERT INTO gefaellt (profilnummer, beitragsnummer, zeit) VALUES (41, 2509, "2020-10-05 18:01:21");
INSERT INTO gefaellt (profilnummer, beitragsnummer, zeit) VALUES (41, 1211, "2020-10-13 18:01:08");
INSERT INTO gefaellt (profilnummer, beitragsnummer, zeit) VALUES (41, 2307, "2020-10-06 17:01:42");
INSERT INTO gefaellt (profilnummer, beitragsnummer, zeit) VALUES (41, 1622, "2020-10-10 13:00:02");
INSERT INTO gefaellt (profilnummer, beitragsnummer, zeit) VALUES (41, 1591, "2020-10-10 16:00:06");
INSERT INTO gefaellt (profilnummer, beitragsnummer, zeit) VALUES (41, 1864, "2020-10-08 14:02:02");
INSERT INTO gefaellt (profilnummer, beitragsnummer, zeit) VALUES (41, 2267, "2020-10-11 14:01:16");
INSERT INTO gefaellt (profilnummer, beitragsnummer, zeit) VALUES (41, 4151, "2020-10-03 17:00:47");
INSERT INTO gefaellt (profilnummer, beitragsnummer, zeit) VALUES (41, 4852, "2020-10-03 16:01:09");
INSERT INTO gefaellt (profilnummer, beitragsnummer, zeit) VALUES (41, 2541, "2020-10-02 19:01:31");
INSERT INTO gefaellt (profilnummer, beitragsnummer, zeit) VALUES (41, 4142, "2020-10-06 15:01:18");
INSERT INTO gefaellt (profilnummer, beitragsnummer, zeit) VALUES (41, 3382, "2020-10-05 19:00:00");
INSERT INTO gefaellt (profilnummer, beitragsnummer, zeit) VALUES (41, 3673, "2020-10-06 13:00:01");
INSERT INTO gefaellt (profilnummer, beitragsnummer, zeit) VALUES (41, 2561, "2020-10-03 15:01:26");
INSERT INTO gefaellt (profilnummer, beitragsnummer, zeit) VALUES (41, 2065, "2020-10-12 13:04:15");
INSERT INTO gefaellt (profilnummer, beitragsnummer, zeit) VALUES (41, 2043, "2020-10-07 13:00:21");
INSERT INTO gefaellt (profilnummer, beitragsnummer, zeit) VALUES (41, 2580, "2020-10-08 16:02:09");
INSERT INTO gefaellt (profilnummer, beitragsnummer, zeit) VALUES (41, 1236, "2020-10-12 16:02:45");
INSERT INTO gefaellt (profilnummer, beitragsnummer, zeit) VALUES (41, 1454, "2020-10-08 19:00:21");
INSERT INTO gefaellt (profilnummer, beitragsnummer, zeit) VALUES (41, 4671, "2020-10-11 13:00:32");
INSERT INTO gefaellt (profilnummer, beitragsnummer, zeit) VALUES (41, 2621, "2020-10-08 15:00:01");
INSERT INTO gefaellt (profilnummer, beitragsnummer, zeit) VALUES (41, 3134, "2020-10-01 19:04:10");
INSERT INTO gefaellt (profilnummer, beitragsnummer, zeit) VALUES (41, 1982, "2020-10-04 16:01:56");
INSERT INTO gefaellt (profilnummer, beitragsnummer, zeit) VALUES (41, 3416, "2020-10-12 19:02:06");
INSERT INTO gefaellt (profilnummer, beitragsnummer, zeit) VALUES (41, 1545, "2020-10-01 17:01:34");
INSERT INTO gefaellt (profilnummer, beitragsnummer, zeit) VALUES (41, 4290, "2020-10-06 18:02:10");
INSERT INTO gefaellt (profilnummer, beitragsnummer, zeit) VALUES (41, 2714, "2020-10-11 19:01:01");
INSERT INTO gefaellt (profilnummer, beitragsnummer, zeit) VALUES (41, 1350, "2020-10-13 18:04:45");
INSERT INTO gefaellt (profilnummer, beitragsnummer, zeit) VALUES (41, 1983, "2020-10-09 15:01:37");
INSERT INTO gefaellt (profilnummer, beitragsnummer, zeit) VALUES (41, 1780, "2020-10-10 16:04:11");
INSERT INTO gefaellt (profilnummer, beitragsnummer, zeit) VALUES (41, 3924, "2020-10-07 19:04:05");
INSERT INTO gefaellt (profilnummer, beitragsnummer, zeit) VALUES (41, 4048, "2020-10-10 14:03:48");
INSERT INTO gefaellt (profilnummer, beitragsnummer, zeit) VALUES (41, 4067, "2020-10-05 18:02:30");
INSERT INTO gefaellt (profilnummer, beitragsnummer, zeit) VALUES (41, 1676, "2020-10-13 16:04:24");
INSERT INTO gefaellt (profilnummer, beitragsnummer, zeit) VALUES (41, 1291, "2020-10-03 13:04:05");
INSERT INTO gefaellt (profilnummer, beitragsnummer, zeit) VALUES (41, 3816, "2020-10-01 18:00:29");
INSERT INTO gefaellt (profilnummer, beitragsnummer, zeit) VALUES (41, 4132, "2020-10-11 13:00:03");
INSERT INTO gefaellt (profilnummer, beitragsnummer, zeit) VALUES (41, 3274, "2020-10-01 14:01:17");
INSERT INTO gefaellt (profilnummer, beitragsnummer, zeit) VALUES (41, 1299, "2020-10-11 18:03:17");
INSERT INTO gefaellt (profilnummer, beitragsnummer, zeit) VALUES (41, 4469, "2020-10-07 16:04:52");
INSERT INTO gefaellt (profilnummer, beitragsnummer, zeit) VALUES (41, 4552, "2020-10-10 14:03:58");
INSERT INTO gefaellt (profilnummer, beitragsnummer, zeit) VALUES (41, 2735, "2020-10-03 15:04:47");
INSERT INTO gefaellt (profilnummer, beitragsnummer, zeit) VALUES (41, 4214, "2020-10-08 13:02:13");
INSERT INTO gefaellt (profilnummer, beitragsnummer, zeit) VALUES (41, 3132, "2020-10-11 15:00:10");
INSERT INTO gefaellt (profilnummer, beitragsnummer, zeit) VALUES (41, 1623, "2020-10-13 19:02:36");
INSERT INTO gefaellt (profilnummer, beitragsnummer, zeit) VALUES (41, 3838, "2020-10-06 14:01:49");
INSERT INTO gefaellt (profilnummer, beitragsnummer, zeit) VALUES (41, 2159, "2020-10-07 14:04:39");
INSERT INTO gefaellt (profilnummer, beitragsnummer, zeit) VALUES (41, 2769, "2020-10-03 15:02:45");
INSERT INTO gefaellt (profilnummer, beitragsnummer, zeit) VALUES (41, 1208, "2020-10-01 15:00:05");
INSERT INTO gefaellt (profilnummer, beitragsnummer, zeit) VALUES (113, 4151, "2020-10-10 23:04:55");
INSERT INTO gefaellt (profilnummer, beitragsnummer, zeit) VALUES (113, 2164, "2020-10-04 23:00:23");
INSERT INTO gefaellt (profilnummer, beitragsnummer, zeit) VALUES (113, 3816, "2020-10-07 23:03:35");
INSERT INTO gefaellt (profilnummer, beitragsnummer, zeit) VALUES (113, 2143, "2020-10-07 20:00:09");
INSERT INTO gefaellt (profilnummer, beitragsnummer, zeit) VALUES (113, 2455, "2020-10-01 19:03:18");
INSERT INTO gefaellt (profilnummer, beitragsnummer, zeit) VALUES (113, 2561, "2020-10-06 22:01:56");
INSERT INTO gefaellt (profilnummer, beitragsnummer, zeit) VALUES (113, 2159, "2020-10-01 23:02:35");
INSERT INTO gefaellt (profilnummer, beitragsnummer, zeit) VALUES (113, 1201, "2020-10-08 22:01:26");
INSERT INTO gefaellt (profilnummer, beitragsnummer, zeit) VALUES (113, 4067, "2020-10-13 19:02:38");
INSERT INTO gefaellt (profilnummer, beitragsnummer, zeit) VALUES (113, 4877, "2020-10-08 22:04:44");
INSERT INTO gefaellt (profilnummer, beitragsnummer, zeit) VALUES (113, 3132, "2020-10-11 19:04:46");
INSERT INTO gefaellt (profilnummer, beitragsnummer, zeit) VALUES (113, 1871, "2020-10-06 20:04:17");
INSERT INTO gefaellt (profilnummer, beitragsnummer, zeit) VALUES (113, 2267, "2020-10-07 23:00:37");
INSERT INTO gefaellt (profilnummer, beitragsnummer, zeit) VALUES (113, 2603, "2020-10-06 23:01:07");
INSERT INTO gefaellt (profilnummer, beitragsnummer, zeit) VALUES (113, 4214, "2020-10-08 20:03:47");
INSERT INTO gefaellt (profilnummer, beitragsnummer, zeit) VALUES (113, 3423, "2020-10-13 22:01:16");
INSERT INTO gefaellt (profilnummer, beitragsnummer, zeit) VALUES (113, 1676, "2020-10-12 19:00:10");
INSERT INTO gefaellt (profilnummer, beitragsnummer, zeit) VALUES (113, 4671, "2020-10-03 21:00:59");
INSERT INTO gefaellt (profilnummer, beitragsnummer, zeit) VALUES (113, 2182, "2020-10-12 20:00:08");
INSERT INTO gefaellt (profilnummer, beitragsnummer, zeit) VALUES (113, 4132, "2020-10-04 23:00:12");
INSERT INTO gefaellt (profilnummer, beitragsnummer, zeit) VALUES (113, 3923, "2020-10-06 19:02:26");
INSERT INTO gefaellt (profilnummer, beitragsnummer, zeit) VALUES (113, 2406, "2020-10-03 21:01:15");
INSERT INTO gefaellt (profilnummer, beitragsnummer, zeit) VALUES (113, 4290, "2020-10-13 23:01:31");
INSERT INTO gefaellt (profilnummer, beitragsnummer, zeit) VALUES (113, 3390, "2020-10-05 21:01:57");
INSERT INTO gefaellt (profilnummer, beitragsnummer, zeit) VALUES (113, 2043, "2020-10-02 21:02:59");
INSERT INTO gefaellt (profilnummer, beitragsnummer, zeit) VALUES (113, 3924, "2020-10-07 21:01:24");
INSERT INTO gefaellt (profilnummer, beitragsnummer, zeit) VALUES (113, 4102, "2020-10-08 23:00:27");
INSERT INTO gefaellt (profilnummer, beitragsnummer, zeit) VALUES (113, 4852, "2020-10-09 22:04:41");
INSERT INTO gefaellt (profilnummer, beitragsnummer, zeit) VALUES (113, 1565, "2020-10-04 19:02:57");
INSERT INTO gefaellt (profilnummer, beitragsnummer, zeit) VALUES (113, 1425, "2020-10-08 23:01:52");
INSERT INTO gefaellt (profilnummer, beitragsnummer, zeit) VALUES (113, 4552, "2020-10-13 22:03:09");
INSERT INTO gefaellt (profilnummer, beitragsnummer, zeit) VALUES (113, 4728, "2020-10-04 23:02:49");
INSERT INTO gefaellt (profilnummer, beitragsnummer, zeit) VALUES (113, 1982, "2020-10-12 19:04:28");
INSERT INTO gefaellt (profilnummer, beitragsnummer, zeit) VALUES (113, 1530, "2020-10-01 22:00:50");
INSERT INTO gefaellt (profilnummer, beitragsnummer, zeit) VALUES (113, 3838, "2020-10-02 23:01:24");
INSERT INTO gefaellt (profilnummer, beitragsnummer, zeit) VALUES (113, 1313, "2020-10-04 23:04:02");
INSERT INTO gefaellt (profilnummer, beitragsnummer, zeit) VALUES (113, 1429, "2020-10-09 19:03:07");
INSERT INTO gefaellt (profilnummer, beitragsnummer, zeit) VALUES (113, 2307, "2020-10-04 23:01:11");
INSERT INTO gefaellt (profilnummer, beitragsnummer, zeit) VALUES (113, 1686, "2020-10-13 19:04:01");
INSERT INTO gefaellt (profilnummer, beitragsnummer, zeit) VALUES (113, 1454, "2020-10-04 23:01:36");
INSERT INTO gefaellt (profilnummer, beitragsnummer, zeit) VALUES (113, 2714, "2020-10-13 22:04:51");
INSERT INTO gefaellt (profilnummer, beitragsnummer, zeit) VALUES (113, 4569, "2020-10-04 21:03:06");
INSERT INTO gefaellt (profilnummer, beitragsnummer, zeit) VALUES (113, 3965, "2020-10-10 23:00:40");
INSERT INTO gefaellt (profilnummer, beitragsnummer, zeit) VALUES (113, 1291, "2020-10-02 23:00:38");
INSERT INTO gefaellt (profilnummer, beitragsnummer, zeit) VALUES (113, 2541, "2020-10-13 22:03:02");
INSERT INTO gefaellt (profilnummer, beitragsnummer, zeit) VALUES (113, 4832, "2020-10-12 20:04:10");
INSERT INTO gefaellt (profilnummer, beitragsnummer, zeit) VALUES (113, 4717, "2020-10-07 21:04:14");
INSERT INTO gefaellt (profilnummer, beitragsnummer, zeit) VALUES (113, 3424, "2020-10-04 23:03:57");
INSERT INTO gefaellt (profilnummer, beitragsnummer, zeit) VALUES (70, 1686, "2020-10-08 02:21:32");
INSERT INTO gefaellt (profilnummer, beitragsnummer, zeit) VALUES (70, 2164, "2020-10-08 02:21:33");
INSERT INTO gefaellt (profilnummer, beitragsnummer, zeit) VALUES (70, 4951, "2020-10-08 02:21:34");
INSERT INTO gefaellt (profilnummer, beitragsnummer, zeit) VALUES (70, 2455, "2020-10-08 02:21:35");
INSERT INTO gefaellt (profilnummer, beitragsnummer, zeit) VALUES (70, 2769, "2020-10-08 02:21:36");
INSERT INTO gefaellt (profilnummer, beitragsnummer, zeit) VALUES (70, 4603, "2020-10-08 02:21:37");
INSERT INTO gefaellt (profilnummer, beitragsnummer, zeit) VALUES (70, 1545, "2020-10-08 02:21:38");
INSERT INTO gefaellt (profilnummer, beitragsnummer, zeit) VALUES (70, 2173, "2020-10-08 02:21:39");
INSERT INTO gefaellt (profilnummer, beitragsnummer, zeit) VALUES (70, 4067, "2020-10-08 02:21:40");
INSERT INTO gefaellt (profilnummer, beitragsnummer, zeit) VALUES (70, 3423, "2020-10-08 02:21:41");
INSERT INTO gefaellt (profilnummer, beitragsnummer, zeit) VALUES (70, 2043, "2020-10-05 02:32:21");
INSERT INTO gefaellt (profilnummer, beitragsnummer, zeit) VALUES (70, 2307, "2020-10-05 02:32:22");
INSERT INTO gefaellt (profilnummer, beitragsnummer, zeit) VALUES (70, 2143, "2020-10-05 02:32:23");
INSERT INTO gefaellt (profilnummer, beitragsnummer, zeit) VALUES (70, 2375, "2020-10-05 02:32:24");
INSERT INTO gefaellt (profilnummer, beitragsnummer, zeit) VALUES (70, 1983, "2020-10-05 02:32:25");
INSERT INTO gefaellt (profilnummer, beitragsnummer, zeit) VALUES (70, 2561, "2020-10-05 02:32:26");
INSERT INTO gefaellt (profilnummer, beitragsnummer, zeit) VALUES (70, 4151, "2020-10-05 02:32:27");
INSERT INTO gefaellt (profilnummer, beitragsnummer, zeit) VALUES (70, 2141, "2020-10-05 02:32:28");
INSERT INTO gefaellt (profilnummer, beitragsnummer, zeit) VALUES (70, 1350, "2020-10-05 02:32:29");
INSERT INTO gefaellt (profilnummer, beitragsnummer, zeit) VALUES (70, 4877, "2020-10-05 02:32:30");
INSERT INTO gefaellt (profilnummer, beitragsnummer, zeit) VALUES (70, 1291, "2020-10-05 02:32:31");
INSERT INTO gefaellt (profilnummer, beitragsnummer, zeit) VALUES (70, 2182, "2020-10-05 02:32:32");
INSERT INTO gefaellt (profilnummer, beitragsnummer, zeit) VALUES (70, 1208, "2020-10-05 02:32:33");
INSERT INTO gefaellt (profilnummer, beitragsnummer, zeit) VALUES (70, 1299, "2020-10-05 02:32:34");
INSERT INTO gefaellt (profilnummer, beitragsnummer, zeit) VALUES (70, 2621, "2020-10-05 02:32:35");
INSERT INTO gefaellt (profilnummer, beitragsnummer, zeit) VALUES (70, 3685, "2020-10-05 02:32:36");
INSERT INTO gefaellt (profilnummer, beitragsnummer, zeit) VALUES (70, 1623, "2020-10-05 02:32:37");
INSERT INTO gefaellt (profilnummer, beitragsnummer, zeit) VALUES (70, 1530, "2020-10-05 02:32:38");
INSERT INTO gefaellt (profilnummer, beitragsnummer, zeit) VALUES (70, 1313, "2020-10-05 02:32:39");
INSERT INTO gefaellt (profilnummer, beitragsnummer, zeit) VALUES (70, 4138, "2020-10-05 02:32:40");
INSERT INTO gefaellt (profilnummer, beitragsnummer, zeit) VALUES (70, 1622, "2020-10-05 02:32:41");
INSERT INTO gefaellt (profilnummer, beitragsnummer, zeit) VALUES (70, 4717, "2020-10-05 02:32:42");
INSERT INTO gefaellt (profilnummer, beitragsnummer, zeit) VALUES (70, 2065, "2020-10-05 02:32:43");
INSERT INTO gefaellt (profilnummer, beitragsnummer, zeit) VALUES (70, 1236, "2020-10-05 02:32:44");
INSERT INTO gefaellt (profilnummer, beitragsnummer, zeit) VALUES (70, 1201, "2020-10-05 02:32:45");
