DELETE FROM profil; 
DELETE FROM beitrag; 
DELETE FROM gefaellt; 
INSERT INTO profil (profilnummer) VALUES (130);
INSERT INTO profil (profilnummer) VALUES (181);
INSERT INTO profil (profilnummer) VALUES (19);
INSERT INTO profil (profilnummer) VALUES (86);
INSERT INTO profil (profilnummer) VALUES (14);
INSERT INTO profil (profilnummer) VALUES (151);
INSERT INTO profil (profilnummer) VALUES (76);
INSERT INTO profil (profilnummer) VALUES (41);
INSERT INTO profil (profilnummer) VALUES (113);
INSERT INTO profil (profilnummer) VALUES (70);
INSERT INTO beitrag (beitragsnummer, autor_profilnummer) VALUES (1956, 130);
INSERT INTO beitrag (beitragsnummer, autor_profilnummer) VALUES (2208, 130);
INSERT INTO beitrag (beitragsnummer, autor_profilnummer) VALUES (2719, 130);
INSERT INTO beitrag (beitragsnummer, autor_profilnummer) VALUES (4704, 130);
INSERT INTO beitrag (beitragsnummer, autor_profilnummer) VALUES (1240, 130);
INSERT INTO beitrag (beitragsnummer, autor_profilnummer) VALUES (4674, 130);
INSERT INTO beitrag (beitragsnummer, autor_profilnummer) VALUES (1125, 130);
INSERT INTO beitrag (beitragsnummer, autor_profilnummer) VALUES (2684, 130);
INSERT INTO beitrag (beitragsnummer, autor_profilnummer) VALUES (2534, 130);
INSERT INTO beitrag (beitragsnummer, autor_profilnummer) VALUES (1303, 130);
INSERT INTO beitrag (beitragsnummer, autor_profilnummer) VALUES (1617, 130);
INSERT INTO beitrag (beitragsnummer, autor_profilnummer) VALUES (2648, 130);
INSERT INTO beitrag (beitragsnummer, autor_profilnummer) VALUES (3517, 130);
INSERT INTO beitrag (beitragsnummer, autor_profilnummer) VALUES (1230, 181);
INSERT INTO beitrag (beitragsnummer, autor_profilnummer) VALUES (1629, 19);
INSERT INTO beitrag (beitragsnummer, autor_profilnummer) VALUES (1783, 19);
INSERT INTO beitrag (beitragsnummer, autor_profilnummer) VALUES (1269, 19);
INSERT INTO beitrag (beitragsnummer, autor_profilnummer) VALUES (1480, 19);
INSERT INTO beitrag (beitragsnummer, autor_profilnummer) VALUES (1638, 19);
INSERT INTO beitrag (beitragsnummer, autor_profilnummer) VALUES (2292, 19);
INSERT INTO beitrag (beitragsnummer, autor_profilnummer) VALUES (2526, 19);
INSERT INTO beitrag (beitragsnummer, autor_profilnummer) VALUES (2362, 19);
INSERT INTO beitrag (beitragsnummer, autor_profilnummer) VALUES (3079, 86);
INSERT INTO beitrag (beitragsnummer, autor_profilnummer) VALUES (1321, 86);
INSERT INTO beitrag (beitragsnummer, autor_profilnummer) VALUES (4969, 86);
INSERT INTO beitrag (beitragsnummer, autor_profilnummer) VALUES (2352, 86);
INSERT INTO beitrag (beitragsnummer, autor_profilnummer) VALUES (3552, 86);
INSERT INTO beitrag (beitragsnummer, autor_profilnummer) VALUES (3799, 86);
INSERT INTO beitrag (beitragsnummer, autor_profilnummer) VALUES (4968, 86);
INSERT INTO beitrag (beitragsnummer, autor_profilnummer) VALUES (2163, 86);
INSERT INTO beitrag (beitragsnummer, autor_profilnummer) VALUES (4222, 86);
INSERT INTO beitrag (beitragsnummer, autor_profilnummer) VALUES (4882, 86);
INSERT INTO beitrag (beitragsnummer, autor_profilnummer) VALUES (1646, 86);
INSERT INTO beitrag (beitragsnummer, autor_profilnummer) VALUES (3004, 86);
INSERT INTO beitrag (beitragsnummer, autor_profilnummer) VALUES (3102, 86);
INSERT INTO beitrag (beitragsnummer, autor_profilnummer) VALUES (2624, 86);
INSERT INTO beitrag (beitragsnummer, autor_profilnummer) VALUES (4762, 86);
INSERT INTO beitrag (beitragsnummer, autor_profilnummer) VALUES (3218, 86);
INSERT INTO beitrag (beitragsnummer, autor_profilnummer) VALUES (3735, 86);
INSERT INTO beitrag (beitragsnummer, autor_profilnummer) VALUES (2202, 86);
INSERT INTO beitrag (beitragsnummer, autor_profilnummer) VALUES (3147, 86);
INSERT INTO beitrag (beitragsnummer, autor_profilnummer) VALUES (1278, 86);
INSERT INTO beitrag (beitragsnummer, autor_profilnummer) VALUES (3066, 86);
INSERT INTO beitrag (beitragsnummer, autor_profilnummer) VALUES (3651, 86);
INSERT INTO beitrag (beitragsnummer, autor_profilnummer) VALUES (2581, 86);
INSERT INTO beitrag (beitragsnummer, autor_profilnummer) VALUES (4591, 86);
INSERT INTO beitrag (beitragsnummer, autor_profilnummer) VALUES (1963, 86);
INSERT INTO beitrag (beitragsnummer, autor_profilnummer) VALUES (2425, 86);
INSERT INTO beitrag (beitragsnummer, autor_profilnummer) VALUES (1353, 86);
INSERT INTO beitrag (beitragsnummer, autor_profilnummer) VALUES (1784, 86);
INSERT INTO beitrag (beitragsnummer, autor_profilnummer) VALUES (2879, 86);
INSERT INTO beitrag (beitragsnummer, autor_profilnummer) VALUES (2903, 86);
INSERT INTO beitrag (beitragsnummer, autor_profilnummer) VALUES (2439, 86);
INSERT INTO beitrag (beitragsnummer, autor_profilnummer) VALUES (1279, 86);
INSERT INTO beitrag (beitragsnummer, autor_profilnummer) VALUES (4370, 86);
INSERT INTO beitrag (beitragsnummer, autor_profilnummer) VALUES (1898, 86);
INSERT INTO beitrag (beitragsnummer, autor_profilnummer) VALUES (1667, 14);
INSERT INTO beitrag (beitragsnummer, autor_profilnummer) VALUES (3828, 14);
INSERT INTO beitrag (beitragsnummer, autor_profilnummer) VALUES (1809, 14);
INSERT INTO beitrag (beitragsnummer, autor_profilnummer) VALUES (4382, 14);
INSERT INTO beitrag (beitragsnummer, autor_profilnummer) VALUES (2512, 14);
INSERT INTO beitrag (beitragsnummer, autor_profilnummer) VALUES (3463, 14);
INSERT INTO beitrag (beitragsnummer, autor_profilnummer) VALUES (1466, 14);
INSERT INTO beitrag (beitragsnummer, autor_profilnummer) VALUES (4735, 14);
INSERT INTO beitrag (beitragsnummer, autor_profilnummer) VALUES (4594, 14);
INSERT INTO beitrag (beitragsnummer, autor_profilnummer) VALUES (3982, 14);
INSERT INTO beitrag (beitragsnummer, autor_profilnummer) VALUES (1440, 14);
INSERT INTO beitrag (beitragsnummer, autor_profilnummer) VALUES (4698, 14);
INSERT INTO beitrag (beitragsnummer, autor_profilnummer) VALUES (3726, 14);
INSERT INTO beitrag (beitragsnummer, autor_profilnummer) VALUES (3854, 14);
INSERT INTO beitrag (beitragsnummer, autor_profilnummer) VALUES (4905, 14);
INSERT INTO beitrag (beitragsnummer, autor_profilnummer) VALUES (3520, 14);
INSERT INTO beitrag (beitragsnummer, autor_profilnummer) VALUES (4956, 14);
INSERT INTO beitrag (beitragsnummer, autor_profilnummer) VALUES (4932, 14);
INSERT INTO beitrag (beitragsnummer, autor_profilnummer) VALUES (2096, 14);
INSERT INTO beitrag (beitragsnummer, autor_profilnummer) VALUES (2223, 14);
INSERT INTO beitrag (beitragsnummer, autor_profilnummer) VALUES (3137, 151);
INSERT INTO beitrag (beitragsnummer, autor_profilnummer) VALUES (2329, 151);
INSERT INTO beitrag (beitragsnummer, autor_profilnummer) VALUES (4348, 151);
INSERT INTO beitrag (beitragsnummer, autor_profilnummer) VALUES (1435, 151);
INSERT INTO beitrag (beitragsnummer, autor_profilnummer) VALUES (1692, 76);
INSERT INTO beitrag (beitragsnummer, autor_profilnummer) VALUES (3967, 76);
INSERT INTO beitrag (beitragsnummer, autor_profilnummer) VALUES (2414, 76);
INSERT INTO beitrag (beitragsnummer, autor_profilnummer) VALUES (2912, 76);
INSERT INTO beitrag (beitragsnummer, autor_profilnummer) VALUES (4442, 76);
INSERT INTO beitrag (beitragsnummer, autor_profilnummer) VALUES (4032, 76);
INSERT INTO beitrag (beitragsnummer, autor_profilnummer) VALUES (3746, 76);
INSERT INTO beitrag (beitragsnummer, autor_profilnummer) VALUES (2911, 76);
INSERT INTO beitrag (beitragsnummer, autor_profilnummer) VALUES (2790, 76);
INSERT INTO beitrag (beitragsnummer, autor_profilnummer) VALUES (1558, 76);
INSERT INTO beitrag (beitragsnummer, autor_profilnummer) VALUES (4801, 76);
INSERT INTO beitrag (beitragsnummer, autor_profilnummer) VALUES (4325, 76);
INSERT INTO beitrag (beitragsnummer, autor_profilnummer) VALUES (3111, 41);
INSERT INTO beitrag (beitragsnummer, autor_profilnummer) VALUES (2763, 41);
INSERT INTO beitrag (beitragsnummer, autor_profilnummer) VALUES (3494, 41);
INSERT INTO beitrag (beitragsnummer, autor_profilnummer) VALUES (1813, 41);
INSERT INTO beitrag (beitragsnummer, autor_profilnummer) VALUES (4004, 41);
INSERT INTO beitrag (beitragsnummer, autor_profilnummer) VALUES (4419, 41);
INSERT INTO beitrag (beitragsnummer, autor_profilnummer) VALUES (3894, 41);
INSERT INTO beitrag (beitragsnummer, autor_profilnummer) VALUES (4768, 41);
INSERT INTO beitrag (beitragsnummer, autor_profilnummer) VALUES (4684, 41);
INSERT INTO beitrag (beitragsnummer, autor_profilnummer) VALUES (4057, 41);
INSERT INTO beitrag (beitragsnummer, autor_profilnummer) VALUES (4046, 113);
INSERT INTO beitrag (beitragsnummer, autor_profilnummer) VALUES (3586, 113);
INSERT INTO beitrag (beitragsnummer, autor_profilnummer) VALUES (3928, 113);
INSERT INTO beitrag (beitragsnummer, autor_profilnummer) VALUES (4967, 113);
INSERT INTO beitrag (beitragsnummer, autor_profilnummer) VALUES (2939, 113);
INSERT INTO beitrag (beitragsnummer, autor_profilnummer) VALUES (4779, 113);
INSERT INTO beitrag (beitragsnummer, autor_profilnummer) VALUES (1859, 113);
INSERT INTO beitrag (beitragsnummer, autor_profilnummer) VALUES (1580, 113);
INSERT INTO beitrag (beitragsnummer, autor_profilnummer) VALUES (4282, 113);
INSERT INTO beitrag (beitragsnummer, autor_profilnummer) VALUES (1892, 113);
INSERT INTO beitrag (beitragsnummer, autor_profilnummer) VALUES (2400, 113);
INSERT INTO beitrag (beitragsnummer, autor_profilnummer) VALUES (1946, 70);
INSERT INTO beitrag (beitragsnummer, autor_profilnummer) VALUES (1147, 70);
INSERT INTO gefaellt (profilnummer, beitragsnummer, zeit) VALUES (130, 3079, "2020-10-06 07:39:28");
INSERT INTO gefaellt (profilnummer, beitragsnummer, zeit) VALUES (130, 1321, "2020-10-06 23:28:26");
INSERT INTO gefaellt (profilnummer, beitragsnummer, zeit) VALUES (130, 4969, "2020-10-13 17:18:17");
INSERT INTO gefaellt (profilnummer, beitragsnummer, zeit) VALUES (130, 2352, "2020-10-02 19:21:40");
INSERT INTO gefaellt (profilnummer, beitragsnummer, zeit) VALUES (130, 3552, "2020-10-13 19:31:15");
INSERT INTO gefaellt (profilnummer, beitragsnummer, zeit) VALUES (130, 3799, "2020-10-14 12:40:07");
INSERT INTO gefaellt (profilnummer, beitragsnummer, zeit) VALUES (130, 4968, "2020-10-09 12:18:43");
INSERT INTO gefaellt (profilnummer, beitragsnummer, zeit) VALUES (130, 2163, "2020-10-05 20:02:43");
INSERT INTO gefaellt (profilnummer, beitragsnummer, zeit) VALUES (130, 4222, "2020-10-05 14:21:40");
INSERT INTO gefaellt (profilnummer, beitragsnummer, zeit) VALUES (130, 4882, "2020-10-12 17:22:44");
INSERT INTO gefaellt (profilnummer, beitragsnummer, zeit) VALUES (130, 1646, "2020-10-12 08:22:37");
INSERT INTO gefaellt (profilnummer, beitragsnummer, zeit) VALUES (130, 3004, "2020-10-09 10:12:25");
INSERT INTO gefaellt (profilnummer, beitragsnummer, zeit) VALUES (130, 3102, "2020-10-09 18:49:21");
INSERT INTO gefaellt (profilnummer, beitragsnummer, zeit) VALUES (130, 2624, "2020-10-02 15:21:38");
INSERT INTO gefaellt (profilnummer, beitragsnummer, zeit) VALUES (130, 4762, "2020-10-04 23:21:56");
INSERT INTO gefaellt (profilnummer, beitragsnummer, zeit) VALUES (130, 3218, "2020-10-07 14:23:52");
INSERT INTO gefaellt (profilnummer, beitragsnummer, zeit) VALUES (130, 3735, "2020-10-11 15:55:19");
INSERT INTO gefaellt (profilnummer, beitragsnummer, zeit) VALUES (130, 2202, "2020-10-01 09:11:00");
INSERT INTO gefaellt (profilnummer, beitragsnummer, zeit) VALUES (130, 3147, "2020-10-05 07:17:17");
INSERT INTO gefaellt (profilnummer, beitragsnummer, zeit) VALUES (130, 1278, "2020-10-08 21:53:06");
INSERT INTO gefaellt (profilnummer, beitragsnummer, zeit) VALUES (130, 3066, "2020-10-05 07:09:57");
INSERT INTO gefaellt (profilnummer, beitragsnummer, zeit) VALUES (130, 3651, "2020-10-01 22:53:30");
INSERT INTO gefaellt (profilnummer, beitragsnummer, zeit) VALUES (130, 2581, "2020-10-04 11:19:01");
INSERT INTO gefaellt (profilnummer, beitragsnummer, zeit) VALUES (130, 4591, "2020-10-11 12:03:21");
INSERT INTO gefaellt (profilnummer, beitragsnummer, zeit) VALUES (130, 1963, "2020-10-11 10:09:24");
INSERT INTO gefaellt (profilnummer, beitragsnummer, zeit) VALUES (130, 2425, "2020-10-11 20:06:54");
INSERT INTO gefaellt (profilnummer, beitragsnummer, zeit) VALUES (130, 1353, "2020-10-07 16:22:06");
INSERT INTO gefaellt (profilnummer, beitragsnummer, zeit) VALUES (130, 1784, "2020-10-01 12:22:16");
INSERT INTO gefaellt (profilnummer, beitragsnummer, zeit) VALUES (130, 2879, "2020-10-09 21:19:22");
INSERT INTO gefaellt (profilnummer, beitragsnummer, zeit) VALUES (130, 2903, "2020-10-06 23:31:50");
INSERT INTO gefaellt (profilnummer, beitragsnummer, zeit) VALUES (130, 2439, "2020-10-02 14:54:17");
INSERT INTO gefaellt (profilnummer, beitragsnummer, zeit) VALUES (130, 1279, "2020-10-02 16:37:32");
INSERT INTO gefaellt (profilnummer, beitragsnummer, zeit) VALUES (130, 4370, "2020-10-05 20:03:06");
INSERT INTO gefaellt (profilnummer, beitragsnummer, zeit) VALUES (130, 1898, "2020-10-05 07:51:00");
INSERT INTO gefaellt (profilnummer, beitragsnummer, zeit) VALUES (181, 3079, "2020-09-10 12:00:00");
INSERT INTO gefaellt (profilnummer, beitragsnummer, zeit) VALUES (181, 1321, "2020-09-11 12:00:00");
INSERT INTO gefaellt (profilnummer, beitragsnummer, zeit) VALUES (181, 4969, "2020-09-12 12:00:00");
INSERT INTO gefaellt (profilnummer, beitragsnummer, zeit) VALUES (181, 2352, "2020-09-13 12:00:00");
INSERT INTO gefaellt (profilnummer, beitragsnummer, zeit) VALUES (181, 3552, "2020-09-14 12:00:00");
INSERT INTO gefaellt (profilnummer, beitragsnummer, zeit) VALUES (181, 3799, "2020-09-15 12:00:00");
INSERT INTO gefaellt (profilnummer, beitragsnummer, zeit) VALUES (181, 4968, "2020-09-16 12:00:00");
INSERT INTO gefaellt (profilnummer, beitragsnummer, zeit) VALUES (181, 2163, "2020-09-17 12:00:00");
INSERT INTO gefaellt (profilnummer, beitragsnummer, zeit) VALUES (181, 4222, "2020-09-18 12:00:00");
INSERT INTO gefaellt (profilnummer, beitragsnummer, zeit) VALUES (181, 4882, "2020-09-19 12:00:00");
INSERT INTO gefaellt (profilnummer, beitragsnummer, zeit) VALUES (181, 1646, "2020-09-20 12:00:00");
INSERT INTO gefaellt (profilnummer, beitragsnummer, zeit) VALUES (181, 3004, "2020-09-21 12:00:00");
INSERT INTO gefaellt (profilnummer, beitragsnummer, zeit) VALUES (181, 3102, "2020-09-22 12:00:00");
INSERT INTO gefaellt (profilnummer, beitragsnummer, zeit) VALUES (181, 2624, "2020-09-23 12:00:00");
INSERT INTO gefaellt (profilnummer, beitragsnummer, zeit) VALUES (181, 4762, "2020-09-24 12:00:00");
INSERT INTO gefaellt (profilnummer, beitragsnummer, zeit) VALUES (181, 3218, "2020-09-25 12:00:00");
INSERT INTO gefaellt (profilnummer, beitragsnummer, zeit) VALUES (181, 3735, "2020-09-26 12:00:00");
INSERT INTO gefaellt (profilnummer, beitragsnummer, zeit) VALUES (181, 2202, "2020-09-27 12:00:00");
INSERT INTO gefaellt (profilnummer, beitragsnummer, zeit) VALUES (181, 3147, "2020-09-28 12:00:00");
INSERT INTO gefaellt (profilnummer, beitragsnummer, zeit) VALUES (181, 1278, "2020-09-29 12:00:00");
INSERT INTO gefaellt (profilnummer, beitragsnummer, zeit) VALUES (181, 3066, "2020-09-30 12:00:00");
INSERT INTO gefaellt (profilnummer, beitragsnummer, zeit) VALUES (181, 3651, "2020-10-01 12:00:00");
INSERT INTO gefaellt (profilnummer, beitragsnummer, zeit) VALUES (181, 2581, "2020-10-02 12:00:00");
INSERT INTO gefaellt (profilnummer, beitragsnummer, zeit) VALUES (181, 4591, "2020-10-03 12:00:00");
INSERT INTO gefaellt (profilnummer, beitragsnummer, zeit) VALUES (181, 1963, "2020-10-04 12:00:00");
INSERT INTO gefaellt (profilnummer, beitragsnummer, zeit) VALUES (181, 2425, "2020-10-05 12:00:00");
INSERT INTO gefaellt (profilnummer, beitragsnummer, zeit) VALUES (181, 1353, "2020-10-06 12:00:00");
INSERT INTO gefaellt (profilnummer, beitragsnummer, zeit) VALUES (181, 1784, "2020-10-07 12:00:00");
INSERT INTO gefaellt (profilnummer, beitragsnummer, zeit) VALUES (181, 2879, "2020-10-08 12:00:00");
INSERT INTO gefaellt (profilnummer, beitragsnummer, zeit) VALUES (181, 2903, "2020-10-09 12:00:00");
INSERT INTO gefaellt (profilnummer, beitragsnummer, zeit) VALUES (181, 2439, "2020-10-10 12:00:00");
INSERT INTO gefaellt (profilnummer, beitragsnummer, zeit) VALUES (181, 1279, "2020-10-11 12:00:00");
INSERT INTO gefaellt (profilnummer, beitragsnummer, zeit) VALUES (181, 4370, "2020-10-12 12:00:00");
INSERT INTO gefaellt (profilnummer, beitragsnummer, zeit) VALUES (181, 1898, "2020-10-13 12:00:00");
INSERT INTO gefaellt (profilnummer, beitragsnummer, zeit) VALUES (19, 1956, "2020-10-08 11:26:07");
INSERT INTO gefaellt (profilnummer, beitragsnummer, zeit) VALUES (19, 2208, "2020-10-07 13:10:59");
INSERT INTO gefaellt (profilnummer, beitragsnummer, zeit) VALUES (19, 2719, "2020-10-11 15:25:29");
INSERT INTO gefaellt (profilnummer, beitragsnummer, zeit) VALUES (19, 4704, "2020-10-14 10:00:27");
INSERT INTO gefaellt (profilnummer, beitragsnummer, zeit) VALUES (19, 1240, "2020-10-02 17:19:19");
INSERT INTO gefaellt (profilnummer, beitragsnummer, zeit) VALUES (19, 4674, "2020-10-03 17:42:55");
INSERT INTO gefaellt (profilnummer, beitragsnummer, zeit) VALUES (19, 1125, "2020-10-08 15:23:53");
INSERT INTO gefaellt (profilnummer, beitragsnummer, zeit) VALUES (19, 2684, "2020-10-08 12:33:20");
INSERT INTO gefaellt (profilnummer, beitragsnummer, zeit) VALUES (19, 2534, "2020-10-02 14:04:50");
INSERT INTO gefaellt (profilnummer, beitragsnummer, zeit) VALUES (19, 1303, "2020-10-04 15:20:17");
INSERT INTO gefaellt (profilnummer, beitragsnummer, zeit) VALUES (19, 1617, "2020-10-07 16:00:04");
INSERT INTO gefaellt (profilnummer, beitragsnummer, zeit) VALUES (19, 2648, "2020-10-11 10:11:32");
INSERT INTO gefaellt (profilnummer, beitragsnummer, zeit) VALUES (19, 3517, "2020-10-13 18:56:05");
INSERT INTO gefaellt (profilnummer, beitragsnummer, zeit) VALUES (19, 1230, "2020-10-10 10:43:45");
INSERT INTO gefaellt (profilnummer, beitragsnummer, zeit) VALUES (19, 1629, "2020-10-07 18:16:00");
INSERT INTO gefaellt (profilnummer, beitragsnummer, zeit) VALUES (19, 1783, "2020-10-05 10:49:30");
INSERT INTO gefaellt (profilnummer, beitragsnummer, zeit) VALUES (19, 1269, "2020-10-06 15:54:52");
INSERT INTO gefaellt (profilnummer, beitragsnummer, zeit) VALUES (19, 1480, "2020-10-10 18:43:47");
INSERT INTO gefaellt (profilnummer, beitragsnummer, zeit) VALUES (19, 1638, "2020-10-13 16:51:29");
INSERT INTO gefaellt (profilnummer, beitragsnummer, zeit) VALUES (19, 2292, "2020-10-06 13:27:05");
INSERT INTO gefaellt (profilnummer, beitragsnummer, zeit) VALUES (19, 2526, "2020-10-01 18:18:46");
INSERT INTO gefaellt (profilnummer, beitragsnummer, zeit) VALUES (19, 2362, "2020-10-08 14:24:24");
INSERT INTO gefaellt (profilnummer, beitragsnummer, zeit) VALUES (19, 3079, "2020-10-14 12:15:44");
INSERT INTO gefaellt (profilnummer, beitragsnummer, zeit) VALUES (19, 1321, "2020-10-04 10:32:06");
INSERT INTO gefaellt (profilnummer, beitragsnummer, zeit) VALUES (19, 4969, "2020-10-05 16:28:44");
INSERT INTO gefaellt (profilnummer, beitragsnummer, zeit) VALUES (19, 2352, "2020-10-03 10:00:58");
INSERT INTO gefaellt (profilnummer, beitragsnummer, zeit) VALUES (19, 3552, "2020-10-10 11:45:25");
INSERT INTO gefaellt (profilnummer, beitragsnummer, zeit) VALUES (19, 3799, "2020-10-04 12:08:17");
INSERT INTO gefaellt (profilnummer, beitragsnummer, zeit) VALUES (19, 4968, "2020-10-11 13:08:34");
INSERT INTO gefaellt (profilnummer, beitragsnummer, zeit) VALUES (19, 2163, "2020-10-10 12:23:56");
INSERT INTO gefaellt (profilnummer, beitragsnummer, zeit) VALUES (19, 4222, "2020-10-04 09:12:05");
INSERT INTO gefaellt (profilnummer, beitragsnummer, zeit) VALUES (19, 4882, "2020-10-12 10:35:01");
INSERT INTO gefaellt (profilnummer, beitragsnummer, zeit) VALUES (19, 1646, "2020-10-12 11:05:37");
INSERT INTO gefaellt (profilnummer, beitragsnummer, zeit) VALUES (19, 3004, "2020-10-02 13:39:13");
INSERT INTO gefaellt (profilnummer, beitragsnummer, zeit) VALUES (19, 3102, "2020-10-04 14:16:16");
INSERT INTO gefaellt (profilnummer, beitragsnummer, zeit) VALUES (19, 2624, "2020-10-05 18:59:53");
INSERT INTO gefaellt (profilnummer, beitragsnummer, zeit) VALUES (19, 4762, "2020-10-12 16:21:06");
INSERT INTO gefaellt (profilnummer, beitragsnummer, zeit) VALUES (19, 3218, "2020-10-11 16:53:42");
INSERT INTO gefaellt (profilnummer, beitragsnummer, zeit) VALUES (19, 3735, "2020-10-03 09:25:35");
INSERT INTO gefaellt (profilnummer, beitragsnummer, zeit) VALUES (19, 2202, "2020-10-06 16:30:04");
INSERT INTO gefaellt (profilnummer, beitragsnummer, zeit) VALUES (19, 3147, "2020-10-03 09:08:33");
INSERT INTO gefaellt (profilnummer, beitragsnummer, zeit) VALUES (19, 1278, "2020-10-11 09:49:41");
INSERT INTO gefaellt (profilnummer, beitragsnummer, zeit) VALUES (19, 3066, "2020-10-08 09:45:12");
INSERT INTO gefaellt (profilnummer, beitragsnummer, zeit) VALUES (19, 3651, "2020-10-05 10:28:58");
INSERT INTO gefaellt (profilnummer, beitragsnummer, zeit) VALUES (19, 2581, "2020-10-14 13:34:23");
INSERT INTO gefaellt (profilnummer, beitragsnummer, zeit) VALUES (19, 4591, "2020-10-07 13:16:30");
INSERT INTO gefaellt (profilnummer, beitragsnummer, zeit) VALUES (19, 1963, "2020-10-01 16:58:35");
INSERT INTO gefaellt (profilnummer, beitragsnummer, zeit) VALUES (19, 2425, "2020-10-13 14:10:30");
INSERT INTO gefaellt (profilnummer, beitragsnummer, zeit) VALUES (19, 1353, "2020-10-05 15:22:03");
INSERT INTO gefaellt (profilnummer, beitragsnummer, zeit) VALUES (19, 1784, "2020-10-10 13:16:57");
INSERT INTO gefaellt (profilnummer, beitragsnummer, zeit) VALUES (19, 2879, "2020-10-12 16:46:51");
INSERT INTO gefaellt (profilnummer, beitragsnummer, zeit) VALUES (19, 2903, "2020-10-05 18:35:10");
INSERT INTO gefaellt (profilnummer, beitragsnummer, zeit) VALUES (19, 2439, "2020-10-13 10:37:01");
INSERT INTO gefaellt (profilnummer, beitragsnummer, zeit) VALUES (19, 1279, "2020-10-01 17:52:25");
INSERT INTO gefaellt (profilnummer, beitragsnummer, zeit) VALUES (19, 4370, "2020-10-02 12:50:37");
INSERT INTO gefaellt (profilnummer, beitragsnummer, zeit) VALUES (19, 1898, "2020-10-06 15:06:51");
INSERT INTO gefaellt (profilnummer, beitragsnummer, zeit) VALUES (19, 1667, "2020-10-10 12:10:23");
INSERT INTO gefaellt (profilnummer, beitragsnummer, zeit) VALUES (19, 3828, "2020-10-14 13:02:05");
INSERT INTO gefaellt (profilnummer, beitragsnummer, zeit) VALUES (19, 1809, "2020-10-04 18:36:08");
INSERT INTO gefaellt (profilnummer, beitragsnummer, zeit) VALUES (19, 4382, "2020-10-04 11:32:42");
INSERT INTO gefaellt (profilnummer, beitragsnummer, zeit) VALUES (19, 2512, "2020-10-05 16:01:12");
INSERT INTO gefaellt (profilnummer, beitragsnummer, zeit) VALUES (19, 3463, "2020-10-05 15:50:30");
INSERT INTO gefaellt (profilnummer, beitragsnummer, zeit) VALUES (19, 1466, "2020-10-11 09:06:16");
INSERT INTO gefaellt (profilnummer, beitragsnummer, zeit) VALUES (19, 4735, "2020-10-07 15:50:03");
INSERT INTO gefaellt (profilnummer, beitragsnummer, zeit) VALUES (19, 4594, "2020-10-06 12:49:54");
INSERT INTO gefaellt (profilnummer, beitragsnummer, zeit) VALUES (19, 3982, "2020-10-04 13:37:04");
INSERT INTO gefaellt (profilnummer, beitragsnummer, zeit) VALUES (19, 1440, "2020-10-02 14:16:15");
INSERT INTO gefaellt (profilnummer, beitragsnummer, zeit) VALUES (19, 4698, "2020-10-03 16:51:24");
INSERT INTO gefaellt (profilnummer, beitragsnummer, zeit) VALUES (19, 3726, "2020-10-12 09:56:53");
INSERT INTO gefaellt (profilnummer, beitragsnummer, zeit) VALUES (19, 3854, "2020-10-10 11:32:31");
INSERT INTO gefaellt (profilnummer, beitragsnummer, zeit) VALUES (19, 4905, "2020-10-02 12:19:14");
INSERT INTO gefaellt (profilnummer, beitragsnummer, zeit) VALUES (19, 3520, "2020-10-03 13:17:48");
INSERT INTO gefaellt (profilnummer, beitragsnummer, zeit) VALUES (19, 4956, "2020-10-09 16:23:37");
INSERT INTO gefaellt (profilnummer, beitragsnummer, zeit) VALUES (19, 4932, "2020-10-04 10:42:19");
INSERT INTO gefaellt (profilnummer, beitragsnummer, zeit) VALUES (19, 2096, "2020-10-03 18:00:02");
INSERT INTO gefaellt (profilnummer, beitragsnummer, zeit) VALUES (19, 2223, "2020-10-03 10:00:30");
INSERT INTO gefaellt (profilnummer, beitragsnummer, zeit) VALUES (19, 3137, "2020-10-13 12:06:44");
INSERT INTO gefaellt (profilnummer, beitragsnummer, zeit) VALUES (19, 2329, "2020-10-01 13:27:23");
INSERT INTO gefaellt (profilnummer, beitragsnummer, zeit) VALUES (19, 4348, "2020-10-04 16:01:57");
INSERT INTO gefaellt (profilnummer, beitragsnummer, zeit) VALUES (19, 1435, "2020-10-05 09:04:29");
INSERT INTO gefaellt (profilnummer, beitragsnummer, zeit) VALUES (19, 1692, "2020-10-09 14:18:57");
INSERT INTO gefaellt (profilnummer, beitragsnummer, zeit) VALUES (19, 3967, "2020-10-05 18:38:19");
INSERT INTO gefaellt (profilnummer, beitragsnummer, zeit) VALUES (19, 2414, "2020-10-01 09:22:35");
INSERT INTO gefaellt (profilnummer, beitragsnummer, zeit) VALUES (19, 2912, "2020-10-06 13:22:07");
INSERT INTO gefaellt (profilnummer, beitragsnummer, zeit) VALUES (19, 4442, "2020-10-04 12:19:35");
INSERT INTO gefaellt (profilnummer, beitragsnummer, zeit) VALUES (19, 4032, "2020-10-04 10:24:45");
INSERT INTO gefaellt (profilnummer, beitragsnummer, zeit) VALUES (19, 3746, "2020-10-13 10:36:55");
INSERT INTO gefaellt (profilnummer, beitragsnummer, zeit) VALUES (19, 2911, "2020-10-06 13:50:08");
INSERT INTO gefaellt (profilnummer, beitragsnummer, zeit) VALUES (19, 2790, "2020-10-02 12:25:51");
INSERT INTO gefaellt (profilnummer, beitragsnummer, zeit) VALUES (19, 1558, "2020-10-11 16:45:39");
INSERT INTO gefaellt (profilnummer, beitragsnummer, zeit) VALUES (19, 4801, "2020-10-13 17:10:59");
INSERT INTO gefaellt (profilnummer, beitragsnummer, zeit) VALUES (19, 4325, "2020-10-10 14:06:43");
INSERT INTO gefaellt (profilnummer, beitragsnummer, zeit) VALUES (19, 3111, "2020-10-07 11:39:39");
INSERT INTO gefaellt (profilnummer, beitragsnummer, zeit) VALUES (19, 2763, "2020-10-08 12:58:40");
INSERT INTO gefaellt (profilnummer, beitragsnummer, zeit) VALUES (19, 3494, "2020-10-06 10:21:51");
INSERT INTO gefaellt (profilnummer, beitragsnummer, zeit) VALUES (19, 1813, "2020-10-04 18:56:32");
INSERT INTO gefaellt (profilnummer, beitragsnummer, zeit) VALUES (19, 4004, "2020-10-13 15:29:24");
INSERT INTO gefaellt (profilnummer, beitragsnummer, zeit) VALUES (19, 4419, "2020-10-09 13:35:57");
INSERT INTO gefaellt (profilnummer, beitragsnummer, zeit) VALUES (19, 3894, "2020-10-05 13:43:19");
INSERT INTO gefaellt (profilnummer, beitragsnummer, zeit) VALUES (19, 4768, "2020-10-08 16:43:57");
INSERT INTO gefaellt (profilnummer, beitragsnummer, zeit) VALUES (19, 4684, "2020-10-03 13:03:34");
INSERT INTO gefaellt (profilnummer, beitragsnummer, zeit) VALUES (19, 4057, "2020-10-11 09:37:55");
INSERT INTO gefaellt (profilnummer, beitragsnummer, zeit) VALUES (19, 4046, "2020-10-07 15:00:20");
INSERT INTO gefaellt (profilnummer, beitragsnummer, zeit) VALUES (19, 3586, "2020-10-03 13:38:06");
INSERT INTO gefaellt (profilnummer, beitragsnummer, zeit) VALUES (19, 3928, "2020-10-05 10:22:32");
INSERT INTO gefaellt (profilnummer, beitragsnummer, zeit) VALUES (19, 4967, "2020-10-11 14:51:30");
INSERT INTO gefaellt (profilnummer, beitragsnummer, zeit) VALUES (19, 2939, "2020-10-10 17:40:46");
INSERT INTO gefaellt (profilnummer, beitragsnummer, zeit) VALUES (19, 4779, "2020-10-07 16:37:33");
INSERT INTO gefaellt (profilnummer, beitragsnummer, zeit) VALUES (19, 1859, "2020-10-01 14:26:17");
INSERT INTO gefaellt (profilnummer, beitragsnummer, zeit) VALUES (19, 1580, "2020-10-02 13:34:30");
INSERT INTO gefaellt (profilnummer, beitragsnummer, zeit) VALUES (19, 4282, "2020-10-12 14:00:22");
INSERT INTO gefaellt (profilnummer, beitragsnummer, zeit) VALUES (19, 1892, "2020-10-08 13:32:01");
INSERT INTO gefaellt (profilnummer, beitragsnummer, zeit) VALUES (19, 2400, "2020-10-05 18:47:15");
INSERT INTO gefaellt (profilnummer, beitragsnummer, zeit) VALUES (19, 1946, "2020-10-03 15:53:10");
INSERT INTO gefaellt (profilnummer, beitragsnummer, zeit) VALUES (19, 1147, "2020-10-07 16:30:58");
INSERT INTO gefaellt (profilnummer, beitragsnummer, zeit) VALUES (14, 1667, "2020-10-03 11:16:18");
INSERT INTO gefaellt (profilnummer, beitragsnummer, zeit) VALUES (14, 3828, "2020-10-08 16:48:59");
INSERT INTO gefaellt (profilnummer, beitragsnummer, zeit) VALUES (14, 1809, "2020-10-01 11:05:29");
INSERT INTO gefaellt (profilnummer, beitragsnummer, zeit) VALUES (14, 4382, "2020-10-09 15:43:48");
INSERT INTO gefaellt (profilnummer, beitragsnummer, zeit) VALUES (14, 2512, "2020-10-12 18:33:30");
INSERT INTO gefaellt (profilnummer, beitragsnummer, zeit) VALUES (14, 3463, "2020-10-13 17:08:07");
INSERT INTO gefaellt (profilnummer, beitragsnummer, zeit) VALUES (14, 1466, "2020-10-02 11:31:23");
INSERT INTO gefaellt (profilnummer, beitragsnummer, zeit) VALUES (14, 4735, "2020-10-10 16:30:47");
INSERT INTO gefaellt (profilnummer, beitragsnummer, zeit) VALUES (14, 4594, "2020-10-08 18:38:20");
INSERT INTO gefaellt (profilnummer, beitragsnummer, zeit) VALUES (14, 3982, "2020-10-05 12:49:37");
INSERT INTO gefaellt (profilnummer, beitragsnummer, zeit) VALUES (14, 1440, "2020-10-10 13:34:07");
INSERT INTO gefaellt (profilnummer, beitragsnummer, zeit) VALUES (14, 4698, "2020-10-01 15:14:29");
INSERT INTO gefaellt (profilnummer, beitragsnummer, zeit) VALUES (14, 3726, "2020-10-04 15:12:57");
INSERT INTO gefaellt (profilnummer, beitragsnummer, zeit) VALUES (14, 3854, "2020-10-13 17:43:30");
INSERT INTO gefaellt (profilnummer, beitragsnummer, zeit) VALUES (14, 4905, "2020-10-10 10:03:16");
INSERT INTO gefaellt (profilnummer, beitragsnummer, zeit) VALUES (14, 3520, "2020-10-11 18:32:42");
INSERT INTO gefaellt (profilnummer, beitragsnummer, zeit) VALUES (14, 4956, "2020-10-08 13:49:40");
INSERT INTO gefaellt (profilnummer, beitragsnummer, zeit) VALUES (14, 4932, "2020-10-01 18:23:17");
INSERT INTO gefaellt (profilnummer, beitragsnummer, zeit) VALUES (14, 2096, "2020-10-06 11:57:13");
INSERT INTO gefaellt (profilnummer, beitragsnummer, zeit) VALUES (14, 2223, "2020-10-02 12:41:44");
INSERT INTO gefaellt (profilnummer, beitragsnummer, zeit) VALUES (151, 4905, "2020-10-04 12:08:05");
INSERT INTO gefaellt (profilnummer, beitragsnummer, zeit) VALUES (151, 3828, "2020-10-09 12:31:31");
INSERT INTO gefaellt (profilnummer, beitragsnummer, zeit) VALUES (151, 1435, "2020-10-01 12:56:41");
INSERT INTO gefaellt (profilnummer, beitragsnummer, zeit) VALUES (151, 1303, "2020-10-12 12:24:14");
INSERT INTO gefaellt (profilnummer, beitragsnummer, zeit) VALUES (151, 3218, "2020-10-01 12:01:39");
INSERT INTO gefaellt (profilnummer, beitragsnummer, zeit) VALUES (151, 4348, "2020-10-11 12:51:18");
INSERT INTO gefaellt (profilnummer, beitragsnummer, zeit) VALUES (151, 2362, "2020-10-04 12:50:20");
INSERT INTO gefaellt (profilnummer, beitragsnummer, zeit) VALUES (151, 4046, "2020-10-13 12:30:25");
INSERT INTO gefaellt (profilnummer, beitragsnummer, zeit) VALUES (151, 3494, "2020-10-04 12:58:36");
INSERT INTO gefaellt (profilnummer, beitragsnummer, zeit) VALUES (151, 4779, "2020-10-01 12:43:54");
INSERT INTO gefaellt (profilnummer, beitragsnummer, zeit) VALUES (151, 3586, "2020-10-04 12:47:20");
INSERT INTO gefaellt (profilnummer, beitragsnummer, zeit) VALUES (151, 3147, "2020-10-01 12:18:38");
INSERT INTO gefaellt (profilnummer, beitragsnummer, zeit) VALUES (151, 1580, "2020-10-05 12:27:42");
INSERT INTO gefaellt (profilnummer, beitragsnummer, zeit) VALUES (151, 1629, "2020-10-02 12:37:05");
INSERT INTO gefaellt (profilnummer, beitragsnummer, zeit) VALUES (151, 4370, "2020-10-07 12:01:41");
INSERT INTO gefaellt (profilnummer, beitragsnummer, zeit) VALUES (151, 3735, "2020-10-03 12:10:37");
INSERT INTO gefaellt (profilnummer, beitragsnummer, zeit) VALUES (151, 1240, "2020-10-06 12:27:08");
INSERT INTO gefaellt (profilnummer, beitragsnummer, zeit) VALUES (151, 3137, "2020-10-13 12:38:15");
INSERT INTO gefaellt (profilnummer, beitragsnummer, zeit) VALUES (151, 3726, "2020-10-01 12:20:27");
INSERT INTO gefaellt (profilnummer, beitragsnummer, zeit) VALUES (151, 3967, "2020-10-02 12:30:15");
INSERT INTO gefaellt (profilnummer, beitragsnummer, zeit) VALUES (151, 2581, "2020-10-05 12:29:57");
INSERT INTO gefaellt (profilnummer, beitragsnummer, zeit) VALUES (151, 1956, "2020-10-08 12:54:16");
INSERT INTO gefaellt (profilnummer, beitragsnummer, zeit) VALUES (151, 1946, "2020-10-01 12:34:27");
INSERT INTO gefaellt (profilnummer, beitragsnummer, zeit) VALUES (151, 3463, "2020-10-01 12:24:04");
INSERT INTO gefaellt (profilnummer, beitragsnummer, zeit) VALUES (151, 2879, "2020-10-09 12:04:10");
INSERT INTO gefaellt (profilnummer, beitragsnummer, zeit) VALUES (151, 2096, "2020-10-03 12:34:51");
INSERT INTO gefaellt (profilnummer, beitragsnummer, zeit) VALUES (151, 4684, "2020-10-05 12:59:32");
INSERT INTO gefaellt (profilnummer, beitragsnummer, zeit) VALUES (151, 4419, "2020-10-14 12:23:09");
INSERT INTO gefaellt (profilnummer, beitragsnummer, zeit) VALUES (151, 4801, "2020-10-01 12:31:35");
INSERT INTO gefaellt (profilnummer, beitragsnummer, zeit) VALUES (151, 4594, "2020-10-10 12:32:44");
INSERT INTO gefaellt (profilnummer, beitragsnummer, zeit) VALUES (151, 2684, "2020-10-03 12:26:43");
INSERT INTO gefaellt (profilnummer, beitragsnummer, zeit) VALUES (151, 4932, "2020-10-14 12:26:41");
INSERT INTO gefaellt (profilnummer, beitragsnummer, zeit) VALUES (151, 1617, "2020-10-08 12:41:32");
INSERT INTO gefaellt (profilnummer, beitragsnummer, zeit) VALUES (151, 1279, "2020-10-06 12:08:39");
INSERT INTO gefaellt (profilnummer, beitragsnummer, zeit) VALUES (151, 3111, "2020-10-02 12:46:44");
INSERT INTO gefaellt (profilnummer, beitragsnummer, zeit) VALUES (151, 3079, "2020-10-05 12:15:21");
INSERT INTO gefaellt (profilnummer, beitragsnummer, zeit) VALUES (151, 1321, "2020-10-08 12:16:23");
INSERT INTO gefaellt (profilnummer, beitragsnummer, zeit) VALUES (151, 2400, "2020-10-11 12:22:32");
INSERT INTO gefaellt (profilnummer, beitragsnummer, zeit) VALUES (151, 2329, "2020-10-05 12:26:19");
INSERT INTO gefaellt (profilnummer, beitragsnummer, zeit) VALUES (151, 1125, "2020-10-07 12:30:03");
INSERT INTO gefaellt (profilnummer, beitragsnummer, zeit) VALUES (151, 1813, "2020-10-14 12:30:25");
INSERT INTO gefaellt (profilnummer, beitragsnummer, zeit) VALUES (151, 1466, "2020-10-01 12:45:07");
INSERT INTO gefaellt (profilnummer, beitragsnummer, zeit) VALUES (151, 4969, "2020-10-10 12:25:37");
INSERT INTO gefaellt (profilnummer, beitragsnummer, zeit) VALUES (151, 2719, "2020-10-08 12:18:23");
INSERT INTO gefaellt (profilnummer, beitragsnummer, zeit) VALUES (151, 2911, "2020-10-12 12:25:29");
INSERT INTO gefaellt (profilnummer, beitragsnummer, zeit) VALUES (151, 1278, "2020-10-05 12:08:53");
INSERT INTO gefaellt (profilnummer, beitragsnummer, zeit) VALUES (151, 2292, "2020-10-11 12:29:02");
INSERT INTO gefaellt (profilnummer, beitragsnummer, zeit) VALUES (151, 1646, "2020-10-05 12:46:43");
INSERT INTO gefaellt (profilnummer, beitragsnummer, zeit) VALUES (151, 2439, "2020-10-01 12:36:33");
INSERT INTO gefaellt (profilnummer, beitragsnummer, zeit) VALUES (151, 2912, "2020-10-02 12:46:29");
INSERT INTO gefaellt (profilnummer, beitragsnummer, zeit) VALUES (151, 4382, "2020-10-01 12:59:37");
INSERT INTO gefaellt (profilnummer, beitragsnummer, zeit) VALUES (151, 4704, "2020-10-09 12:14:52");
INSERT INTO gefaellt (profilnummer, beitragsnummer, zeit) VALUES (151, 2763, "2020-10-08 12:35:00");
INSERT INTO gefaellt (profilnummer, beitragsnummer, zeit) VALUES (151, 1440, "2020-10-06 12:19:43");
INSERT INTO gefaellt (profilnummer, beitragsnummer, zeit) VALUES (151, 4004, "2020-10-14 12:09:23");
INSERT INTO gefaellt (profilnummer, beitragsnummer, zeit) VALUES (151, 2425, "2020-10-07 12:49:33");
INSERT INTO gefaellt (profilnummer, beitragsnummer, zeit) VALUES (151, 4735, "2020-10-03 12:42:07");
INSERT INTO gefaellt (profilnummer, beitragsnummer, zeit) VALUES (151, 3651, "2020-10-08 12:05:14");
INSERT INTO gefaellt (profilnummer, beitragsnummer, zeit) VALUES (151, 4032, "2020-10-04 12:08:42");
INSERT INTO gefaellt (profilnummer, beitragsnummer, zeit) VALUES (151, 4674, "2020-10-04 12:24:26");
INSERT INTO gefaellt (profilnummer, beitragsnummer, zeit) VALUES (151, 1784, "2020-10-05 12:48:28");
INSERT INTO gefaellt (profilnummer, beitragsnummer, zeit) VALUES (151, 1667, "2020-10-09 12:51:10");
INSERT INTO gefaellt (profilnummer, beitragsnummer, zeit) VALUES (151, 3517, "2020-10-14 12:58:42");
INSERT INTO gefaellt (profilnummer, beitragsnummer, zeit) VALUES (151, 3982, "2020-10-11 12:37:32");
INSERT INTO gefaellt (profilnummer, beitragsnummer, zeit) VALUES (151, 1480, "2020-10-11 12:28:35");
INSERT INTO gefaellt (profilnummer, beitragsnummer, zeit) VALUES (151, 2903, "2020-10-06 12:09:24");
INSERT INTO gefaellt (profilnummer, beitragsnummer, zeit) VALUES (151, 4057, "2020-10-01 12:49:14");
INSERT INTO gefaellt (profilnummer, beitragsnummer, zeit) VALUES (151, 1230, "2020-10-07 12:56:04");
INSERT INTO gefaellt (profilnummer, beitragsnummer, zeit) VALUES (151, 2648, "2020-10-04 12:29:30");
INSERT INTO gefaellt (profilnummer, beitragsnummer, zeit) VALUES (151, 3854, "2020-10-14 12:16:29");
INSERT INTO gefaellt (profilnummer, beitragsnummer, zeit) VALUES (151, 2414, "2020-10-05 12:57:16");
INSERT INTO gefaellt (profilnummer, beitragsnummer, zeit) VALUES (151, 3004, "2020-10-13 12:26:45");
INSERT INTO gefaellt (profilnummer, beitragsnummer, zeit) VALUES (151, 3066, "2020-10-14 12:37:43");
INSERT INTO gefaellt (profilnummer, beitragsnummer, zeit) VALUES (151, 1692, "2020-10-05 12:24:43");
INSERT INTO gefaellt (profilnummer, beitragsnummer, zeit) VALUES (151, 1269, "2020-10-12 12:00:27");
INSERT INTO gefaellt (profilnummer, beitragsnummer, zeit) VALUES (151, 1783, "2020-10-07 12:39:26");
INSERT INTO gefaellt (profilnummer, beitragsnummer, zeit) VALUES (151, 2534, "2020-10-12 12:37:58");
INSERT INTO gefaellt (profilnummer, beitragsnummer, zeit) VALUES (151, 3799, "2020-10-06 12:01:42");
INSERT INTO gefaellt (profilnummer, beitragsnummer, zeit) VALUES (151, 1558, "2020-10-11 12:54:10");
INSERT INTO gefaellt (profilnummer, beitragsnummer, zeit) VALUES (151, 3928, "2020-10-01 12:06:11");
INSERT INTO gefaellt (profilnummer, beitragsnummer, zeit) VALUES (76, 2439, "2020-10-02 17:04:18");
INSERT INTO gefaellt (profilnummer, beitragsnummer, zeit) VALUES (76, 2763, "2020-10-02 18:24:29");
INSERT INTO gefaellt (profilnummer, beitragsnummer, zeit) VALUES (76, 4735, "2020-10-08 07:25:23");
INSERT INTO gefaellt (profilnummer, beitragsnummer, zeit) VALUES (76, 4801, "2020-10-11 17:50:32");
INSERT INTO gefaellt (profilnummer, beitragsnummer, zeit) VALUES (76, 3520, "2020-10-01 07:39:32");
INSERT INTO gefaellt (profilnummer, beitragsnummer, zeit) VALUES (76, 3799, "2020-10-06 17:27:49");
INSERT INTO gefaellt (profilnummer, beitragsnummer, zeit) VALUES (76, 2879, "2020-10-07 08:39:58");
INSERT INTO gefaellt (profilnummer, beitragsnummer, zeit) VALUES (76, 2939, "2020-10-05 17:19:52");
INSERT INTO gefaellt (profilnummer, beitragsnummer, zeit) VALUES (76, 1303, "2020-10-01 17:12:48");
INSERT INTO gefaellt (profilnummer, beitragsnummer, zeit) VALUES (76, 3079, "2020-10-08 07:02:22");
INSERT INTO gefaellt (profilnummer, beitragsnummer, zeit) VALUES (76, 4348, "2020-10-08 08:21:43");
INSERT INTO gefaellt (profilnummer, beitragsnummer, zeit) VALUES (76, 3928, "2020-10-07 18:25:16");
INSERT INTO gefaellt (profilnummer, beitragsnummer, zeit) VALUES (76, 2526, "2020-10-04 17:56:23");
INSERT INTO gefaellt (profilnummer, beitragsnummer, zeit) VALUES (76, 2096, "2020-10-11 18:52:41");
INSERT INTO gefaellt (profilnummer, beitragsnummer, zeit) VALUES (76, 4704, "2020-10-03 17:12:25");
INSERT INTO gefaellt (profilnummer, beitragsnummer, zeit) VALUES (76, 4674, "2020-10-09 17:36:02");
INSERT INTO gefaellt (profilnummer, beitragsnummer, zeit) VALUES (76, 1125, "2020-10-06 07:24:15");
INSERT INTO gefaellt (profilnummer, beitragsnummer, zeit) VALUES (76, 2208, "2020-10-09 18:40:57");
INSERT INTO gefaellt (profilnummer, beitragsnummer, zeit) VALUES (76, 3586, "2020-10-06 18:41:08");
INSERT INTO gefaellt (profilnummer, beitragsnummer, zeit) VALUES (76, 4932, "2020-10-10 08:08:30");
INSERT INTO gefaellt (profilnummer, beitragsnummer, zeit) VALUES (76, 4762, "2020-10-03 17:05:37");
INSERT INTO gefaellt (profilnummer, beitragsnummer, zeit) VALUES (76, 4222, "2020-10-13 08:51:40");
INSERT INTO gefaellt (profilnummer, beitragsnummer, zeit) VALUES (76, 3894, "2020-10-10 08:42:50");
INSERT INTO gefaellt (profilnummer, beitragsnummer, zeit) VALUES (76, 4905, "2020-10-08 17:48:15");
INSERT INTO gefaellt (profilnummer, beitragsnummer, zeit) VALUES (76, 1638, "2020-10-06 17:32:05");
INSERT INTO gefaellt (profilnummer, beitragsnummer, zeit) VALUES (76, 4698, "2020-10-14 07:38:26");
INSERT INTO gefaellt (profilnummer, beitragsnummer, zeit) VALUES (76, 4591, "2020-10-10 08:18:41");
INSERT INTO gefaellt (profilnummer, beitragsnummer, zeit) VALUES (76, 2624, "2020-10-09 07:11:03");
INSERT INTO gefaellt (profilnummer, beitragsnummer, zeit) VALUES (76, 3854, "2020-10-11 08:11:41");
INSERT INTO gefaellt (profilnummer, beitragsnummer, zeit) VALUES (76, 2223, "2020-10-12 07:29:18");
INSERT INTO gefaellt (profilnummer, beitragsnummer, zeit) VALUES (76, 4956, "2020-10-03 07:08:05");
INSERT INTO gefaellt (profilnummer, beitragsnummer, zeit) VALUES (76, 3517, "2020-10-02 08:59:43");
INSERT INTO gefaellt (profilnummer, beitragsnummer, zeit) VALUES (76, 4382, "2020-10-01 08:30:04");
INSERT INTO gefaellt (profilnummer, beitragsnummer, zeit) VALUES (76, 4442, "2020-10-13 08:29:09");
INSERT INTO gefaellt (profilnummer, beitragsnummer, zeit) VALUES (76, 1629, "2020-10-11 17:28:48");
INSERT INTO gefaellt (profilnummer, beitragsnummer, zeit) VALUES (76, 3066, "2020-10-12 07:39:33");
INSERT INTO gefaellt (profilnummer, beitragsnummer, zeit) VALUES (76, 3726, "2020-10-07 18:03:55");
INSERT INTO gefaellt (profilnummer, beitragsnummer, zeit) VALUES (76, 1617, "2020-10-02 18:09:29");
INSERT INTO gefaellt (profilnummer, beitragsnummer, zeit) VALUES (76, 1963, "2020-10-01 17:20:22");
INSERT INTO gefaellt (profilnummer, beitragsnummer, zeit) VALUES (76, 3982, "2020-10-05 08:23:31");
INSERT INTO gefaellt (profilnummer, beitragsnummer, zeit) VALUES (76, 3828, "2020-10-08 08:28:17");
INSERT INTO gefaellt (profilnummer, beitragsnummer, zeit) VALUES (76, 4967, "2020-10-02 17:41:50");
INSERT INTO gefaellt (profilnummer, beitragsnummer, zeit) VALUES (76, 3137, "2020-10-12 17:44:31");
INSERT INTO gefaellt (profilnummer, beitragsnummer, zeit) VALUES (76, 1230, "2020-10-12 08:25:30");
INSERT INTO gefaellt (profilnummer, beitragsnummer, zeit) VALUES (76, 1646, "2020-10-13 17:38:15");
INSERT INTO gefaellt (profilnummer, beitragsnummer, zeit) VALUES (76, 2648, "2020-10-04 07:16:02");
INSERT INTO gefaellt (profilnummer, beitragsnummer, zeit) VALUES (76, 1278, "2020-10-07 18:29:30");
INSERT INTO gefaellt (profilnummer, beitragsnummer, zeit) VALUES (76, 4768, "2020-10-13 18:52:04");
INSERT INTO gefaellt (profilnummer, beitragsnummer, zeit) VALUES (76, 1466, "2020-10-10 08:06:26");
INSERT INTO gefaellt (profilnummer, beitragsnummer, zeit) VALUES (76, 1269, "2020-10-12 07:20:46");
INSERT INTO gefaellt (profilnummer, beitragsnummer, zeit) VALUES (76, 4004, "2020-10-08 17:52:30");
INSERT INTO gefaellt (profilnummer, beitragsnummer, zeit) VALUES (76, 1321, "2020-10-06 07:25:46");
INSERT INTO gefaellt (profilnummer, beitragsnummer, zeit) VALUES (76, 2912, "2020-10-10 17:51:06");
INSERT INTO gefaellt (profilnummer, beitragsnummer, zeit) VALUES (76, 3004, "2020-10-07 17:35:46");
INSERT INTO gefaellt (profilnummer, beitragsnummer, zeit) VALUES (76, 4057, "2020-10-11 17:26:46");
INSERT INTO gefaellt (profilnummer, beitragsnummer, zeit) VALUES (76, 3651, "2020-10-12 08:25:10");
INSERT INTO gefaellt (profilnummer, beitragsnummer, zeit) VALUES (76, 4684, "2020-10-10 18:41:28");
INSERT INTO gefaellt (profilnummer, beitragsnummer, zeit) VALUES (76, 3463, "2020-10-10 07:25:19");
INSERT INTO gefaellt (profilnummer, beitragsnummer, zeit) VALUES (76, 4046, "2020-10-11 08:35:24");
INSERT INTO gefaellt (profilnummer, beitragsnummer, zeit) VALUES (76, 1480, "2020-10-04 17:30:02");
INSERT INTO gefaellt (profilnummer, beitragsnummer, zeit) VALUES (76, 4882, "2020-10-06 08:36:42");
INSERT INTO gefaellt (profilnummer, beitragsnummer, zeit) VALUES (76, 1859, "2020-10-11 17:39:25");
INSERT INTO gefaellt (profilnummer, beitragsnummer, zeit) VALUES (76, 1898, "2020-10-01 08:33:46");
INSERT INTO gefaellt (profilnummer, beitragsnummer, zeit) VALUES (76, 2903, "2020-10-06 17:17:40");
INSERT INTO gefaellt (profilnummer, beitragsnummer, zeit) VALUES (41, 2425, "2020-10-13 13:00:30");
INSERT INTO gefaellt (profilnummer, beitragsnummer, zeit) VALUES (41, 1898, "2020-10-04 14:02:23");
INSERT INTO gefaellt (profilnummer, beitragsnummer, zeit) VALUES (41, 4594, "2020-10-03 17:02:38");
INSERT INTO gefaellt (profilnummer, beitragsnummer, zeit) VALUES (41, 1784, "2020-10-07 16:03:11");
INSERT INTO gefaellt (profilnummer, beitragsnummer, zeit) VALUES (41, 4032, "2020-10-08 17:02:56");
INSERT INTO gefaellt (profilnummer, beitragsnummer, zeit) VALUES (41, 4698, "2020-10-09 16:02:10");
INSERT INTO gefaellt (profilnummer, beitragsnummer, zeit) VALUES (41, 3520, "2020-10-02 16:02:04");
INSERT INTO gefaellt (profilnummer, beitragsnummer, zeit) VALUES (41, 4591, "2020-10-03 13:02:22");
INSERT INTO gefaellt (profilnummer, beitragsnummer, zeit) VALUES (41, 2684, "2020-10-04 18:01:57");
INSERT INTO gefaellt (profilnummer, beitragsnummer, zeit) VALUES (41, 4370, "2020-10-09 18:03:06");
INSERT INTO gefaellt (profilnummer, beitragsnummer, zeit) VALUES (41, 4348, "2020-10-11 19:04:44");
INSERT INTO gefaellt (profilnummer, beitragsnummer, zeit) VALUES (41, 3552, "2020-10-10 16:02:31");
INSERT INTO gefaellt (profilnummer, beitragsnummer, zeit) VALUES (41, 4956, "2020-10-10 19:03:21");
INSERT INTO gefaellt (profilnummer, beitragsnummer, zeit) VALUES (41, 1892, "2020-10-06 17:00:45");
INSERT INTO gefaellt (profilnummer, beitragsnummer, zeit) VALUES (41, 1278, "2020-10-07 17:01:24");
INSERT INTO gefaellt (profilnummer, beitragsnummer, zeit) VALUES (41, 2414, "2020-10-07 16:03:36");
INSERT INTO gefaellt (profilnummer, beitragsnummer, zeit) VALUES (41, 4382, "2020-10-10 17:03:28");
INSERT INTO gefaellt (profilnummer, beitragsnummer, zeit) VALUES (41, 4969, "2020-10-09 16:02:12");
INSERT INTO gefaellt (profilnummer, beitragsnummer, zeit) VALUES (41, 3651, "2020-10-09 15:01:54");
INSERT INTO gefaellt (profilnummer, beitragsnummer, zeit) VALUES (41, 2911, "2020-10-01 19:02:31");
INSERT INTO gefaellt (profilnummer, beitragsnummer, zeit) VALUES (41, 2763, "2020-10-02 13:00:38");
INSERT INTO gefaellt (profilnummer, beitragsnummer, zeit) VALUES (41, 3079, "2020-10-11 16:04:52");
INSERT INTO gefaellt (profilnummer, beitragsnummer, zeit) VALUES (41, 3111, "2020-10-03 19:02:21");
INSERT INTO gefaellt (profilnummer, beitragsnummer, zeit) VALUES (41, 3102, "2020-10-12 16:02:00");
INSERT INTO gefaellt (profilnummer, beitragsnummer, zeit) VALUES (41, 4768, "2020-10-03 13:02:15");
INSERT INTO gefaellt (profilnummer, beitragsnummer, zeit) VALUES (41, 2719, "2020-10-13 14:02:40");
INSERT INTO gefaellt (profilnummer, beitragsnummer, zeit) VALUES (41, 2581, "2020-10-02 14:00:06");
INSERT INTO gefaellt (profilnummer, beitragsnummer, zeit) VALUES (41, 1813, "2020-10-02 15:00:13");
INSERT INTO gefaellt (profilnummer, beitragsnummer, zeit) VALUES (41, 4801, "2020-10-05 15:00:50");
INSERT INTO gefaellt (profilnummer, beitragsnummer, zeit) VALUES (41, 3066, "2020-10-07 19:00:08");
INSERT INTO gefaellt (profilnummer, beitragsnummer, zeit) VALUES (41, 3894, "2020-10-02 18:00:44");
INSERT INTO gefaellt (profilnummer, beitragsnummer, zeit) VALUES (41, 4704, "2020-10-07 13:00:06");
INSERT INTO gefaellt (profilnummer, beitragsnummer, zeit) VALUES (41, 1321, "2020-10-11 13:04:27");
INSERT INTO gefaellt (profilnummer, beitragsnummer, zeit) VALUES (41, 3218, "2020-10-02 14:00:12");
INSERT INTO gefaellt (profilnummer, beitragsnummer, zeit) VALUES (41, 1269, "2020-10-11 16:02:24");
INSERT INTO gefaellt (profilnummer, beitragsnummer, zeit) VALUES (41, 4325, "2020-10-07 16:04:04");
INSERT INTO gefaellt (profilnummer, beitragsnummer, zeit) VALUES (41, 2223, "2020-10-09 15:04:34");
INSERT INTO gefaellt (profilnummer, beitragsnummer, zeit) VALUES (41, 4968, "2020-10-06 14:04:15");
INSERT INTO gefaellt (profilnummer, beitragsnummer, zeit) VALUES (41, 2534, "2020-10-06 16:00:32");
INSERT INTO gefaellt (profilnummer, beitragsnummer, zeit) VALUES (41, 2096, "2020-10-12 19:03:59");
INSERT INTO gefaellt (profilnummer, beitragsnummer, zeit) VALUES (41, 1646, "2020-10-01 18:01:43");
INSERT INTO gefaellt (profilnummer, beitragsnummer, zeit) VALUES (41, 3854, "2020-10-01 15:04:38");
INSERT INTO gefaellt (profilnummer, beitragsnummer, zeit) VALUES (41, 2939, "2020-10-02 19:04:43");
INSERT INTO gefaellt (profilnummer, beitragsnummer, zeit) VALUES (41, 1353, "2020-10-02 13:04:44");
INSERT INTO gefaellt (profilnummer, beitragsnummer, zeit) VALUES (41, 4779, "2020-10-09 18:04:57");
INSERT INTO gefaellt (profilnummer, beitragsnummer, zeit) VALUES (41, 4282, "2020-10-11 15:02:34");
INSERT INTO gefaellt (profilnummer, beitragsnummer, zeit) VALUES (41, 2352, "2020-10-04 16:03:46");
INSERT INTO gefaellt (profilnummer, beitragsnummer, zeit) VALUES (41, 4046, "2020-10-09 19:01:25");
INSERT INTO gefaellt (profilnummer, beitragsnummer, zeit) VALUES (41, 1956, "2020-10-06 13:03:49");
INSERT INTO gefaellt (profilnummer, beitragsnummer, zeit) VALUES (41, 4905, "2020-10-02 13:00:29");
INSERT INTO gefaellt (profilnummer, beitragsnummer, zeit) VALUES (41, 4967, "2020-10-11 13:04:42");
INSERT INTO gefaellt (profilnummer, beitragsnummer, zeit) VALUES (41, 1617, "2020-10-11 16:01:10");
INSERT INTO gefaellt (profilnummer, beitragsnummer, zeit) VALUES (41, 1480, "2020-10-11 16:03:08");
INSERT INTO gefaellt (profilnummer, beitragsnummer, zeit) VALUES (41, 2329, "2020-10-10 18:02:52");
INSERT INTO gefaellt (profilnummer, beitragsnummer, zeit) VALUES (41, 1147, "2020-10-13 18:04:19");
INSERT INTO gefaellt (profilnummer, beitragsnummer, zeit) VALUES (41, 4735, "2020-10-12 16:03:02");
INSERT INTO gefaellt (profilnummer, beitragsnummer, zeit) VALUES (41, 3004, "2020-10-13 13:03:51");
INSERT INTO gefaellt (profilnummer, beitragsnummer, zeit) VALUES (41, 2512, "2020-10-12 17:03:28");
INSERT INTO gefaellt (profilnummer, beitragsnummer, zeit) VALUES (41, 3746, "2020-10-01 15:00:29");
INSERT INTO gefaellt (profilnummer, beitragsnummer, zeit) VALUES (41, 4684, "2020-10-05 19:03:14");
INSERT INTO gefaellt (profilnummer, beitragsnummer, zeit) VALUES (41, 3967, "2020-10-10 16:01:34");
INSERT INTO gefaellt (profilnummer, beitragsnummer, zeit) VALUES (41, 4419, "2020-10-13 14:03:41");
INSERT INTO gefaellt (profilnummer, beitragsnummer, zeit) VALUES (41, 3726, "2020-10-11 15:03:14");
INSERT INTO gefaellt (profilnummer, beitragsnummer, zeit) VALUES (41, 3494, "2020-10-12 19:01:26");
INSERT INTO gefaellt (profilnummer, beitragsnummer, zeit) VALUES (113, 2790, "2020-10-11 20:01:37");
INSERT INTO gefaellt (profilnummer, beitragsnummer, zeit) VALUES (113, 4282, "2020-10-03 21:04:34");
INSERT INTO gefaellt (profilnummer, beitragsnummer, zeit) VALUES (113, 2903, "2020-10-10 23:02:17");
INSERT INTO gefaellt (profilnummer, beitragsnummer, zeit) VALUES (113, 2425, "2020-10-01 19:03:26");
INSERT INTO gefaellt (profilnummer, beitragsnummer, zeit) VALUES (113, 3111, "2020-10-13 22:00:15");
INSERT INTO gefaellt (profilnummer, beitragsnummer, zeit) VALUES (113, 1646, "2020-10-12 21:01:48");
INSERT INTO gefaellt (profilnummer, beitragsnummer, zeit) VALUES (113, 1321, "2020-10-08 20:02:30");
INSERT INTO gefaellt (profilnummer, beitragsnummer, zeit) VALUES (113, 4382, "2020-10-01 23:00:40");
INSERT INTO gefaellt (profilnummer, beitragsnummer, zeit) VALUES (113, 4698, "2020-10-06 21:01:31");
INSERT INTO gefaellt (profilnummer, beitragsnummer, zeit) VALUES (113, 1353, "2020-10-08 23:00:36");
INSERT INTO gefaellt (profilnummer, beitragsnummer, zeit) VALUES (113, 2526, "2020-10-01 21:00:48");
INSERT INTO gefaellt (profilnummer, beitragsnummer, zeit) VALUES (113, 4956, "2020-10-07 22:01:02");
INSERT INTO gefaellt (profilnummer, beitragsnummer, zeit) VALUES (113, 4325, "2020-10-08 22:03:58");
INSERT INTO gefaellt (profilnummer, beitragsnummer, zeit) VALUES (113, 4779, "2020-10-04 20:01:53");
INSERT INTO gefaellt (profilnummer, beitragsnummer, zeit) VALUES (113, 4967, "2020-10-04 21:04:44");
INSERT INTO gefaellt (profilnummer, beitragsnummer, zeit) VALUES (113, 2292, "2020-10-08 19:03:39");
INSERT INTO gefaellt (profilnummer, beitragsnummer, zeit) VALUES (113, 2512, "2020-10-13 22:04:35");
INSERT INTO gefaellt (profilnummer, beitragsnummer, zeit) VALUES (113, 3982, "2020-10-08 23:00:55");
INSERT INTO gefaellt (profilnummer, beitragsnummer, zeit) VALUES (113, 2329, "2020-10-08 22:01:56");
INSERT INTO gefaellt (profilnummer, beitragsnummer, zeit) VALUES (113, 1480, "2020-10-03 22:04:55");
INSERT INTO gefaellt (profilnummer, beitragsnummer, zeit) VALUES (113, 2534, "2020-10-12 19:03:29");
INSERT INTO gefaellt (profilnummer, beitragsnummer, zeit) VALUES (113, 1963, "2020-10-08 22:01:03");
INSERT INTO gefaellt (profilnummer, beitragsnummer, zeit) VALUES (113, 1898, "2020-10-11 19:04:16");
INSERT INTO gefaellt (profilnummer, beitragsnummer, zeit) VALUES (113, 3463, "2020-10-05 20:03:42");
INSERT INTO gefaellt (profilnummer, beitragsnummer, zeit) VALUES (113, 3928, "2020-10-02 23:03:06");
INSERT INTO gefaellt (profilnummer, beitragsnummer, zeit) VALUES (113, 2096, "2020-10-05 19:00:14");
INSERT INTO gefaellt (profilnummer, beitragsnummer, zeit) VALUES (113, 1558, "2020-10-03 20:02:53");
INSERT INTO gefaellt (profilnummer, beitragsnummer, zeit) VALUES (113, 3828, "2020-10-11 20:03:01");
INSERT INTO gefaellt (profilnummer, beitragsnummer, zeit) VALUES (113, 4591, "2020-10-05 21:04:28");
INSERT INTO gefaellt (profilnummer, beitragsnummer, zeit) VALUES (113, 1946, "2020-10-13 23:00:49");
INSERT INTO gefaellt (profilnummer, beitragsnummer, zeit) VALUES (113, 2362, "2020-10-01 22:02:41");
INSERT INTO gefaellt (profilnummer, beitragsnummer, zeit) VALUES (113, 2223, "2020-10-09 20:00:06");
INSERT INTO gefaellt (profilnummer, beitragsnummer, zeit) VALUES (113, 4674, "2020-10-13 19:04:52");
INSERT INTO gefaellt (profilnummer, beitragsnummer, zeit) VALUES (113, 3494, "2020-10-10 21:03:14");
INSERT INTO gefaellt (profilnummer, beitragsnummer, zeit) VALUES (113, 1303, "2020-10-10 19:01:26");
INSERT INTO gefaellt (profilnummer, beitragsnummer, zeit) VALUES (113, 2581, "2020-10-13 20:02:30");
INSERT INTO gefaellt (profilnummer, beitragsnummer, zeit) VALUES (113, 3520, "2020-10-03 20:02:39");
INSERT INTO gefaellt (profilnummer, beitragsnummer, zeit) VALUES (113, 2163, "2020-10-05 19:01:00");
INSERT INTO gefaellt (profilnummer, beitragsnummer, zeit) VALUES (113, 1629, "2020-10-01 21:01:08");
INSERT INTO gefaellt (profilnummer, beitragsnummer, zeit) VALUES (113, 2352, "2020-10-04 21:04:38");
INSERT INTO gefaellt (profilnummer, beitragsnummer, zeit) VALUES (113, 3102, "2020-10-03 23:04:13");
INSERT INTO gefaellt (profilnummer, beitragsnummer, zeit) VALUES (113, 2879, "2020-10-12 22:00:40");
INSERT INTO gefaellt (profilnummer, beitragsnummer, zeit) VALUES (113, 4762, "2020-10-09 23:01:51");
INSERT INTO gefaellt (profilnummer, beitragsnummer, zeit) VALUES (113, 1147, "2020-10-07 23:04:24");
INSERT INTO gefaellt (profilnummer, beitragsnummer, zeit) VALUES (113, 2202, "2020-10-09 19:01:44");
INSERT INTO gefaellt (profilnummer, beitragsnummer, zeit) VALUES (113, 4905, "2020-10-03 23:03:03");
INSERT INTO gefaellt (profilnummer, beitragsnummer, zeit) VALUES (113, 2208, "2020-10-01 22:01:49");
INSERT INTO gefaellt (profilnummer, beitragsnummer, zeit) VALUES (113, 1859, "2020-10-02 22:04:47");
INSERT INTO gefaellt (profilnummer, beitragsnummer, zeit) VALUES (70, 3111, "2020-10-01 18:37:11");
INSERT INTO gefaellt (profilnummer, beitragsnummer, zeit) VALUES (70, 2763, "2020-10-01 18:37:12");
INSERT INTO gefaellt (profilnummer, beitragsnummer, zeit) VALUES (70, 3494, "2020-10-01 18:37:13");
INSERT INTO gefaellt (profilnummer, beitragsnummer, zeit) VALUES (70, 1813, "2020-10-01 18:37:14");
INSERT INTO gefaellt (profilnummer, beitragsnummer, zeit) VALUES (70, 4004, "2020-10-01 18:37:15");
INSERT INTO gefaellt (profilnummer, beitragsnummer, zeit) VALUES (70, 4419, "2020-10-01 18:37:16");
INSERT INTO gefaellt (profilnummer, beitragsnummer, zeit) VALUES (70, 3894, "2020-10-01 18:37:17");
INSERT INTO gefaellt (profilnummer, beitragsnummer, zeit) VALUES (70, 4768, "2020-10-01 18:37:18");
INSERT INTO gefaellt (profilnummer, beitragsnummer, zeit) VALUES (70, 4684, "2020-10-01 18:37:19");
INSERT INTO gefaellt (profilnummer, beitragsnummer, zeit) VALUES (70, 4057, "2020-10-01 18:37:20");
INSERT INTO gefaellt (profilnummer, beitragsnummer, zeit) VALUES (70, 3079, "2020-10-07 00:57:38");
INSERT INTO gefaellt (profilnummer, beitragsnummer, zeit) VALUES (70, 1321, "2020-10-07 00:57:39");
INSERT INTO gefaellt (profilnummer, beitragsnummer, zeit) VALUES (70, 4969, "2020-10-07 00:57:40");
INSERT INTO gefaellt (profilnummer, beitragsnummer, zeit) VALUES (70, 2352, "2020-10-07 00:57:41");
INSERT INTO gefaellt (profilnummer, beitragsnummer, zeit) VALUES (70, 3552, "2020-10-07 00:57:42");
INSERT INTO gefaellt (profilnummer, beitragsnummer, zeit) VALUES (70, 3799, "2020-10-07 00:57:43");
INSERT INTO gefaellt (profilnummer, beitragsnummer, zeit) VALUES (70, 4968, "2020-10-07 00:57:44");
INSERT INTO gefaellt (profilnummer, beitragsnummer, zeit) VALUES (70, 2163, "2020-10-07 00:57:45");
INSERT INTO gefaellt (profilnummer, beitragsnummer, zeit) VALUES (70, 4222, "2020-10-07 00:57:46");
INSERT INTO gefaellt (profilnummer, beitragsnummer, zeit) VALUES (70, 4882, "2020-10-07 00:57:47");
INSERT INTO gefaellt (profilnummer, beitragsnummer, zeit) VALUES (70, 1646, "2020-10-07 00:57:48");
INSERT INTO gefaellt (profilnummer, beitragsnummer, zeit) VALUES (70, 3004, "2020-10-07 00:57:49");
INSERT INTO gefaellt (profilnummer, beitragsnummer, zeit) VALUES (70, 3102, "2020-10-07 00:57:50");
INSERT INTO gefaellt (profilnummer, beitragsnummer, zeit) VALUES (70, 2624, "2020-10-07 00:57:51");
INSERT INTO gefaellt (profilnummer, beitragsnummer, zeit) VALUES (70, 4762, "2020-10-07 00:57:52");
INSERT INTO gefaellt (profilnummer, beitragsnummer, zeit) VALUES (70, 3218, "2020-10-07 00:57:53");
INSERT INTO gefaellt (profilnummer, beitragsnummer, zeit) VALUES (70, 3735, "2020-10-07 00:57:54");
INSERT INTO gefaellt (profilnummer, beitragsnummer, zeit) VALUES (70, 2202, "2020-10-07 00:57:55");
INSERT INTO gefaellt (profilnummer, beitragsnummer, zeit) VALUES (70, 3147, "2020-10-07 00:57:56");
INSERT INTO gefaellt (profilnummer, beitragsnummer, zeit) VALUES (70, 1278, "2020-10-07 00:57:57");
INSERT INTO gefaellt (profilnummer, beitragsnummer, zeit) VALUES (70, 3066, "2020-10-07 00:57:58");
INSERT INTO gefaellt (profilnummer, beitragsnummer, zeit) VALUES (70, 3651, "2020-10-07 00:57:59");
INSERT INTO gefaellt (profilnummer, beitragsnummer, zeit) VALUES (70, 2581, "2020-10-07 00:58:00");
INSERT INTO gefaellt (profilnummer, beitragsnummer, zeit) VALUES (70, 4591, "2020-10-07 00:58:01");
INSERT INTO gefaellt (profilnummer, beitragsnummer, zeit) VALUES (70, 1963, "2020-10-07 00:58:02");
INSERT INTO gefaellt (profilnummer, beitragsnummer, zeit) VALUES (70, 2425, "2020-10-07 00:58:03");
INSERT INTO gefaellt (profilnummer, beitragsnummer, zeit) VALUES (70, 1353, "2020-10-07 00:58:04");
INSERT INTO gefaellt (profilnummer, beitragsnummer, zeit) VALUES (70, 1784, "2020-10-07 00:58:05");
INSERT INTO gefaellt (profilnummer, beitragsnummer, zeit) VALUES (70, 2879, "2020-10-07 00:58:06");
INSERT INTO gefaellt (profilnummer, beitragsnummer, zeit) VALUES (70, 2903, "2020-10-07 00:58:07");
INSERT INTO gefaellt (profilnummer, beitragsnummer, zeit) VALUES (70, 2439, "2020-10-07 00:58:08");
INSERT INTO gefaellt (profilnummer, beitragsnummer, zeit) VALUES (70, 1279, "2020-10-07 00:58:09");
INSERT INTO gefaellt (profilnummer, beitragsnummer, zeit) VALUES (70, 4370, "2020-10-07 00:58:10");
INSERT INTO gefaellt (profilnummer, beitragsnummer, zeit) VALUES (70, 1898, "2020-10-07 00:58:11");
