DELETE FROM profil; 
DELETE FROM beitrag; 
DELETE FROM gefaellt; 
INSERT INTO profil (profilnummer) VALUES (130);
INSERT INTO profil (profilnummer) VALUES (181);
INSERT INTO profil (profilnummer) VALUES (19);
INSERT INTO profil (profilnummer) VALUES (86);
INSERT INTO profil (profilnummer) VALUES (14);
INSERT INTO profil (profilnummer) VALUES (151);
INSERT INTO profil (profilnummer) VALUES (76);
INSERT INTO profil (profilnummer) VALUES (41);
INSERT INTO profil (profilnummer) VALUES (113);
INSERT INTO profil (profilnummer) VALUES (70);
INSERT INTO beitrag (beitragsnummer, autor_profilnummer) VALUES (3097, 130);
INSERT INTO beitrag (beitragsnummer, autor_profilnummer) VALUES (3064, 130);
INSERT INTO beitrag (beitragsnummer, autor_profilnummer) VALUES (2506, 130);
INSERT INTO beitrag (beitragsnummer, autor_profilnummer) VALUES (1543, 130);
INSERT INTO beitrag (beitragsnummer, autor_profilnummer) VALUES (4865, 130);
INSERT INTO beitrag (beitragsnummer, autor_profilnummer) VALUES (2218, 130);
INSERT INTO beitrag (beitragsnummer, autor_profilnummer) VALUES (3254, 130);
INSERT INTO beitrag (beitragsnummer, autor_profilnummer) VALUES (2385, 130);
INSERT INTO beitrag (beitragsnummer, autor_profilnummer) VALUES (3582, 130);
INSERT INTO beitrag (beitragsnummer, autor_profilnummer) VALUES (1760, 130);
INSERT INTO beitrag (beitragsnummer, autor_profilnummer) VALUES (3710, 130);
INSERT INTO beitrag (beitragsnummer, autor_profilnummer) VALUES (2858, 130);
INSERT INTO beitrag (beitragsnummer, autor_profilnummer) VALUES (3822, 130);
INSERT INTO beitrag (beitragsnummer, autor_profilnummer) VALUES (1930, 130);
INSERT INTO beitrag (beitragsnummer, autor_profilnummer) VALUES (3780, 181);
INSERT INTO beitrag (beitragsnummer, autor_profilnummer) VALUES (1733, 19);
INSERT INTO beitrag (beitragsnummer, autor_profilnummer) VALUES (2577, 19);
INSERT INTO beitrag (beitragsnummer, autor_profilnummer) VALUES (2176, 19);
INSERT INTO beitrag (beitragsnummer, autor_profilnummer) VALUES (2759, 19);
INSERT INTO beitrag (beitragsnummer, autor_profilnummer) VALUES (3293, 19);
INSERT INTO beitrag (beitragsnummer, autor_profilnummer) VALUES (2224, 19);
INSERT INTO beitrag (beitragsnummer, autor_profilnummer) VALUES (3410, 19);
INSERT INTO beitrag (beitragsnummer, autor_profilnummer) VALUES (1065, 86);
INSERT INTO beitrag (beitragsnummer, autor_profilnummer) VALUES (3055, 86);
INSERT INTO beitrag (beitragsnummer, autor_profilnummer) VALUES (4840, 86);
INSERT INTO beitrag (beitragsnummer, autor_profilnummer) VALUES (1401, 86);
INSERT INTO beitrag (beitragsnummer, autor_profilnummer) VALUES (2592, 86);
INSERT INTO beitrag (beitragsnummer, autor_profilnummer) VALUES (4490, 86);
INSERT INTO beitrag (beitragsnummer, autor_profilnummer) VALUES (3502, 86);
INSERT INTO beitrag (beitragsnummer, autor_profilnummer) VALUES (4072, 86);
INSERT INTO beitrag (beitragsnummer, autor_profilnummer) VALUES (4799, 86);
INSERT INTO beitrag (beitragsnummer, autor_profilnummer) VALUES (4462, 86);
INSERT INTO beitrag (beitragsnummer, autor_profilnummer) VALUES (2978, 86);
INSERT INTO beitrag (beitragsnummer, autor_profilnummer) VALUES (4766, 86);
INSERT INTO beitrag (beitragsnummer, autor_profilnummer) VALUES (3188, 86);
INSERT INTO beitrag (beitragsnummer, autor_profilnummer) VALUES (1496, 86);
INSERT INTO beitrag (beitragsnummer, autor_profilnummer) VALUES (1582, 86);
INSERT INTO beitrag (beitragsnummer, autor_profilnummer) VALUES (1049, 86);
INSERT INTO beitrag (beitragsnummer, autor_profilnummer) VALUES (2615, 86);
INSERT INTO beitrag (beitragsnummer, autor_profilnummer) VALUES (3728, 86);
INSERT INTO beitrag (beitragsnummer, autor_profilnummer) VALUES (4659, 86);
INSERT INTO beitrag (beitragsnummer, autor_profilnummer) VALUES (2302, 86);
INSERT INTO beitrag (beitragsnummer, autor_profilnummer) VALUES (2021, 86);
INSERT INTO beitrag (beitragsnummer, autor_profilnummer) VALUES (3278, 86);
INSERT INTO beitrag (beitragsnummer, autor_profilnummer) VALUES (1136, 86);
INSERT INTO beitrag (beitragsnummer, autor_profilnummer) VALUES (4386, 86);
INSERT INTO beitrag (beitragsnummer, autor_profilnummer) VALUES (1083, 86);
INSERT INTO beitrag (beitragsnummer, autor_profilnummer) VALUES (4239, 86);
INSERT INTO beitrag (beitragsnummer, autor_profilnummer) VALUES (1548, 86);
INSERT INTO beitrag (beitragsnummer, autor_profilnummer) VALUES (3184, 86);
INSERT INTO beitrag (beitragsnummer, autor_profilnummer) VALUES (4492, 86);
INSERT INTO beitrag (beitragsnummer, autor_profilnummer) VALUES (2420, 86);
INSERT INTO beitrag (beitragsnummer, autor_profilnummer) VALUES (3366, 86);
INSERT INTO beitrag (beitragsnummer, autor_profilnummer) VALUES (4091, 86);
INSERT INTO beitrag (beitragsnummer, autor_profilnummer) VALUES (2508, 86);
INSERT INTO beitrag (beitragsnummer, autor_profilnummer) VALUES (4223, 86);
INSERT INTO beitrag (beitragsnummer, autor_profilnummer) VALUES (3414, 86);
INSERT INTO beitrag (beitragsnummer, autor_profilnummer) VALUES (3553, 86);
INSERT INTO beitrag (beitragsnummer, autor_profilnummer) VALUES (2402, 86);
INSERT INTO beitrag (beitragsnummer, autor_profilnummer) VALUES (2811, 86);
INSERT INTO beitrag (beitragsnummer, autor_profilnummer) VALUES (2391, 86);
INSERT INTO beitrag (beitragsnummer, autor_profilnummer) VALUES (4920, 86);
INSERT INTO beitrag (beitragsnummer, autor_profilnummer) VALUES (4355, 86);
INSERT INTO beitrag (beitragsnummer, autor_profilnummer) VALUES (4889, 86);
INSERT INTO beitrag (beitragsnummer, autor_profilnummer) VALUES (2355, 14);
INSERT INTO beitrag (beitragsnummer, autor_profilnummer) VALUES (4559, 14);
INSERT INTO beitrag (beitragsnummer, autor_profilnummer) VALUES (4146, 14);
INSERT INTO beitrag (beitragsnummer, autor_profilnummer) VALUES (2721, 14);
INSERT INTO beitrag (beitragsnummer, autor_profilnummer) VALUES (2875, 14);
INSERT INTO beitrag (beitragsnummer, autor_profilnummer) VALUES (1452, 14);
INSERT INTO beitrag (beitragsnummer, autor_profilnummer) VALUES (3050, 14);
INSERT INTO beitrag (beitragsnummer, autor_profilnummer) VALUES (1812, 14);
INSERT INTO beitrag (beitragsnummer, autor_profilnummer) VALUES (2226, 14);
INSERT INTO beitrag (beitragsnummer, autor_profilnummer) VALUES (1975, 14);
INSERT INTO beitrag (beitragsnummer, autor_profilnummer) VALUES (4358, 14);
INSERT INTO beitrag (beitragsnummer, autor_profilnummer) VALUES (1515, 14);
INSERT INTO beitrag (beitragsnummer, autor_profilnummer) VALUES (2794, 14);
INSERT INTO beitrag (beitragsnummer, autor_profilnummer) VALUES (2950, 14);
INSERT INTO beitrag (beitragsnummer, autor_profilnummer) VALUES (3039, 14);
INSERT INTO beitrag (beitragsnummer, autor_profilnummer) VALUES (1969, 14);
INSERT INTO beitrag (beitragsnummer, autor_profilnummer) VALUES (3160, 14);
INSERT INTO beitrag (beitragsnummer, autor_profilnummer) VALUES (3557, 14);
INSERT INTO beitrag (beitragsnummer, autor_profilnummer) VALUES (4445, 14);
INSERT INTO beitrag (beitragsnummer, autor_profilnummer) VALUES (1036, 14);
INSERT INTO beitrag (beitragsnummer, autor_profilnummer) VALUES (3179, 14);
INSERT INTO beitrag (beitragsnummer, autor_profilnummer) VALUES (2643, 14);
INSERT INTO beitrag (beitragsnummer, autor_profilnummer) VALUES (4030, 14);
INSERT INTO beitrag (beitragsnummer, autor_profilnummer) VALUES (2943, 14);
INSERT INTO beitrag (beitragsnummer, autor_profilnummer) VALUES (3622, 14);
INSERT INTO beitrag (beitragsnummer, autor_profilnummer) VALUES (3449, 151);
INSERT INTO beitrag (beitragsnummer, autor_profilnummer) VALUES (1467, 151);
INSERT INTO beitrag (beitragsnummer, autor_profilnummer) VALUES (2424, 151);
INSERT INTO beitrag (beitragsnummer, autor_profilnummer) VALUES (1267, 151);
INSERT INTO beitrag (beitragsnummer, autor_profilnummer) VALUES (3483, 151);
INSERT INTO beitrag (beitragsnummer, autor_profilnummer) VALUES (1697, 151);
INSERT INTO beitrag (beitragsnummer, autor_profilnummer) VALUES (2560, 151);
INSERT INTO beitrag (beitragsnummer, autor_profilnummer) VALUES (3141, 76);
INSERT INTO beitrag (beitragsnummer, autor_profilnummer) VALUES (2376, 76);
INSERT INTO beitrag (beitragsnummer, autor_profilnummer) VALUES (3106, 76);
INSERT INTO beitrag (beitragsnummer, autor_profilnummer) VALUES (4257, 76);
INSERT INTO beitrag (beitragsnummer, autor_profilnummer) VALUES (4145, 76);
INSERT INTO beitrag (beitragsnummer, autor_profilnummer) VALUES (1027, 76);
INSERT INTO beitrag (beitragsnummer, autor_profilnummer) VALUES (4129, 76);
INSERT INTO beitrag (beitragsnummer, autor_profilnummer) VALUES (3514, 76);
INSERT INTO beitrag (beitragsnummer, autor_profilnummer) VALUES (1513, 76);
INSERT INTO beitrag (beitragsnummer, autor_profilnummer) VALUES (4343, 76);
INSERT INTO beitrag (beitragsnummer, autor_profilnummer) VALUES (4033, 76);
INSERT INTO beitrag (beitragsnummer, autor_profilnummer) VALUES (4950, 76);
INSERT INTO beitrag (beitragsnummer, autor_profilnummer) VALUES (1972, 41);
INSERT INTO beitrag (beitragsnummer, autor_profilnummer) VALUES (3321, 41);
INSERT INTO beitrag (beitragsnummer, autor_profilnummer) VALUES (2990, 41);
INSERT INTO beitrag (beitragsnummer, autor_profilnummer) VALUES (3177, 41);
INSERT INTO beitrag (beitragsnummer, autor_profilnummer) VALUES (3707, 41);
INSERT INTO beitrag (beitragsnummer, autor_profilnummer) VALUES (3209, 41);
INSERT INTO beitrag (beitragsnummer, autor_profilnummer) VALUES (3065, 41);
INSERT INTO beitrag (beitragsnummer, autor_profilnummer) VALUES (1847, 41);
INSERT INTO beitrag (beitragsnummer, autor_profilnummer) VALUES (2505, 41);
INSERT INTO beitrag (beitragsnummer, autor_profilnummer) VALUES (1544, 41);
INSERT INTO beitrag (beitragsnummer, autor_profilnummer) VALUES (4807, 41);
INSERT INTO beitrag (beitragsnummer, autor_profilnummer) VALUES (3897, 41);
INSERT INTO beitrag (beitragsnummer, autor_profilnummer) VALUES (2539, 41);
INSERT INTO beitrag (beitragsnummer, autor_profilnummer) VALUES (2156, 41);
INSERT INTO beitrag (beitragsnummer, autor_profilnummer) VALUES (2115, 41);
INSERT INTO beitrag (beitragsnummer, autor_profilnummer) VALUES (2638, 41);
INSERT INTO beitrag (beitragsnummer, autor_profilnummer) VALUES (3781, 41);
INSERT INTO beitrag (beitragsnummer, autor_profilnummer) VALUES (3737, 41);
INSERT INTO beitrag (beitragsnummer, autor_profilnummer) VALUES (1705, 41);
INSERT INTO beitrag (beitragsnummer, autor_profilnummer) VALUES (2325, 113);
INSERT INTO beitrag (beitragsnummer, autor_profilnummer) VALUES (3809, 113);
INSERT INTO beitrag (beitragsnummer, autor_profilnummer) VALUES (2422, 113);
INSERT INTO beitrag (beitragsnummer, autor_profilnummer) VALUES (1324, 113);
INSERT INTO beitrag (beitragsnummer, autor_profilnummer) VALUES (3098, 113);
INSERT INTO beitrag (beitragsnummer, autor_profilnummer) VALUES (1703, 113);
INSERT INTO beitrag (beitragsnummer, autor_profilnummer) VALUES (1154, 113);
INSERT INTO beitrag (beitragsnummer, autor_profilnummer) VALUES (3657, 113);
INSERT INTO beitrag (beitragsnummer, autor_profilnummer) VALUES (2418, 113);
INSERT INTO beitrag (beitragsnummer, autor_profilnummer) VALUES (3599, 113);
INSERT INTO beitrag (beitragsnummer, autor_profilnummer) VALUES (4540, 113);
INSERT INTO beitrag (beitragsnummer, autor_profilnummer) VALUES (3713, 70);
INSERT INTO gefaellt (profilnummer, beitragsnummer, zeit) VALUES (130, 1065, "2020-10-01 15:33:22");
INSERT INTO gefaellt (profilnummer, beitragsnummer, zeit) VALUES (130, 3055, "2020-10-14 10:10:23");
INSERT INTO gefaellt (profilnummer, beitragsnummer, zeit) VALUES (130, 4840, "2020-10-01 16:39:53");
INSERT INTO gefaellt (profilnummer, beitragsnummer, zeit) VALUES (130, 1401, "2020-10-06 09:19:52");
INSERT INTO gefaellt (profilnummer, beitragsnummer, zeit) VALUES (130, 2592, "2020-10-02 19:50:56");
INSERT INTO gefaellt (profilnummer, beitragsnummer, zeit) VALUES (130, 4490, "2020-10-09 09:47:54");
INSERT INTO gefaellt (profilnummer, beitragsnummer, zeit) VALUES (130, 3502, "2020-10-08 13:36:54");
INSERT INTO gefaellt (profilnummer, beitragsnummer, zeit) VALUES (130, 4072, "2020-10-13 22:02:56");
INSERT INTO gefaellt (profilnummer, beitragsnummer, zeit) VALUES (130, 4799, "2020-10-11 15:01:18");
INSERT INTO gefaellt (profilnummer, beitragsnummer, zeit) VALUES (130, 4462, "2020-10-03 09:08:20");
INSERT INTO gefaellt (profilnummer, beitragsnummer, zeit) VALUES (130, 2978, "2020-10-07 22:39:47");
INSERT INTO gefaellt (profilnummer, beitragsnummer, zeit) VALUES (130, 4766, "2020-10-13 19:18:59");
INSERT INTO gefaellt (profilnummer, beitragsnummer, zeit) VALUES (130, 3188, "2020-10-13 22:44:26");
INSERT INTO gefaellt (profilnummer, beitragsnummer, zeit) VALUES (130, 1496, "2020-10-04 07:46:52");
INSERT INTO gefaellt (profilnummer, beitragsnummer, zeit) VALUES (130, 1582, "2020-10-06 12:30:47");
INSERT INTO gefaellt (profilnummer, beitragsnummer, zeit) VALUES (130, 1049, "2020-10-02 07:31:06");
INSERT INTO gefaellt (profilnummer, beitragsnummer, zeit) VALUES (130, 2615, "2020-10-09 07:26:38");
INSERT INTO gefaellt (profilnummer, beitragsnummer, zeit) VALUES (130, 3728, "2020-10-07 22:40:18");
INSERT INTO gefaellt (profilnummer, beitragsnummer, zeit) VALUES (130, 4659, "2020-10-14 07:38:30");
INSERT INTO gefaellt (profilnummer, beitragsnummer, zeit) VALUES (130, 2302, "2020-10-12 08:26:47");
INSERT INTO gefaellt (profilnummer, beitragsnummer, zeit) VALUES (130, 2021, "2020-10-04 19:23:59");
INSERT INTO gefaellt (profilnummer, beitragsnummer, zeit) VALUES (130, 3278, "2020-10-02 16:09:22");
INSERT INTO gefaellt (profilnummer, beitragsnummer, zeit) VALUES (130, 1136, "2020-10-03 07:32:50");
INSERT INTO gefaellt (profilnummer, beitragsnummer, zeit) VALUES (130, 4386, "2020-10-02 11:04:12");
INSERT INTO gefaellt (profilnummer, beitragsnummer, zeit) VALUES (130, 1083, "2020-10-10 08:02:19");
INSERT INTO gefaellt (profilnummer, beitragsnummer, zeit) VALUES (130, 4239, "2020-10-03 20:29:47");
INSERT INTO gefaellt (profilnummer, beitragsnummer, zeit) VALUES (130, 1548, "2020-10-01 08:29:39");
INSERT INTO gefaellt (profilnummer, beitragsnummer, zeit) VALUES (130, 3184, "2020-10-07 11:48:34");
INSERT INTO gefaellt (profilnummer, beitragsnummer, zeit) VALUES (130, 4492, "2020-10-07 10:54:14");
INSERT INTO gefaellt (profilnummer, beitragsnummer, zeit) VALUES (130, 2420, "2020-10-12 17:23:46");
INSERT INTO gefaellt (profilnummer, beitragsnummer, zeit) VALUES (130, 3366, "2020-10-08 16:54:30");
INSERT INTO gefaellt (profilnummer, beitragsnummer, zeit) VALUES (130, 4091, "2020-10-02 09:46:02");
INSERT INTO gefaellt (profilnummer, beitragsnummer, zeit) VALUES (130, 2508, "2020-10-09 07:29:39");
INSERT INTO gefaellt (profilnummer, beitragsnummer, zeit) VALUES (130, 4223, "2020-10-07 14:06:48");
INSERT INTO gefaellt (profilnummer, beitragsnummer, zeit) VALUES (130, 3414, "2020-10-01 12:14:46");
INSERT INTO gefaellt (profilnummer, beitragsnummer, zeit) VALUES (130, 3553, "2020-10-10 12:56:38");
INSERT INTO gefaellt (profilnummer, beitragsnummer, zeit) VALUES (130, 2402, "2020-10-06 14:48:28");
INSERT INTO gefaellt (profilnummer, beitragsnummer, zeit) VALUES (130, 2811, "2020-10-11 19:11:37");
INSERT INTO gefaellt (profilnummer, beitragsnummer, zeit) VALUES (130, 2391, "2020-10-05 13:55:13");
INSERT INTO gefaellt (profilnummer, beitragsnummer, zeit) VALUES (130, 4920, "2020-10-10 10:05:11");
INSERT INTO gefaellt (profilnummer, beitragsnummer, zeit) VALUES (130, 4355, "2020-10-11 23:54:47");
INSERT INTO gefaellt (profilnummer, beitragsnummer, zeit) VALUES (130, 4889, "2020-10-10 22:36:33");
INSERT INTO gefaellt (profilnummer, beitragsnummer, zeit) VALUES (181, 1065, "2020-09-02 12:00:00");
INSERT INTO gefaellt (profilnummer, beitragsnummer, zeit) VALUES (181, 3055, "2020-09-03 12:00:00");
INSERT INTO gefaellt (profilnummer, beitragsnummer, zeit) VALUES (181, 4840, "2020-09-04 12:00:00");
INSERT INTO gefaellt (profilnummer, beitragsnummer, zeit) VALUES (181, 1401, "2020-09-05 12:00:00");
INSERT INTO gefaellt (profilnummer, beitragsnummer, zeit) VALUES (181, 2592, "2020-09-06 12:00:00");
INSERT INTO gefaellt (profilnummer, beitragsnummer, zeit) VALUES (181, 4490, "2020-09-07 12:00:00");
INSERT INTO gefaellt (profilnummer, beitragsnummer, zeit) VALUES (181, 3502, "2020-09-08 12:00:00");
INSERT INTO gefaellt (profilnummer, beitragsnummer, zeit) VALUES (181, 4072, "2020-09-09 12:00:00");
INSERT INTO gefaellt (profilnummer, beitragsnummer, zeit) VALUES (181, 4799, "2020-09-10 12:00:00");
INSERT INTO gefaellt (profilnummer, beitragsnummer, zeit) VALUES (181, 4462, "2020-09-11 12:00:00");
INSERT INTO gefaellt (profilnummer, beitragsnummer, zeit) VALUES (181, 2978, "2020-09-12 12:00:00");
INSERT INTO gefaellt (profilnummer, beitragsnummer, zeit) VALUES (181, 4766, "2020-09-13 12:00:00");
INSERT INTO gefaellt (profilnummer, beitragsnummer, zeit) VALUES (181, 3188, "2020-09-14 12:00:00");
INSERT INTO gefaellt (profilnummer, beitragsnummer, zeit) VALUES (181, 1496, "2020-09-15 12:00:00");
INSERT INTO gefaellt (profilnummer, beitragsnummer, zeit) VALUES (181, 1582, "2020-09-16 12:00:00");
INSERT INTO gefaellt (profilnummer, beitragsnummer, zeit) VALUES (181, 1049, "2020-09-17 12:00:00");
INSERT INTO gefaellt (profilnummer, beitragsnummer, zeit) VALUES (181, 2615, "2020-09-18 12:00:00");
INSERT INTO gefaellt (profilnummer, beitragsnummer, zeit) VALUES (181, 3728, "2020-09-19 12:00:00");
INSERT INTO gefaellt (profilnummer, beitragsnummer, zeit) VALUES (181, 4659, "2020-09-20 12:00:00");
INSERT INTO gefaellt (profilnummer, beitragsnummer, zeit) VALUES (181, 2302, "2020-09-21 12:00:00");
INSERT INTO gefaellt (profilnummer, beitragsnummer, zeit) VALUES (181, 2021, "2020-09-22 12:00:00");
INSERT INTO gefaellt (profilnummer, beitragsnummer, zeit) VALUES (181, 3278, "2020-09-23 12:00:00");
INSERT INTO gefaellt (profilnummer, beitragsnummer, zeit) VALUES (181, 1136, "2020-09-24 12:00:00");
INSERT INTO gefaellt (profilnummer, beitragsnummer, zeit) VALUES (181, 4386, "2020-09-25 12:00:00");
INSERT INTO gefaellt (profilnummer, beitragsnummer, zeit) VALUES (181, 1083, "2020-09-26 12:00:00");
INSERT INTO gefaellt (profilnummer, beitragsnummer, zeit) VALUES (181, 4239, "2020-09-27 12:00:00");
INSERT INTO gefaellt (profilnummer, beitragsnummer, zeit) VALUES (181, 1548, "2020-09-28 12:00:00");
INSERT INTO gefaellt (profilnummer, beitragsnummer, zeit) VALUES (181, 3184, "2020-09-29 12:00:00");
INSERT INTO gefaellt (profilnummer, beitragsnummer, zeit) VALUES (181, 4492, "2020-09-30 12:00:00");
INSERT INTO gefaellt (profilnummer, beitragsnummer, zeit) VALUES (181, 2420, "2020-10-01 12:00:00");
INSERT INTO gefaellt (profilnummer, beitragsnummer, zeit) VALUES (181, 3366, "2020-10-02 12:00:00");
INSERT INTO gefaellt (profilnummer, beitragsnummer, zeit) VALUES (181, 4091, "2020-10-03 12:00:00");
INSERT INTO gefaellt (profilnummer, beitragsnummer, zeit) VALUES (181, 2508, "2020-10-04 12:00:00");
INSERT INTO gefaellt (profilnummer, beitragsnummer, zeit) VALUES (181, 4223, "2020-10-05 12:00:00");
INSERT INTO gefaellt (profilnummer, beitragsnummer, zeit) VALUES (181, 3414, "2020-10-06 12:00:00");
INSERT INTO gefaellt (profilnummer, beitragsnummer, zeit) VALUES (181, 3553, "2020-10-07 12:00:00");
INSERT INTO gefaellt (profilnummer, beitragsnummer, zeit) VALUES (181, 2402, "2020-10-08 12:00:00");
INSERT INTO gefaellt (profilnummer, beitragsnummer, zeit) VALUES (181, 2811, "2020-10-09 12:00:00");
INSERT INTO gefaellt (profilnummer, beitragsnummer, zeit) VALUES (181, 2391, "2020-10-10 12:00:00");
INSERT INTO gefaellt (profilnummer, beitragsnummer, zeit) VALUES (181, 4920, "2020-10-11 12:00:00");
INSERT INTO gefaellt (profilnummer, beitragsnummer, zeit) VALUES (181, 4355, "2020-10-12 12:00:00");
INSERT INTO gefaellt (profilnummer, beitragsnummer, zeit) VALUES (181, 4889, "2020-10-13 12:00:00");
INSERT INTO gefaellt (profilnummer, beitragsnummer, zeit) VALUES (19, 3097, "2020-10-05 09:05:09");
INSERT INTO gefaellt (profilnummer, beitragsnummer, zeit) VALUES (19, 3064, "2020-10-08 15:00:56");
INSERT INTO gefaellt (profilnummer, beitragsnummer, zeit) VALUES (19, 2506, "2020-10-03 15:23:14");
INSERT INTO gefaellt (profilnummer, beitragsnummer, zeit) VALUES (19, 1543, "2020-10-08 12:17:36");
INSERT INTO gefaellt (profilnummer, beitragsnummer, zeit) VALUES (19, 4865, "2020-10-01 16:04:02");
INSERT INTO gefaellt (profilnummer, beitragsnummer, zeit) VALUES (19, 2218, "2020-10-10 14:32:28");
INSERT INTO gefaellt (profilnummer, beitragsnummer, zeit) VALUES (19, 3254, "2020-10-06 10:42:46");
INSERT INTO gefaellt (profilnummer, beitragsnummer, zeit) VALUES (19, 2385, "2020-10-07 16:12:29");
INSERT INTO gefaellt (profilnummer, beitragsnummer, zeit) VALUES (19, 3582, "2020-10-01 16:23:54");
INSERT INTO gefaellt (profilnummer, beitragsnummer, zeit) VALUES (19, 1760, "2020-10-13 18:47:12");
INSERT INTO gefaellt (profilnummer, beitragsnummer, zeit) VALUES (19, 3710, "2020-10-13 15:14:31");
INSERT INTO gefaellt (profilnummer, beitragsnummer, zeit) VALUES (19, 2858, "2020-10-12 13:59:44");
INSERT INTO gefaellt (profilnummer, beitragsnummer, zeit) VALUES (19, 3822, "2020-10-09 12:53:06");
INSERT INTO gefaellt (profilnummer, beitragsnummer, zeit) VALUES (19, 1930, "2020-10-06 13:06:52");
INSERT INTO gefaellt (profilnummer, beitragsnummer, zeit) VALUES (19, 3780, "2020-10-09 12:50:53");
INSERT INTO gefaellt (profilnummer, beitragsnummer, zeit) VALUES (19, 1733, "2020-10-10 15:22:28");
INSERT INTO gefaellt (profilnummer, beitragsnummer, zeit) VALUES (19, 2577, "2020-10-12 11:47:44");
INSERT INTO gefaellt (profilnummer, beitragsnummer, zeit) VALUES (19, 2176, "2020-10-14 10:14:30");
INSERT INTO gefaellt (profilnummer, beitragsnummer, zeit) VALUES (19, 2759, "2020-10-03 16:43:59");
INSERT INTO gefaellt (profilnummer, beitragsnummer, zeit) VALUES (19, 3293, "2020-10-05 11:07:51");
INSERT INTO gefaellt (profilnummer, beitragsnummer, zeit) VALUES (19, 2224, "2020-10-08 13:51:00");
INSERT INTO gefaellt (profilnummer, beitragsnummer, zeit) VALUES (19, 3410, "2020-10-09 15:26:11");
INSERT INTO gefaellt (profilnummer, beitragsnummer, zeit) VALUES (19, 1065, "2020-10-02 15:03:41");
INSERT INTO gefaellt (profilnummer, beitragsnummer, zeit) VALUES (19, 3055, "2020-10-09 18:49:02");
INSERT INTO gefaellt (profilnummer, beitragsnummer, zeit) VALUES (19, 4840, "2020-10-06 16:17:55");
INSERT INTO gefaellt (profilnummer, beitragsnummer, zeit) VALUES (19, 1401, "2020-10-08 11:58:54");
INSERT INTO gefaellt (profilnummer, beitragsnummer, zeit) VALUES (19, 2592, "2020-10-04 13:11:10");
INSERT INTO gefaellt (profilnummer, beitragsnummer, zeit) VALUES (19, 4490, "2020-10-05 15:49:44");
INSERT INTO gefaellt (profilnummer, beitragsnummer, zeit) VALUES (19, 3502, "2020-10-13 18:04:07");
INSERT INTO gefaellt (profilnummer, beitragsnummer, zeit) VALUES (19, 4072, "2020-10-13 17:31:47");
INSERT INTO gefaellt (profilnummer, beitragsnummer, zeit) VALUES (19, 4799, "2020-10-05 10:36:22");
INSERT INTO gefaellt (profilnummer, beitragsnummer, zeit) VALUES (19, 4462, "2020-10-01 18:52:43");
INSERT INTO gefaellt (profilnummer, beitragsnummer, zeit) VALUES (19, 2978, "2020-10-11 15:15:54");
INSERT INTO gefaellt (profilnummer, beitragsnummer, zeit) VALUES (19, 4766, "2020-10-11 10:14:02");
INSERT INTO gefaellt (profilnummer, beitragsnummer, zeit) VALUES (19, 3188, "2020-10-11 13:51:40");
INSERT INTO gefaellt (profilnummer, beitragsnummer, zeit) VALUES (19, 1496, "2020-10-02 12:06:31");
INSERT INTO gefaellt (profilnummer, beitragsnummer, zeit) VALUES (19, 1582, "2020-10-09 10:06:08");
INSERT INTO gefaellt (profilnummer, beitragsnummer, zeit) VALUES (19, 1049, "2020-10-02 12:37:30");
INSERT INTO gefaellt (profilnummer, beitragsnummer, zeit) VALUES (19, 2615, "2020-10-07 09:19:42");
INSERT INTO gefaellt (profilnummer, beitragsnummer, zeit) VALUES (19, 3728, "2020-10-08 09:25:49");
INSERT INTO gefaellt (profilnummer, beitragsnummer, zeit) VALUES (19, 4659, "2020-10-09 12:38:56");
INSERT INTO gefaellt (profilnummer, beitragsnummer, zeit) VALUES (19, 2302, "2020-10-02 17:58:35");
INSERT INTO gefaellt (profilnummer, beitragsnummer, zeit) VALUES (19, 2021, "2020-10-09 15:02:26");
INSERT INTO gefaellt (profilnummer, beitragsnummer, zeit) VALUES (19, 3278, "2020-10-08 12:28:07");
INSERT INTO gefaellt (profilnummer, beitragsnummer, zeit) VALUES (19, 1136, "2020-10-06 09:06:12");
INSERT INTO gefaellt (profilnummer, beitragsnummer, zeit) VALUES (19, 4386, "2020-10-04 13:02:05");
INSERT INTO gefaellt (profilnummer, beitragsnummer, zeit) VALUES (19, 1083, "2020-10-01 13:29:52");
INSERT INTO gefaellt (profilnummer, beitragsnummer, zeit) VALUES (19, 4239, "2020-10-02 11:27:56");
INSERT INTO gefaellt (profilnummer, beitragsnummer, zeit) VALUES (19, 1548, "2020-10-05 16:54:47");
INSERT INTO gefaellt (profilnummer, beitragsnummer, zeit) VALUES (19, 3184, "2020-10-08 17:54:59");
INSERT INTO gefaellt (profilnummer, beitragsnummer, zeit) VALUES (19, 4492, "2020-10-06 15:39:03");
INSERT INTO gefaellt (profilnummer, beitragsnummer, zeit) VALUES (19, 2420, "2020-10-10 13:25:36");
INSERT INTO gefaellt (profilnummer, beitragsnummer, zeit) VALUES (19, 3366, "2020-10-06 16:35:20");
INSERT INTO gefaellt (profilnummer, beitragsnummer, zeit) VALUES (19, 4091, "2020-10-07 13:22:56");
INSERT INTO gefaellt (profilnummer, beitragsnummer, zeit) VALUES (19, 2508, "2020-10-03 18:56:26");
INSERT INTO gefaellt (profilnummer, beitragsnummer, zeit) VALUES (19, 4223, "2020-10-07 09:32:14");
INSERT INTO gefaellt (profilnummer, beitragsnummer, zeit) VALUES (19, 3414, "2020-10-08 16:06:20");
INSERT INTO gefaellt (profilnummer, beitragsnummer, zeit) VALUES (19, 3553, "2020-10-04 09:42:28");
INSERT INTO gefaellt (profilnummer, beitragsnummer, zeit) VALUES (19, 2402, "2020-10-05 12:18:02");
INSERT INTO gefaellt (profilnummer, beitragsnummer, zeit) VALUES (19, 2811, "2020-10-07 18:35:09");
INSERT INTO gefaellt (profilnummer, beitragsnummer, zeit) VALUES (19, 2391, "2020-10-14 12:17:17");
INSERT INTO gefaellt (profilnummer, beitragsnummer, zeit) VALUES (19, 4920, "2020-10-04 12:25:15");
INSERT INTO gefaellt (profilnummer, beitragsnummer, zeit) VALUES (19, 4355, "2020-10-07 16:54:11");
INSERT INTO gefaellt (profilnummer, beitragsnummer, zeit) VALUES (19, 4889, "2020-10-05 10:24:02");
INSERT INTO gefaellt (profilnummer, beitragsnummer, zeit) VALUES (19, 2355, "2020-10-12 17:13:04");
INSERT INTO gefaellt (profilnummer, beitragsnummer, zeit) VALUES (19, 4559, "2020-10-04 18:09:47");
INSERT INTO gefaellt (profilnummer, beitragsnummer, zeit) VALUES (19, 4146, "2020-10-11 10:19:58");
INSERT INTO gefaellt (profilnummer, beitragsnummer, zeit) VALUES (19, 2721, "2020-10-07 16:57:06");
INSERT INTO gefaellt (profilnummer, beitragsnummer, zeit) VALUES (19, 2875, "2020-10-07 18:05:03");
INSERT INTO gefaellt (profilnummer, beitragsnummer, zeit) VALUES (19, 1452, "2020-10-12 10:59:04");
INSERT INTO gefaellt (profilnummer, beitragsnummer, zeit) VALUES (19, 3050, "2020-10-04 13:25:05");
INSERT INTO gefaellt (profilnummer, beitragsnummer, zeit) VALUES (19, 1812, "2020-10-09 09:09:36");
INSERT INTO gefaellt (profilnummer, beitragsnummer, zeit) VALUES (19, 2226, "2020-10-07 09:36:17");
INSERT INTO gefaellt (profilnummer, beitragsnummer, zeit) VALUES (19, 1975, "2020-10-11 13:11:03");
INSERT INTO gefaellt (profilnummer, beitragsnummer, zeit) VALUES (19, 4358, "2020-10-07 14:21:36");
INSERT INTO gefaellt (profilnummer, beitragsnummer, zeit) VALUES (19, 1515, "2020-10-09 13:58:46");
INSERT INTO gefaellt (profilnummer, beitragsnummer, zeit) VALUES (19, 2794, "2020-10-05 18:49:36");
INSERT INTO gefaellt (profilnummer, beitragsnummer, zeit) VALUES (19, 2950, "2020-10-05 09:30:29");
INSERT INTO gefaellt (profilnummer, beitragsnummer, zeit) VALUES (19, 3039, "2020-10-04 14:46:39");
INSERT INTO gefaellt (profilnummer, beitragsnummer, zeit) VALUES (19, 1969, "2020-10-11 16:57:07");
INSERT INTO gefaellt (profilnummer, beitragsnummer, zeit) VALUES (19, 3160, "2020-10-04 14:43:16");
INSERT INTO gefaellt (profilnummer, beitragsnummer, zeit) VALUES (19, 3557, "2020-10-04 14:46:47");
INSERT INTO gefaellt (profilnummer, beitragsnummer, zeit) VALUES (19, 4445, "2020-10-07 15:54:11");
INSERT INTO gefaellt (profilnummer, beitragsnummer, zeit) VALUES (19, 1036, "2020-10-07 12:25:40");
INSERT INTO gefaellt (profilnummer, beitragsnummer, zeit) VALUES (19, 3179, "2020-10-07 18:55:08");
INSERT INTO gefaellt (profilnummer, beitragsnummer, zeit) VALUES (19, 2643, "2020-10-07 09:26:15");
INSERT INTO gefaellt (profilnummer, beitragsnummer, zeit) VALUES (19, 4030, "2020-10-10 12:27:27");
INSERT INTO gefaellt (profilnummer, beitragsnummer, zeit) VALUES (19, 2943, "2020-10-14 11:53:43");
INSERT INTO gefaellt (profilnummer, beitragsnummer, zeit) VALUES (19, 3622, "2020-10-01 12:41:21");
INSERT INTO gefaellt (profilnummer, beitragsnummer, zeit) VALUES (19, 3449, "2020-10-07 16:58:49");
INSERT INTO gefaellt (profilnummer, beitragsnummer, zeit) VALUES (19, 1467, "2020-10-10 17:02:13");
INSERT INTO gefaellt (profilnummer, beitragsnummer, zeit) VALUES (19, 2424, "2020-10-12 10:39:11");
INSERT INTO gefaellt (profilnummer, beitragsnummer, zeit) VALUES (19, 1267, "2020-10-07 12:43:16");
INSERT INTO gefaellt (profilnummer, beitragsnummer, zeit) VALUES (19, 3483, "2020-10-09 18:10:23");
INSERT INTO gefaellt (profilnummer, beitragsnummer, zeit) VALUES (19, 1697, "2020-10-01 10:40:54");
INSERT INTO gefaellt (profilnummer, beitragsnummer, zeit) VALUES (19, 2560, "2020-10-05 13:59:03");
INSERT INTO gefaellt (profilnummer, beitragsnummer, zeit) VALUES (19, 3141, "2020-10-11 17:10:41");
INSERT INTO gefaellt (profilnummer, beitragsnummer, zeit) VALUES (19, 2376, "2020-10-07 09:50:12");
INSERT INTO gefaellt (profilnummer, beitragsnummer, zeit) VALUES (19, 3106, "2020-10-01 17:11:36");
INSERT INTO gefaellt (profilnummer, beitragsnummer, zeit) VALUES (19, 4257, "2020-10-05 15:23:21");
INSERT INTO gefaellt (profilnummer, beitragsnummer, zeit) VALUES (19, 4145, "2020-10-03 18:24:31");
INSERT INTO gefaellt (profilnummer, beitragsnummer, zeit) VALUES (19, 1027, "2020-10-02 10:43:41");
INSERT INTO gefaellt (profilnummer, beitragsnummer, zeit) VALUES (19, 4129, "2020-10-10 14:07:50");
INSERT INTO gefaellt (profilnummer, beitragsnummer, zeit) VALUES (19, 3514, "2020-10-01 10:29:55");
INSERT INTO gefaellt (profilnummer, beitragsnummer, zeit) VALUES (19, 1513, "2020-10-11 10:33:22");
INSERT INTO gefaellt (profilnummer, beitragsnummer, zeit) VALUES (19, 4343, "2020-10-04 18:33:01");
INSERT INTO gefaellt (profilnummer, beitragsnummer, zeit) VALUES (19, 4033, "2020-10-10 15:10:29");
INSERT INTO gefaellt (profilnummer, beitragsnummer, zeit) VALUES (19, 4950, "2020-10-11 09:18:05");
INSERT INTO gefaellt (profilnummer, beitragsnummer, zeit) VALUES (19, 1972, "2020-10-10 14:28:57");
INSERT INTO gefaellt (profilnummer, beitragsnummer, zeit) VALUES (19, 3321, "2020-10-08 09:01:28");
INSERT INTO gefaellt (profilnummer, beitragsnummer, zeit) VALUES (19, 2990, "2020-10-07 13:14:10");
INSERT INTO gefaellt (profilnummer, beitragsnummer, zeit) VALUES (19, 3177, "2020-10-09 14:18:04");
INSERT INTO gefaellt (profilnummer, beitragsnummer, zeit) VALUES (19, 3707, "2020-10-02 16:43:46");
INSERT INTO gefaellt (profilnummer, beitragsnummer, zeit) VALUES (19, 3209, "2020-10-05 09:36:51");
INSERT INTO gefaellt (profilnummer, beitragsnummer, zeit) VALUES (19, 3065, "2020-10-11 17:13:32");
INSERT INTO gefaellt (profilnummer, beitragsnummer, zeit) VALUES (19, 1847, "2020-10-10 13:00:59");
INSERT INTO gefaellt (profilnummer, beitragsnummer, zeit) VALUES (19, 2505, "2020-10-06 11:50:35");
INSERT INTO gefaellt (profilnummer, beitragsnummer, zeit) VALUES (19, 1544, "2020-10-04 15:21:45");
INSERT INTO gefaellt (profilnummer, beitragsnummer, zeit) VALUES (19, 4807, "2020-10-07 18:08:35");
INSERT INTO gefaellt (profilnummer, beitragsnummer, zeit) VALUES (19, 3897, "2020-10-09 17:01:25");
INSERT INTO gefaellt (profilnummer, beitragsnummer, zeit) VALUES (19, 2539, "2020-10-07 18:18:46");
INSERT INTO gefaellt (profilnummer, beitragsnummer, zeit) VALUES (19, 2156, "2020-10-14 11:51:09");
INSERT INTO gefaellt (profilnummer, beitragsnummer, zeit) VALUES (19, 2115, "2020-10-14 09:00:23");
INSERT INTO gefaellt (profilnummer, beitragsnummer, zeit) VALUES (19, 2638, "2020-10-11 15:53:57");
INSERT INTO gefaellt (profilnummer, beitragsnummer, zeit) VALUES (19, 3781, "2020-10-14 12:13:31");
INSERT INTO gefaellt (profilnummer, beitragsnummer, zeit) VALUES (19, 3737, "2020-10-02 11:43:21");
INSERT INTO gefaellt (profilnummer, beitragsnummer, zeit) VALUES (19, 1705, "2020-10-06 09:13:00");
INSERT INTO gefaellt (profilnummer, beitragsnummer, zeit) VALUES (19, 2325, "2020-10-01 14:00:41");
INSERT INTO gefaellt (profilnummer, beitragsnummer, zeit) VALUES (19, 3809, "2020-10-05 18:16:20");
INSERT INTO gefaellt (profilnummer, beitragsnummer, zeit) VALUES (19, 2422, "2020-10-08 13:45:09");
INSERT INTO gefaellt (profilnummer, beitragsnummer, zeit) VALUES (19, 1324, "2020-10-08 15:57:24");
INSERT INTO gefaellt (profilnummer, beitragsnummer, zeit) VALUES (19, 3098, "2020-10-09 15:05:15");
INSERT INTO gefaellt (profilnummer, beitragsnummer, zeit) VALUES (19, 1703, "2020-10-08 15:45:57");
INSERT INTO gefaellt (profilnummer, beitragsnummer, zeit) VALUES (19, 1154, "2020-10-07 14:08:18");
INSERT INTO gefaellt (profilnummer, beitragsnummer, zeit) VALUES (19, 3657, "2020-10-12 15:44:59");
INSERT INTO gefaellt (profilnummer, beitragsnummer, zeit) VALUES (19, 2418, "2020-10-06 16:04:53");
INSERT INTO gefaellt (profilnummer, beitragsnummer, zeit) VALUES (19, 3599, "2020-10-01 12:28:47");
INSERT INTO gefaellt (profilnummer, beitragsnummer, zeit) VALUES (19, 4540, "2020-10-13 14:34:32");
INSERT INTO gefaellt (profilnummer, beitragsnummer, zeit) VALUES (19, 3713, "2020-10-02 10:38:28");
INSERT INTO gefaellt (profilnummer, beitragsnummer, zeit) VALUES (14, 2355, "2020-10-09 11:13:25");
INSERT INTO gefaellt (profilnummer, beitragsnummer, zeit) VALUES (14, 4559, "2020-10-02 18:33:14");
INSERT INTO gefaellt (profilnummer, beitragsnummer, zeit) VALUES (14, 4146, "2020-10-12 17:01:16");
INSERT INTO gefaellt (profilnummer, beitragsnummer, zeit) VALUES (14, 2721, "2020-10-02 09:34:16");
INSERT INTO gefaellt (profilnummer, beitragsnummer, zeit) VALUES (14, 2875, "2020-10-08 16:40:05");
INSERT INTO gefaellt (profilnummer, beitragsnummer, zeit) VALUES (14, 1452, "2020-10-05 15:58:02");
INSERT INTO gefaellt (profilnummer, beitragsnummer, zeit) VALUES (14, 3050, "2020-10-10 18:29:03");
INSERT INTO gefaellt (profilnummer, beitragsnummer, zeit) VALUES (14, 1812, "2020-10-03 12:49:57");
INSERT INTO gefaellt (profilnummer, beitragsnummer, zeit) VALUES (14, 2226, "2020-10-01 16:51:54");
INSERT INTO gefaellt (profilnummer, beitragsnummer, zeit) VALUES (14, 1975, "2020-10-07 18:11:33");
INSERT INTO gefaellt (profilnummer, beitragsnummer, zeit) VALUES (14, 4358, "2020-10-08 15:11:45");
INSERT INTO gefaellt (profilnummer, beitragsnummer, zeit) VALUES (14, 1515, "2020-10-13 13:28:45");
INSERT INTO gefaellt (profilnummer, beitragsnummer, zeit) VALUES (14, 2794, "2020-10-05 14:48:16");
INSERT INTO gefaellt (profilnummer, beitragsnummer, zeit) VALUES (14, 2950, "2020-10-04 14:22:28");
INSERT INTO gefaellt (profilnummer, beitragsnummer, zeit) VALUES (14, 3039, "2020-10-03 13:22:40");
INSERT INTO gefaellt (profilnummer, beitragsnummer, zeit) VALUES (14, 1969, "2020-10-09 10:59:04");
INSERT INTO gefaellt (profilnummer, beitragsnummer, zeit) VALUES (14, 3160, "2020-10-02 14:44:41");
INSERT INTO gefaellt (profilnummer, beitragsnummer, zeit) VALUES (14, 3557, "2020-10-11 11:36:40");
INSERT INTO gefaellt (profilnummer, beitragsnummer, zeit) VALUES (14, 4445, "2020-10-01 16:17:14");
INSERT INTO gefaellt (profilnummer, beitragsnummer, zeit) VALUES (14, 1036, "2020-10-10 09:42:20");
INSERT INTO gefaellt (profilnummer, beitragsnummer, zeit) VALUES (14, 3179, "2020-10-03 09:16:17");
INSERT INTO gefaellt (profilnummer, beitragsnummer, zeit) VALUES (14, 2643, "2020-10-02 11:27:25");
INSERT INTO gefaellt (profilnummer, beitragsnummer, zeit) VALUES (14, 4030, "2020-10-08 18:12:39");
INSERT INTO gefaellt (profilnummer, beitragsnummer, zeit) VALUES (14, 2943, "2020-10-03 14:32:44");
INSERT INTO gefaellt (profilnummer, beitragsnummer, zeit) VALUES (14, 3622, "2020-10-12 10:57:41");
INSERT INTO gefaellt (profilnummer, beitragsnummer, zeit) VALUES (151, 2943, "2020-10-07 12:59:00");
INSERT INTO gefaellt (profilnummer, beitragsnummer, zeit) VALUES (151, 3278, "2020-10-12 12:52:00");
INSERT INTO gefaellt (profilnummer, beitragsnummer, zeit) VALUES (151, 2638, "2020-10-12 12:32:32");
INSERT INTO gefaellt (profilnummer, beitragsnummer, zeit) VALUES (151, 2115, "2020-10-04 12:32:26");
INSERT INTO gefaellt (profilnummer, beitragsnummer, zeit) VALUES (151, 4358, "2020-10-06 12:59:41");
INSERT INTO gefaellt (profilnummer, beitragsnummer, zeit) VALUES (151, 1544, "2020-10-13 12:15:07");
INSERT INTO gefaellt (profilnummer, beitragsnummer, zeit) VALUES (151, 1496, "2020-10-10 12:02:17");
INSERT INTO gefaellt (profilnummer, beitragsnummer, zeit) VALUES (151, 1154, "2020-10-01 12:32:16");
INSERT INTO gefaellt (profilnummer, beitragsnummer, zeit) VALUES (151, 3098, "2020-10-11 12:06:57");
INSERT INTO gefaellt (profilnummer, beitragsnummer, zeit) VALUES (151, 4540, "2020-10-09 12:17:43");
INSERT INTO gefaellt (profilnummer, beitragsnummer, zeit) VALUES (151, 1452, "2020-10-08 12:59:00");
INSERT INTO gefaellt (profilnummer, beitragsnummer, zeit) VALUES (151, 1065, "2020-10-05 12:50:44");
INSERT INTO gefaellt (profilnummer, beitragsnummer, zeit) VALUES (151, 3177, "2020-10-06 12:21:34");
INSERT INTO gefaellt (profilnummer, beitragsnummer, zeit) VALUES (151, 1401, "2020-10-14 12:59:51");
INSERT INTO gefaellt (profilnummer, beitragsnummer, zeit) VALUES (151, 2021, "2020-10-13 12:16:20");
INSERT INTO gefaellt (profilnummer, beitragsnummer, zeit) VALUES (151, 3713, "2020-10-03 12:35:55");
INSERT INTO gefaellt (profilnummer, beitragsnummer, zeit) VALUES (151, 1812, "2020-10-03 12:04:17");
INSERT INTO gefaellt (profilnummer, beitragsnummer, zeit) VALUES (151, 2420, "2020-10-11 12:19:56");
INSERT INTO gefaellt (profilnummer, beitragsnummer, zeit) VALUES (151, 3209, "2020-10-14 12:34:49");
INSERT INTO gefaellt (profilnummer, beitragsnummer, zeit) VALUES (151, 4807, "2020-10-12 12:23:53");
INSERT INTO gefaellt (profilnummer, beitragsnummer, zeit) VALUES (151, 1703, "2020-10-14 12:36:12");
INSERT INTO gefaellt (profilnummer, beitragsnummer, zeit) VALUES (151, 2875, "2020-10-10 12:14:29");
INSERT INTO gefaellt (profilnummer, beitragsnummer, zeit) VALUES (151, 4257, "2020-10-14 12:19:51");
INSERT INTO gefaellt (profilnummer, beitragsnummer, zeit) VALUES (151, 1543, "2020-10-12 12:59:28");
INSERT INTO gefaellt (profilnummer, beitragsnummer, zeit) VALUES (151, 2615, "2020-10-10 12:57:42");
INSERT INTO gefaellt (profilnummer, beitragsnummer, zeit) VALUES (151, 3141, "2020-10-07 12:26:21");
INSERT INTO gefaellt (profilnummer, beitragsnummer, zeit) VALUES (151, 2539, "2020-10-05 12:53:11");
INSERT INTO gefaellt (profilnummer, beitragsnummer, zeit) VALUES (151, 2508, "2020-10-10 12:51:59");
INSERT INTO gefaellt (profilnummer, beitragsnummer, zeit) VALUES (151, 3707, "2020-10-07 12:18:30");
INSERT INTO gefaellt (profilnummer, beitragsnummer, zeit) VALUES (151, 4865, "2020-10-02 12:30:37");
INSERT INTO gefaellt (profilnummer, beitragsnummer, zeit) VALUES (151, 1969, "2020-10-01 12:49:13");
INSERT INTO gefaellt (profilnummer, beitragsnummer, zeit) VALUES (151, 1136, "2020-10-07 12:22:08");
INSERT INTO gefaellt (profilnummer, beitragsnummer, zeit) VALUES (151, 2224, "2020-10-07 12:12:13");
INSERT INTO gefaellt (profilnummer, beitragsnummer, zeit) VALUES (151, 2176, "2020-10-10 12:37:48");
INSERT INTO gefaellt (profilnummer, beitragsnummer, zeit) VALUES (151, 3622, "2020-10-08 12:59:58");
INSERT INTO gefaellt (profilnummer, beitragsnummer, zeit) VALUES (151, 3414, "2020-10-02 12:59:19");
INSERT INTO gefaellt (profilnummer, beitragsnummer, zeit) VALUES (151, 2422, "2020-10-11 12:01:02");
INSERT INTO gefaellt (profilnummer, beitragsnummer, zeit) VALUES (151, 3188, "2020-10-03 12:31:19");
INSERT INTO gefaellt (profilnummer, beitragsnummer, zeit) VALUES (151, 1324, "2020-10-09 12:26:19");
INSERT INTO gefaellt (profilnummer, beitragsnummer, zeit) VALUES (151, 3557, "2020-10-01 12:24:46");
INSERT INTO gefaellt (profilnummer, beitragsnummer, zeit) VALUES (151, 4072, "2020-10-07 12:25:12");
INSERT INTO gefaellt (profilnummer, beitragsnummer, zeit) VALUES (151, 2505, "2020-10-03 12:09:53");
INSERT INTO gefaellt (profilnummer, beitragsnummer, zeit) VALUES (151, 4559, "2020-10-13 12:42:17");
INSERT INTO gefaellt (profilnummer, beitragsnummer, zeit) VALUES (151, 3737, "2020-10-12 12:56:51");
INSERT INTO gefaellt (profilnummer, beitragsnummer, zeit) VALUES (151, 3809, "2020-10-13 12:50:07");
INSERT INTO gefaellt (profilnummer, beitragsnummer, zeit) VALUES (151, 2950, "2020-10-12 12:05:34");
INSERT INTO gefaellt (profilnummer, beitragsnummer, zeit) VALUES (151, 1705, "2020-10-03 12:25:44");
INSERT INTO gefaellt (profilnummer, beitragsnummer, zeit) VALUES (151, 4343, "2020-10-03 12:03:57");
INSERT INTO gefaellt (profilnummer, beitragsnummer, zeit) VALUES (151, 1975, "2020-10-14 12:15:27");
INSERT INTO gefaellt (profilnummer, beitragsnummer, zeit) VALUES (151, 1972, "2020-10-05 12:15:59");
INSERT INTO gefaellt (profilnummer, beitragsnummer, zeit) VALUES (151, 3097, "2020-10-01 12:16:35");
INSERT INTO gefaellt (profilnummer, beitragsnummer, zeit) VALUES (151, 2721, "2020-10-08 12:52:00");
INSERT INTO gefaellt (profilnummer, beitragsnummer, zeit) VALUES (151, 4033, "2020-10-14 12:42:10");
INSERT INTO gefaellt (profilnummer, beitragsnummer, zeit) VALUES (151, 4766, "2020-10-11 12:51:29");
INSERT INTO gefaellt (profilnummer, beitragsnummer, zeit) VALUES (151, 1930, "2020-10-01 12:13:51");
INSERT INTO gefaellt (profilnummer, beitragsnummer, zeit) VALUES (151, 4091, "2020-10-07 12:11:28");
INSERT INTO gefaellt (profilnummer, beitragsnummer, zeit) VALUES (151, 4223, "2020-10-14 12:10:09");
INSERT INTO gefaellt (profilnummer, beitragsnummer, zeit) VALUES (151, 4386, "2020-10-10 12:53:41");
INSERT INTO gefaellt (profilnummer, beitragsnummer, zeit) VALUES (151, 3366, "2020-10-07 12:48:00");
INSERT INTO gefaellt (profilnummer, beitragsnummer, zeit) VALUES (151, 4659, "2020-10-03 12:09:30");
INSERT INTO gefaellt (profilnummer, beitragsnummer, zeit) VALUES (151, 3321, "2020-10-11 12:57:13");
INSERT INTO gefaellt (profilnummer, beitragsnummer, zeit) VALUES (151, 4030, "2020-10-06 12:03:21");
INSERT INTO gefaellt (profilnummer, beitragsnummer, zeit) VALUES (151, 4490, "2020-10-04 12:14:29");
INSERT INTO gefaellt (profilnummer, beitragsnummer, zeit) VALUES (151, 4145, "2020-10-09 12:46:25");
INSERT INTO gefaellt (profilnummer, beitragsnummer, zeit) VALUES (151, 3514, "2020-10-14 12:29:18");
INSERT INTO gefaellt (profilnummer, beitragsnummer, zeit) VALUES (151, 3184, "2020-10-03 12:42:34");
INSERT INTO gefaellt (profilnummer, beitragsnummer, zeit) VALUES (151, 3502, "2020-10-05 12:15:36");
INSERT INTO gefaellt (profilnummer, beitragsnummer, zeit) VALUES (151, 1049, "2020-10-09 12:02:01");
INSERT INTO gefaellt (profilnummer, beitragsnummer, zeit) VALUES (151, 3179, "2020-10-14 12:35:08");
INSERT INTO gefaellt (profilnummer, beitragsnummer, zeit) VALUES (151, 2402, "2020-10-07 12:38:47");
INSERT INTO gefaellt (profilnummer, beitragsnummer, zeit) VALUES (151, 3065, "2020-10-09 12:31:55");
INSERT INTO gefaellt (profilnummer, beitragsnummer, zeit) VALUES (151, 2424, "2020-10-14 12:30:03");
INSERT INTO gefaellt (profilnummer, beitragsnummer, zeit) VALUES (151, 4889, "2020-10-06 12:27:09");
INSERT INTO gefaellt (profilnummer, beitragsnummer, zeit) VALUES (151, 3822, "2020-10-14 12:42:30");
INSERT INTO gefaellt (profilnummer, beitragsnummer, zeit) VALUES (151, 4799, "2020-10-08 12:22:28");
INSERT INTO gefaellt (profilnummer, beitragsnummer, zeit) VALUES (151, 2302, "2020-10-04 12:07:20");
INSERT INTO gefaellt (profilnummer, beitragsnummer, zeit) VALUES (151, 4950, "2020-10-10 12:36:45");
INSERT INTO gefaellt (profilnummer, beitragsnummer, zeit) VALUES (151, 3483, "2020-10-10 12:03:00");
INSERT INTO gefaellt (profilnummer, beitragsnummer, zeit) VALUES (151, 2990, "2020-10-11 12:08:11");
INSERT INTO gefaellt (profilnummer, beitragsnummer, zeit) VALUES (151, 3728, "2020-10-03 12:17:37");
INSERT INTO gefaellt (profilnummer, beitragsnummer, zeit) VALUES (151, 3254, "2020-10-12 12:47:55");
INSERT INTO gefaellt (profilnummer, beitragsnummer, zeit) VALUES (151, 4445, "2020-10-06 12:03:54");
INSERT INTO gefaellt (profilnummer, beitragsnummer, zeit) VALUES (151, 1548, "2020-10-13 12:58:04");
INSERT INTO gefaellt (profilnummer, beitragsnummer, zeit) VALUES (151, 1697, "2020-10-01 12:02:05");
INSERT INTO gefaellt (profilnummer, beitragsnummer, zeit) VALUES (151, 3106, "2020-10-10 12:43:39");
INSERT INTO gefaellt (profilnummer, beitragsnummer, zeit) VALUES (151, 1267, "2020-10-06 12:28:57");
INSERT INTO gefaellt (profilnummer, beitragsnummer, zeit) VALUES (151, 2811, "2020-10-06 12:46:10");
INSERT INTO gefaellt (profilnummer, beitragsnummer, zeit) VALUES (151, 3410, "2020-10-10 12:06:08");
INSERT INTO gefaellt (profilnummer, beitragsnummer, zeit) VALUES (151, 3553, "2020-10-04 12:51:54");
INSERT INTO gefaellt (profilnummer, beitragsnummer, zeit) VALUES (151, 2794, "2020-10-03 12:05:25");
INSERT INTO gefaellt (profilnummer, beitragsnummer, zeit) VALUES (151, 2506, "2020-10-11 12:37:48");
INSERT INTO gefaellt (profilnummer, beitragsnummer, zeit) VALUES (151, 2592, "2020-10-10 12:44:55");
INSERT INTO gefaellt (profilnummer, beitragsnummer, zeit) VALUES (151, 2385, "2020-10-11 12:23:11");
INSERT INTO gefaellt (profilnummer, beitragsnummer, zeit) VALUES (151, 3657, "2020-10-14 12:07:43");
INSERT INTO gefaellt (profilnummer, beitragsnummer, zeit) VALUES (151, 2156, "2020-10-13 12:46:17");
INSERT INTO gefaellt (profilnummer, beitragsnummer, zeit) VALUES (76, 2638, "2020-10-09 07:40:17");
INSERT INTO gefaellt (profilnummer, beitragsnummer, zeit) VALUES (76, 4492, "2020-10-13 18:55:12");
INSERT INTO gefaellt (profilnummer, beitragsnummer, zeit) VALUES (76, 3514, "2020-10-06 08:38:19");
INSERT INTO gefaellt (profilnummer, beitragsnummer, zeit) VALUES (76, 3483, "2020-10-01 18:08:28");
INSERT INTO gefaellt (profilnummer, beitragsnummer, zeit) VALUES (76, 3177, "2020-10-03 07:57:41");
INSERT INTO gefaellt (profilnummer, beitragsnummer, zeit) VALUES (76, 3414, "2020-10-07 18:46:54");
INSERT INTO gefaellt (profilnummer, beitragsnummer, zeit) VALUES (76, 4072, "2020-10-05 17:37:22");
INSERT INTO gefaellt (profilnummer, beitragsnummer, zeit) VALUES (76, 3065, "2020-10-08 08:04:24");
INSERT INTO gefaellt (profilnummer, beitragsnummer, zeit) VALUES (76, 1496, "2020-10-01 18:30:17");
INSERT INTO gefaellt (profilnummer, beitragsnummer, zeit) VALUES (76, 1065, "2020-10-01 07:50:48");
INSERT INTO gefaellt (profilnummer, beitragsnummer, zeit) VALUES (76, 2875, "2020-10-05 18:15:27");
INSERT INTO gefaellt (profilnummer, beitragsnummer, zeit) VALUES (76, 1136, "2020-10-09 08:23:44");
INSERT INTO gefaellt (profilnummer, beitragsnummer, zeit) VALUES (76, 2021, "2020-10-02 18:05:06");
INSERT INTO gefaellt (profilnummer, beitragsnummer, zeit) VALUES (76, 1452, "2020-10-14 08:11:27");
INSERT INTO gefaellt (profilnummer, beitragsnummer, zeit) VALUES (76, 2302, "2020-10-02 18:22:30");
INSERT INTO gefaellt (profilnummer, beitragsnummer, zeit) VALUES (76, 2355, "2020-10-09 18:35:50");
INSERT INTO gefaellt (profilnummer, beitragsnummer, zeit) VALUES (76, 2615, "2020-10-06 07:01:05");
INSERT INTO gefaellt (profilnummer, beitragsnummer, zeit) VALUES (76, 3410, "2020-10-09 07:35:54");
INSERT INTO gefaellt (profilnummer, beitragsnummer, zeit) VALUES (76, 1083, "2020-10-02 08:41:09");
INSERT INTO gefaellt (profilnummer, beitragsnummer, zeit) VALUES (76, 1582, "2020-10-03 17:10:44");
INSERT INTO gefaellt (profilnummer, beitragsnummer, zeit) VALUES (76, 3188, "2020-10-06 18:56:21");
INSERT INTO gefaellt (profilnummer, beitragsnummer, zeit) VALUES (76, 3710, "2020-10-07 08:52:22");
INSERT INTO gefaellt (profilnummer, beitragsnummer, zeit) VALUES (76, 3622, "2020-10-08 17:12:33");
INSERT INTO gefaellt (profilnummer, beitragsnummer, zeit) VALUES (76, 4355, "2020-10-12 18:03:14");
INSERT INTO gefaellt (profilnummer, beitragsnummer, zeit) VALUES (76, 2391, "2020-10-05 08:27:14");
INSERT INTO gefaellt (profilnummer, beitragsnummer, zeit) VALUES (76, 3822, "2020-10-05 18:39:17");
INSERT INTO gefaellt (profilnummer, beitragsnummer, zeit) VALUES (76, 3582, "2020-10-06 18:27:52");
INSERT INTO gefaellt (profilnummer, beitragsnummer, zeit) VALUES (76, 3780, "2020-10-03 07:54:30");
INSERT INTO gefaellt (profilnummer, beitragsnummer, zeit) VALUES (76, 3179, "2020-10-11 07:33:41");
INSERT INTO gefaellt (profilnummer, beitragsnummer, zeit) VALUES (76, 3254, "2020-10-10 08:20:43");
INSERT INTO gefaellt (profilnummer, beitragsnummer, zeit) VALUES (76, 2115, "2020-10-09 08:22:19");
INSERT INTO gefaellt (profilnummer, beitragsnummer, zeit) VALUES (76, 2794, "2020-10-13 07:02:58");
INSERT INTO gefaellt (profilnummer, beitragsnummer, zeit) VALUES (76, 3055, "2020-10-11 08:29:32");
INSERT INTO gefaellt (profilnummer, beitragsnummer, zeit) VALUES (76, 4807, "2020-10-13 18:20:39");
INSERT INTO gefaellt (profilnummer, beitragsnummer, zeit) VALUES (76, 3781, "2020-10-14 07:11:30");
INSERT INTO gefaellt (profilnummer, beitragsnummer, zeit) VALUES (76, 3553, "2020-10-12 07:23:37");
INSERT INTO gefaellt (profilnummer, beitragsnummer, zeit) VALUES (76, 2592, "2020-10-12 07:00:15");
INSERT INTO gefaellt (profilnummer, beitragsnummer, zeit) VALUES (76, 1324, "2020-10-13 18:44:58");
INSERT INTO gefaellt (profilnummer, beitragsnummer, zeit) VALUES (76, 2508, "2020-10-05 18:41:30");
INSERT INTO gefaellt (profilnummer, beitragsnummer, zeit) VALUES (76, 2858, "2020-10-12 07:24:42");
INSERT INTO gefaellt (profilnummer, beitragsnummer, zeit) VALUES (76, 2943, "2020-10-03 17:59:43");
INSERT INTO gefaellt (profilnummer, beitragsnummer, zeit) VALUES (76, 4799, "2020-10-13 07:27:13");
INSERT INTO gefaellt (profilnummer, beitragsnummer, zeit) VALUES (76, 4146, "2020-10-09 18:10:01");
INSERT INTO gefaellt (profilnummer, beitragsnummer, zeit) VALUES (76, 4033, "2020-10-05 18:07:24");
INSERT INTO gefaellt (profilnummer, beitragsnummer, zeit) VALUES (76, 3809, "2020-10-13 18:08:18");
INSERT INTO gefaellt (profilnummer, beitragsnummer, zeit) VALUES (76, 4129, "2020-10-13 08:36:39");
INSERT INTO gefaellt (profilnummer, beitragsnummer, zeit) VALUES (76, 4659, "2020-10-08 18:49:34");
INSERT INTO gefaellt (profilnummer, beitragsnummer, zeit) VALUES (76, 2950, "2020-10-13 17:28:03");
INSERT INTO gefaellt (profilnummer, beitragsnummer, zeit) VALUES (76, 2506, "2020-10-10 18:49:40");
INSERT INTO gefaellt (profilnummer, beitragsnummer, zeit) VALUES (76, 3707, "2020-10-08 17:19:11");
INSERT INTO gefaellt (profilnummer, beitragsnummer, zeit) VALUES (76, 4091, "2020-10-11 07:42:35");
INSERT INTO gefaellt (profilnummer, beitragsnummer, zeit) VALUES (76, 1049, "2020-10-07 17:11:20");
INSERT INTO gefaellt (profilnummer, beitragsnummer, zeit) VALUES (76, 2422, "2020-10-05 17:20:58");
INSERT INTO gefaellt (profilnummer, beitragsnummer, zeit) VALUES (76, 2577, "2020-10-01 08:11:08");
INSERT INTO gefaellt (profilnummer, beitragsnummer, zeit) VALUES (76, 2539, "2020-10-12 17:52:00");
INSERT INTO gefaellt (profilnummer, beitragsnummer, zeit) VALUES (76, 1513, "2020-10-03 08:14:35");
INSERT INTO gefaellt (profilnummer, beitragsnummer, zeit) VALUES (76, 3502, "2020-10-10 17:43:23");
INSERT INTO gefaellt (profilnummer, beitragsnummer, zeit) VALUES (76, 4540, "2020-10-04 07:52:09");
INSERT INTO gefaellt (profilnummer, beitragsnummer, zeit) VALUES (76, 1467, "2020-10-10 17:58:11");
INSERT INTO gefaellt (profilnummer, beitragsnummer, zeit) VALUES (76, 2218, "2020-10-04 08:17:53");
INSERT INTO gefaellt (profilnummer, beitragsnummer, zeit) VALUES (76, 3184, "2020-10-08 07:13:33");
INSERT INTO gefaellt (profilnummer, beitragsnummer, zeit) VALUES (76, 2402, "2020-10-11 18:56:26");
INSERT INTO gefaellt (profilnummer, beitragsnummer, zeit) VALUES (76, 2420, "2020-10-04 17:49:57");
INSERT INTO gefaellt (profilnummer, beitragsnummer, zeit) VALUES (76, 1969, "2020-10-04 07:29:36");
INSERT INTO gefaellt (profilnummer, beitragsnummer, zeit) VALUES (76, 2376, "2020-10-04 18:22:51");
INSERT INTO gefaellt (profilnummer, beitragsnummer, zeit) VALUES (76, 4950, "2020-10-09 18:57:28");
INSERT INTO gefaellt (profilnummer, beitragsnummer, zeit) VALUES (76, 4840, "2020-10-06 08:02:26");
INSERT INTO gefaellt (profilnummer, beitragsnummer, zeit) VALUES (76, 4239, "2020-10-04 18:54:47");
INSERT INTO gefaellt (profilnummer, beitragsnummer, zeit) VALUES (76, 1972, "2020-10-06 08:55:46");
INSERT INTO gefaellt (profilnummer, beitragsnummer, zeit) VALUES (76, 2226, "2020-10-13 17:51:19");
INSERT INTO gefaellt (profilnummer, beitragsnummer, zeit) VALUES (76, 2418, "2020-10-14 07:40:14");
INSERT INTO gefaellt (profilnummer, beitragsnummer, zeit) VALUES (76, 3097, "2020-10-03 17:59:42");
INSERT INTO gefaellt (profilnummer, beitragsnummer, zeit) VALUES (76, 4889, "2020-10-11 08:10:40");
INSERT INTO gefaellt (profilnummer, beitragsnummer, zeit) VALUES (76, 1267, "2020-10-12 18:54:10");
INSERT INTO gefaellt (profilnummer, beitragsnummer, zeit) VALUES (76, 3557, "2020-10-02 08:48:41");
INSERT INTO gefaellt (profilnummer, beitragsnummer, zeit) VALUES (76, 3737, "2020-10-02 18:19:45");
INSERT INTO gefaellt (profilnummer, beitragsnummer, zeit) VALUES (41, 2990, "2020-10-11 13:02:22");
INSERT INTO gefaellt (profilnummer, beitragsnummer, zeit) VALUES (41, 2615, "2020-10-05 17:00:07");
INSERT INTO gefaellt (profilnummer, beitragsnummer, zeit) VALUES (41, 3366, "2020-10-02 15:02:53");
INSERT INTO gefaellt (profilnummer, beitragsnummer, zeit) VALUES (41, 3414, "2020-10-01 17:01:28");
INSERT INTO gefaellt (profilnummer, beitragsnummer, zeit) VALUES (41, 3582, "2020-10-07 15:00:10");
INSERT INTO gefaellt (profilnummer, beitragsnummer, zeit) VALUES (41, 3781, "2020-10-02 17:03:43");
INSERT INTO gefaellt (profilnummer, beitragsnummer, zeit) VALUES (41, 4889, "2020-10-05 15:04:40");
INSERT INTO gefaellt (profilnummer, beitragsnummer, zeit) VALUES (41, 4239, "2020-10-06 14:03:12");
INSERT INTO gefaellt (profilnummer, beitragsnummer, zeit) VALUES (41, 2638, "2020-10-12 16:03:45");
INSERT INTO gefaellt (profilnummer, beitragsnummer, zeit) VALUES (41, 3737, "2020-10-01 14:03:31");
INSERT INTO gefaellt (profilnummer, beitragsnummer, zeit) VALUES (41, 1703, "2020-10-08 14:03:42");
INSERT INTO gefaellt (profilnummer, beitragsnummer, zeit) VALUES (41, 3897, "2020-10-13 19:01:22");
INSERT INTO gefaellt (profilnummer, beitragsnummer, zeit) VALUES (41, 4920, "2020-10-08 14:01:33");
INSERT INTO gefaellt (profilnummer, beitragsnummer, zeit) VALUES (41, 2505, "2020-10-13 17:04:59");
INSERT INTO gefaellt (profilnummer, beitragsnummer, zeit) VALUES (41, 4343, "2020-10-03 16:03:49");
INSERT INTO gefaellt (profilnummer, beitragsnummer, zeit) VALUES (41, 4540, "2020-10-04 16:02:22");
INSERT INTO gefaellt (profilnummer, beitragsnummer, zeit) VALUES (41, 2355, "2020-10-06 17:03:11");
INSERT INTO gefaellt (profilnummer, beitragsnummer, zeit) VALUES (41, 3822, "2020-10-12 18:01:49");
INSERT INTO gefaellt (profilnummer, beitragsnummer, zeit) VALUES (41, 4257, "2020-10-02 14:00:01");
INSERT INTO gefaellt (profilnummer, beitragsnummer, zeit) VALUES (41, 4659, "2020-10-13 18:01:12");
INSERT INTO gefaellt (profilnummer, beitragsnummer, zeit) VALUES (41, 3514, "2020-10-08 18:02:28");
INSERT INTO gefaellt (profilnummer, beitragsnummer, zeit) VALUES (41, 1697, "2020-10-02 15:00:13");
INSERT INTO gefaellt (profilnummer, beitragsnummer, zeit) VALUES (41, 3713, "2020-10-10 18:00:07");
INSERT INTO gefaellt (profilnummer, beitragsnummer, zeit) VALUES (41, 1513, "2020-10-13 15:00:39");
INSERT INTO gefaellt (profilnummer, beitragsnummer, zeit) VALUES (41, 2943, "2020-10-05 14:02:30");
INSERT INTO gefaellt (profilnummer, beitragsnummer, zeit) VALUES (41, 1049, "2020-10-09 19:02:27");
INSERT INTO gefaellt (profilnummer, beitragsnummer, zeit) VALUES (41, 3141, "2020-10-02 16:04:36");
INSERT INTO gefaellt (profilnummer, beitragsnummer, zeit) VALUES (41, 2794, "2020-10-12 19:00:59");
INSERT INTO gefaellt (profilnummer, beitragsnummer, zeit) VALUES (41, 2218, "2020-10-09 19:01:10");
INSERT INTO gefaellt (profilnummer, beitragsnummer, zeit) VALUES (41, 1975, "2020-10-12 13:01:56");
INSERT INTO gefaellt (profilnummer, beitragsnummer, zeit) VALUES (41, 1036, "2020-10-04 16:01:56");
INSERT INTO gefaellt (profilnummer, beitragsnummer, zeit) VALUES (41, 4865, "2020-10-04 15:01:50");
INSERT INTO gefaellt (profilnummer, beitragsnummer, zeit) VALUES (41, 3039, "2020-10-06 16:00:07");
INSERT INTO gefaellt (profilnummer, beitragsnummer, zeit) VALUES (41, 1543, "2020-10-05 16:00:00");
INSERT INTO gefaellt (profilnummer, beitragsnummer, zeit) VALUES (41, 3278, "2020-10-06 15:01:23");
INSERT INTO gefaellt (profilnummer, beitragsnummer, zeit) VALUES (41, 2759, "2020-10-11 15:00:52");
INSERT INTO gefaellt (profilnummer, beitragsnummer, zeit) VALUES (41, 1136, "2020-10-06 17:04:27");
INSERT INTO gefaellt (profilnummer, beitragsnummer, zeit) VALUES (41, 2577, "2020-10-01 16:00:15");
INSERT INTO gefaellt (profilnummer, beitragsnummer, zeit) VALUES (41, 1548, "2020-10-04 13:00:53");
INSERT INTO gefaellt (profilnummer, beitragsnummer, zeit) VALUES (41, 1267, "2020-10-06 16:00:48");
INSERT INTO gefaellt (profilnummer, beitragsnummer, zeit) VALUES (41, 1027, "2020-10-01 17:04:16");
INSERT INTO gefaellt (profilnummer, beitragsnummer, zeit) VALUES (41, 1705, "2020-10-06 14:00:47");
INSERT INTO gefaellt (profilnummer, beitragsnummer, zeit) VALUES (41, 4072, "2020-10-03 13:03:39");
INSERT INTO gefaellt (profilnummer, beitragsnummer, zeit) VALUES (41, 4146, "2020-10-02 18:01:31");
INSERT INTO gefaellt (profilnummer, beitragsnummer, zeit) VALUES (41, 3502, "2020-10-07 14:03:09");
INSERT INTO gefaellt (profilnummer, beitragsnummer, zeit) VALUES (41, 1452, "2020-10-12 15:03:28");
INSERT INTO gefaellt (profilnummer, beitragsnummer, zeit) VALUES (41, 2325, "2020-10-04 15:03:33");
INSERT INTO gefaellt (profilnummer, beitragsnummer, zeit) VALUES (41, 3160, "2020-10-05 19:02:30");
INSERT INTO gefaellt (profilnummer, beitragsnummer, zeit) VALUES (41, 2539, "2020-10-10 17:04:09");
INSERT INTO gefaellt (profilnummer, beitragsnummer, zeit) VALUES (41, 4358, "2020-10-08 18:04:13");
INSERT INTO gefaellt (profilnummer, beitragsnummer, zeit) VALUES (41, 1582, "2020-10-12 14:00:59");
INSERT INTO gefaellt (profilnummer, beitragsnummer, zeit) VALUES (41, 2156, "2020-10-09 16:00:45");
INSERT INTO gefaellt (profilnummer, beitragsnummer, zeit) VALUES (41, 3599, "2020-10-09 17:02:13");
INSERT INTO gefaellt (profilnummer, beitragsnummer, zeit) VALUES (41, 1065, "2020-10-02 14:04:45");
INSERT INTO gefaellt (profilnummer, beitragsnummer, zeit) VALUES (41, 4091, "2020-10-13 18:03:33");
INSERT INTO gefaellt (profilnummer, beitragsnummer, zeit) VALUES (41, 3050, "2020-10-01 13:04:23");
INSERT INTO gefaellt (profilnummer, beitragsnummer, zeit) VALUES (41, 4492, "2020-10-05 17:02:30");
INSERT INTO gefaellt (profilnummer, beitragsnummer, zeit) VALUES (41, 3410, "2020-10-09 17:02:40");
INSERT INTO gefaellt (profilnummer, beitragsnummer, zeit) VALUES (41, 2418, "2020-10-08 17:03:29");
INSERT INTO gefaellt (profilnummer, beitragsnummer, zeit) VALUES (41, 2950, "2020-10-05 16:03:19");
INSERT INTO gefaellt (profilnummer, beitragsnummer, zeit) VALUES (41, 3097, "2020-10-12 13:02:34");
INSERT INTO gefaellt (profilnummer, beitragsnummer, zeit) VALUES (41, 2858, "2020-10-12 14:04:37");
INSERT INTO gefaellt (profilnummer, beitragsnummer, zeit) VALUES (41, 1812, "2020-10-13 18:01:39");
INSERT INTO gefaellt (profilnummer, beitragsnummer, zeit) VALUES (41, 2302, "2020-10-12 16:02:30");
INSERT INTO gefaellt (profilnummer, beitragsnummer, zeit) VALUES (41, 2176, "2020-10-09 17:04:53");
INSERT INTO gefaellt (profilnummer, beitragsnummer, zeit) VALUES (41, 3055, "2020-10-01 17:04:35");
INSERT INTO gefaellt (profilnummer, beitragsnummer, zeit) VALUES (41, 3188, "2020-10-08 16:02:19");
INSERT INTO gefaellt (profilnummer, beitragsnummer, zeit) VALUES (41, 4145, "2020-10-11 13:02:20");
INSERT INTO gefaellt (profilnummer, beitragsnummer, zeit) VALUES (41, 1467, "2020-10-09 17:01:23");
INSERT INTO gefaellt (profilnummer, beitragsnummer, zeit) VALUES (41, 4445, "2020-10-08 18:00:29");
INSERT INTO gefaellt (profilnummer, beitragsnummer, zeit) VALUES (41, 4807, "2020-10-01 15:01:45");
INSERT INTO gefaellt (profilnummer, beitragsnummer, zeit) VALUES (41, 3780, "2020-10-09 16:02:03");
INSERT INTO gefaellt (profilnummer, beitragsnummer, zeit) VALUES (41, 2506, "2020-10-12 14:04:20");
INSERT INTO gefaellt (profilnummer, beitragsnummer, zeit) VALUES (41, 2391, "2020-10-08 18:03:32");
INSERT INTO gefaellt (profilnummer, beitragsnummer, zeit) VALUES (41, 2021, "2020-10-13 17:03:40");
INSERT INTO gefaellt (profilnummer, beitragsnummer, zeit) VALUES (41, 2643, "2020-10-08 14:03:15");
INSERT INTO gefaellt (profilnummer, beitragsnummer, zeit) VALUES (113, 3599, "2020-10-07 23:03:26");
INSERT INTO gefaellt (profilnummer, beitragsnummer, zeit) VALUES (113, 1036, "2020-10-01 20:04:11");
INSERT INTO gefaellt (profilnummer, beitragsnummer, zeit) VALUES (113, 2176, "2020-10-13 22:03:52");
INSERT INTO gefaellt (profilnummer, beitragsnummer, zeit) VALUES (113, 4950, "2020-10-05 23:00:58");
INSERT INTO gefaellt (profilnummer, beitragsnummer, zeit) VALUES (113, 1515, "2020-10-03 21:00:40");
INSERT INTO gefaellt (profilnummer, beitragsnummer, zeit) VALUES (113, 2226, "2020-10-07 22:04:31");
INSERT INTO gefaellt (profilnummer, beitragsnummer, zeit) VALUES (113, 4033, "2020-10-13 21:02:31");
INSERT INTO gefaellt (profilnummer, beitragsnummer, zeit) VALUES (113, 3737, "2020-10-02 23:03:19");
INSERT INTO gefaellt (profilnummer, beitragsnummer, zeit) VALUES (113, 1705, "2020-10-06 20:03:25");
INSERT INTO gefaellt (profilnummer, beitragsnummer, zeit) VALUES (113, 3209, "2020-10-13 22:04:55");
INSERT INTO gefaellt (profilnummer, beitragsnummer, zeit) VALUES (113, 2592, "2020-10-11 19:03:52");
INSERT INTO gefaellt (profilnummer, beitragsnummer, zeit) VALUES (113, 4445, "2020-10-02 19:04:29");
INSERT INTO gefaellt (profilnummer, beitragsnummer, zeit) VALUES (113, 3184, "2020-10-05 19:02:04");
INSERT INTO gefaellt (profilnummer, beitragsnummer, zeit) VALUES (113, 3410, "2020-10-05 20:03:28");
INSERT INTO gefaellt (profilnummer, beitragsnummer, zeit) VALUES (113, 3582, "2020-10-11 22:01:27");
INSERT INTO gefaellt (profilnummer, beitragsnummer, zeit) VALUES (113, 1847, "2020-10-09 20:04:27");
INSERT INTO gefaellt (profilnummer, beitragsnummer, zeit) VALUES (113, 2950, "2020-10-11 23:02:40");
INSERT INTO gefaellt (profilnummer, beitragsnummer, zeit) VALUES (113, 2218, "2020-10-11 21:02:40");
INSERT INTO gefaellt (profilnummer, beitragsnummer, zeit) VALUES (113, 2422, "2020-10-08 19:03:43");
INSERT INTO gefaellt (profilnummer, beitragsnummer, zeit) VALUES (113, 4490, "2020-10-08 21:01:54");
INSERT INTO gefaellt (profilnummer, beitragsnummer, zeit) VALUES (113, 4358, "2020-10-01 22:04:24");
INSERT INTO gefaellt (profilnummer, beitragsnummer, zeit) VALUES (113, 1467, "2020-10-02 20:03:52");
INSERT INTO gefaellt (profilnummer, beitragsnummer, zeit) VALUES (113, 2539, "2020-10-06 21:04:35");
INSERT INTO gefaellt (profilnummer, beitragsnummer, zeit) VALUES (113, 3713, "2020-10-13 20:01:28");
INSERT INTO gefaellt (profilnummer, beitragsnummer, zeit) VALUES (113, 4766, "2020-10-05 22:02:43");
INSERT INTO gefaellt (profilnummer, beitragsnummer, zeit) VALUES (113, 4355, "2020-10-07 19:02:02");
INSERT INTO gefaellt (profilnummer, beitragsnummer, zeit) VALUES (113, 2506, "2020-10-06 22:03:14");
INSERT INTO gefaellt (profilnummer, beitragsnummer, zeit) VALUES (113, 1975, "2020-10-09 22:01:07");
INSERT INTO gefaellt (profilnummer, beitragsnummer, zeit) VALUES (113, 2376, "2020-10-03 20:01:59");
INSERT INTO gefaellt (profilnummer, beitragsnummer, zeit) VALUES (113, 4223, "2020-10-11 21:04:09");
INSERT INTO gefaellt (profilnummer, beitragsnummer, zeit) VALUES (113, 2424, "2020-10-05 19:02:24");
INSERT INTO gefaellt (profilnummer, beitragsnummer, zeit) VALUES (113, 1496, "2020-10-12 20:00:38");
INSERT INTO gefaellt (profilnummer, beitragsnummer, zeit) VALUES (113, 2638, "2020-10-11 22:03:06");
INSERT INTO gefaellt (profilnummer, beitragsnummer, zeit) VALUES (113, 2643, "2020-10-09 20:01:57");
INSERT INTO gefaellt (profilnummer, beitragsnummer, zeit) VALUES (113, 2302, "2020-10-08 20:00:39");
INSERT INTO gefaellt (profilnummer, beitragsnummer, zeit) VALUES (113, 3414, "2020-10-06 19:03:14");
INSERT INTO gefaellt (profilnummer, beitragsnummer, zeit) VALUES (113, 2420, "2020-10-13 20:00:59");
INSERT INTO gefaellt (profilnummer, beitragsnummer, zeit) VALUES (113, 4129, "2020-10-06 20:01:57");
INSERT INTO gefaellt (profilnummer, beitragsnummer, zeit) VALUES (113, 4091, "2020-10-04 21:02:14");
INSERT INTO gefaellt (profilnummer, beitragsnummer, zeit) VALUES (113, 1703, "2020-10-11 23:00:37");
INSERT INTO gefaellt (profilnummer, beitragsnummer, zeit) VALUES (113, 3710, "2020-10-01 22:00:07");
INSERT INTO gefaellt (profilnummer, beitragsnummer, zeit) VALUES (113, 1582, "2020-10-06 19:02:52");
INSERT INTO gefaellt (profilnummer, beitragsnummer, zeit) VALUES (113, 1065, "2020-10-12 23:02:14");
INSERT INTO gefaellt (profilnummer, beitragsnummer, zeit) VALUES (113, 3622, "2020-10-02 19:00:53");
INSERT INTO gefaellt (profilnummer, beitragsnummer, zeit) VALUES (113, 2721, "2020-10-10 21:02:34");
INSERT INTO gefaellt (profilnummer, beitragsnummer, zeit) VALUES (113, 1697, "2020-10-13 20:04:41");
INSERT INTO gefaellt (profilnummer, beitragsnummer, zeit) VALUES (113, 4257, "2020-10-09 20:00:24");
INSERT INTO gefaellt (profilnummer, beitragsnummer, zeit) VALUES (113, 1969, "2020-10-06 19:03:27");
INSERT INTO gefaellt (profilnummer, beitragsnummer, zeit) VALUES (113, 4865, "2020-10-06 22:03:26");
INSERT INTO gefaellt (profilnummer, beitragsnummer, zeit) VALUES (113, 2978, "2020-10-08 23:02:50");
INSERT INTO gefaellt (profilnummer, beitragsnummer, zeit) VALUES (113, 3366, "2020-10-12 21:02:42");
INSERT INTO gefaellt (profilnummer, beitragsnummer, zeit) VALUES (113, 3097, "2020-10-04 21:00:20");
INSERT INTO gefaellt (profilnummer, beitragsnummer, zeit) VALUES (113, 3657, "2020-10-09 19:03:15");
INSERT INTO gefaellt (profilnummer, beitragsnummer, zeit) VALUES (113, 1930, "2020-10-12 21:01:27");
INSERT INTO gefaellt (profilnummer, beitragsnummer, zeit) VALUES (113, 3179, "2020-10-12 23:04:15");
INSERT INTO gefaellt (profilnummer, beitragsnummer, zeit) VALUES (113, 1136, "2020-10-10 21:01:32");
INSERT INTO gefaellt (profilnummer, beitragsnummer, zeit) VALUES (113, 3822, "2020-10-12 21:03:43");
INSERT INTO gefaellt (profilnummer, beitragsnummer, zeit) VALUES (70, 1972, "2020-10-14 05:22:41");
INSERT INTO gefaellt (profilnummer, beitragsnummer, zeit) VALUES (70, 3321, "2020-10-14 05:22:42");
INSERT INTO gefaellt (profilnummer, beitragsnummer, zeit) VALUES (70, 2990, "2020-10-14 05:22:43");
INSERT INTO gefaellt (profilnummer, beitragsnummer, zeit) VALUES (70, 3177, "2020-10-14 05:22:44");
INSERT INTO gefaellt (profilnummer, beitragsnummer, zeit) VALUES (70, 3707, "2020-10-14 05:22:45");
INSERT INTO gefaellt (profilnummer, beitragsnummer, zeit) VALUES (70, 3209, "2020-10-14 05:22:46");
INSERT INTO gefaellt (profilnummer, beitragsnummer, zeit) VALUES (70, 3065, "2020-10-14 05:22:47");
INSERT INTO gefaellt (profilnummer, beitragsnummer, zeit) VALUES (70, 1847, "2020-10-14 05:22:48");
INSERT INTO gefaellt (profilnummer, beitragsnummer, zeit) VALUES (70, 2505, "2020-10-14 05:22:49");
INSERT INTO gefaellt (profilnummer, beitragsnummer, zeit) VALUES (70, 1544, "2020-10-14 05:22:50");
INSERT INTO gefaellt (profilnummer, beitragsnummer, zeit) VALUES (70, 4807, "2020-10-14 05:22:51");
INSERT INTO gefaellt (profilnummer, beitragsnummer, zeit) VALUES (70, 3897, "2020-10-14 05:22:52");
INSERT INTO gefaellt (profilnummer, beitragsnummer, zeit) VALUES (70, 2539, "2020-10-14 05:22:53");
INSERT INTO gefaellt (profilnummer, beitragsnummer, zeit) VALUES (70, 2156, "2020-10-14 05:22:54");
INSERT INTO gefaellt (profilnummer, beitragsnummer, zeit) VALUES (70, 2115, "2020-10-14 05:22:55");
INSERT INTO gefaellt (profilnummer, beitragsnummer, zeit) VALUES (70, 2638, "2020-10-14 05:22:56");
INSERT INTO gefaellt (profilnummer, beitragsnummer, zeit) VALUES (70, 3781, "2020-10-14 05:22:57");
INSERT INTO gefaellt (profilnummer, beitragsnummer, zeit) VALUES (70, 3737, "2020-10-14 05:22:58");
INSERT INTO gefaellt (profilnummer, beitragsnummer, zeit) VALUES (70, 1705, "2020-10-14 05:22:59");
INSERT INTO gefaellt (profilnummer, beitragsnummer, zeit) VALUES (70, 1065, "2020-10-14 08:37:39");
INSERT INTO gefaellt (profilnummer, beitragsnummer, zeit) VALUES (70, 3055, "2020-10-14 08:37:40");
INSERT INTO gefaellt (profilnummer, beitragsnummer, zeit) VALUES (70, 4840, "2020-10-14 08:37:41");
INSERT INTO gefaellt (profilnummer, beitragsnummer, zeit) VALUES (70, 1401, "2020-10-14 08:37:42");
INSERT INTO gefaellt (profilnummer, beitragsnummer, zeit) VALUES (70, 2592, "2020-10-14 08:37:43");
INSERT INTO gefaellt (profilnummer, beitragsnummer, zeit) VALUES (70, 4490, "2020-10-14 08:37:44");
INSERT INTO gefaellt (profilnummer, beitragsnummer, zeit) VALUES (70, 3502, "2020-10-14 08:37:45");
INSERT INTO gefaellt (profilnummer, beitragsnummer, zeit) VALUES (70, 4072, "2020-10-14 08:37:46");
INSERT INTO gefaellt (profilnummer, beitragsnummer, zeit) VALUES (70, 4799, "2020-10-14 08:37:47");
INSERT INTO gefaellt (profilnummer, beitragsnummer, zeit) VALUES (70, 4462, "2020-10-14 08:37:48");
INSERT INTO gefaellt (profilnummer, beitragsnummer, zeit) VALUES (70, 2978, "2020-10-14 08:37:49");
INSERT INTO gefaellt (profilnummer, beitragsnummer, zeit) VALUES (70, 4766, "2020-10-14 08:37:50");
INSERT INTO gefaellt (profilnummer, beitragsnummer, zeit) VALUES (70, 3188, "2020-10-14 08:37:51");
INSERT INTO gefaellt (profilnummer, beitragsnummer, zeit) VALUES (70, 1496, "2020-10-14 08:37:52");
INSERT INTO gefaellt (profilnummer, beitragsnummer, zeit) VALUES (70, 1582, "2020-10-14 08:37:53");
INSERT INTO gefaellt (profilnummer, beitragsnummer, zeit) VALUES (70, 1049, "2020-10-14 08:37:54");
INSERT INTO gefaellt (profilnummer, beitragsnummer, zeit) VALUES (70, 2615, "2020-10-14 08:37:55");
INSERT INTO gefaellt (profilnummer, beitragsnummer, zeit) VALUES (70, 3728, "2020-10-14 08:37:56");
INSERT INTO gefaellt (profilnummer, beitragsnummer, zeit) VALUES (70, 4659, "2020-10-14 08:37:57");
INSERT INTO gefaellt (profilnummer, beitragsnummer, zeit) VALUES (70, 2302, "2020-10-14 08:37:58");
INSERT INTO gefaellt (profilnummer, beitragsnummer, zeit) VALUES (70, 2021, "2020-10-14 08:37:59");
INSERT INTO gefaellt (profilnummer, beitragsnummer, zeit) VALUES (70, 3278, "2020-10-14 08:38:00");
INSERT INTO gefaellt (profilnummer, beitragsnummer, zeit) VALUES (70, 1136, "2020-10-14 08:38:01");
INSERT INTO gefaellt (profilnummer, beitragsnummer, zeit) VALUES (70, 4386, "2020-10-14 08:38:02");
INSERT INTO gefaellt (profilnummer, beitragsnummer, zeit) VALUES (70, 1083, "2020-10-14 08:38:03");
INSERT INTO gefaellt (profilnummer, beitragsnummer, zeit) VALUES (70, 4239, "2020-10-14 08:38:04");
INSERT INTO gefaellt (profilnummer, beitragsnummer, zeit) VALUES (70, 1548, "2020-10-14 08:38:05");
INSERT INTO gefaellt (profilnummer, beitragsnummer, zeit) VALUES (70, 3184, "2020-10-14 08:38:06");
INSERT INTO gefaellt (profilnummer, beitragsnummer, zeit) VALUES (70, 4492, "2020-10-14 08:38:07");
INSERT INTO gefaellt (profilnummer, beitragsnummer, zeit) VALUES (70, 2420, "2020-10-14 08:38:08");
INSERT INTO gefaellt (profilnummer, beitragsnummer, zeit) VALUES (70, 3366, "2020-10-14 08:38:09");
INSERT INTO gefaellt (profilnummer, beitragsnummer, zeit) VALUES (70, 4091, "2020-10-14 08:38:10");
INSERT INTO gefaellt (profilnummer, beitragsnummer, zeit) VALUES (70, 2508, "2020-10-14 08:38:11");
INSERT INTO gefaellt (profilnummer, beitragsnummer, zeit) VALUES (70, 4223, "2020-10-14 08:38:12");
INSERT INTO gefaellt (profilnummer, beitragsnummer, zeit) VALUES (70, 3414, "2020-10-14 08:38:13");
INSERT INTO gefaellt (profilnummer, beitragsnummer, zeit) VALUES (70, 3553, "2020-10-14 08:38:14");
INSERT INTO gefaellt (profilnummer, beitragsnummer, zeit) VALUES (70, 2402, "2020-10-14 08:38:15");
INSERT INTO gefaellt (profilnummer, beitragsnummer, zeit) VALUES (70, 2811, "2020-10-14 08:38:16");
INSERT INTO gefaellt (profilnummer, beitragsnummer, zeit) VALUES (70, 2391, "2020-10-14 08:38:17");
INSERT INTO gefaellt (profilnummer, beitragsnummer, zeit) VALUES (70, 4920, "2020-10-14 08:38:18");
INSERT INTO gefaellt (profilnummer, beitragsnummer, zeit) VALUES (70, 4355, "2020-10-14 08:38:19");
INSERT INTO gefaellt (profilnummer, beitragsnummer, zeit) VALUES (70, 4889, "2020-10-14 08:38:20");
