DELETE FROM profil; 
DELETE FROM beitrag; 
DELETE FROM gefaellt; 
INSERT INTO profil (profilnummer) VALUES (130);
INSERT INTO profil (profilnummer) VALUES (181);
INSERT INTO profil (profilnummer) VALUES (19);
INSERT INTO profil (profilnummer) VALUES (86);
INSERT INTO profil (profilnummer) VALUES (14);
INSERT INTO profil (profilnummer) VALUES (151);
INSERT INTO profil (profilnummer) VALUES (76);
INSERT INTO profil (profilnummer) VALUES (41);
INSERT INTO profil (profilnummer) VALUES (113);
INSERT INTO profil (profilnummer) VALUES (70);
INSERT INTO beitrag (beitragsnummer, autor_profilnummer) VALUES (4341, 130);
INSERT INTO beitrag (beitragsnummer, autor_profilnummer) VALUES (4825, 130);
INSERT INTO beitrag (beitragsnummer, autor_profilnummer) VALUES (4003, 130);
INSERT INTO beitrag (beitragsnummer, autor_profilnummer) VALUES (2155, 130);
INSERT INTO beitrag (beitragsnummer, autor_profilnummer) VALUES (2073, 130);
INSERT INTO beitrag (beitragsnummer, autor_profilnummer) VALUES (2610, 130);
INSERT INTO beitrag (beitragsnummer, autor_profilnummer) VALUES (2601, 130);
INSERT INTO beitrag (beitragsnummer, autor_profilnummer) VALUES (2757, 130);
INSERT INTO beitrag (beitragsnummer, autor_profilnummer) VALUES (2779, 130);
INSERT INTO beitrag (beitragsnummer, autor_profilnummer) VALUES (4157, 130);
INSERT INTO beitrag (beitragsnummer, autor_profilnummer) VALUES (2622, 130);
INSERT INTO beitrag (beitragsnummer, autor_profilnummer) VALUES (4627, 130);
INSERT INTO beitrag (beitragsnummer, autor_profilnummer) VALUES (1896, 130);
INSERT INTO beitrag (beitragsnummer, autor_profilnummer) VALUES (1710, 130);
INSERT INTO beitrag (beitragsnummer, autor_profilnummer) VALUES (1726, 181);
INSERT INTO beitrag (beitragsnummer, autor_profilnummer) VALUES (1358, 181);
INSERT INTO beitrag (beitragsnummer, autor_profilnummer) VALUES (4524, 19);
INSERT INTO beitrag (beitragsnummer, autor_profilnummer) VALUES (2838, 19);
INSERT INTO beitrag (beitragsnummer, autor_profilnummer) VALUES (2936, 19);
INSERT INTO beitrag (beitragsnummer, autor_profilnummer) VALUES (1846, 19);
INSERT INTO beitrag (beitragsnummer, autor_profilnummer) VALUES (1286, 19);
INSERT INTO beitrag (beitragsnummer, autor_profilnummer) VALUES (1984, 19);
INSERT INTO beitrag (beitragsnummer, autor_profilnummer) VALUES (1096, 19);
INSERT INTO beitrag (beitragsnummer, autor_profilnummer) VALUES (4809, 19);
INSERT INTO beitrag (beitragsnummer, autor_profilnummer) VALUES (4714, 19);
INSERT INTO beitrag (beitragsnummer, autor_profilnummer) VALUES (3430, 19);
INSERT INTO beitrag (beitragsnummer, autor_profilnummer) VALUES (1212, 19);
INSERT INTO beitrag (beitragsnummer, autor_profilnummer) VALUES (1460, 19);
INSERT INTO beitrag (beitragsnummer, autor_profilnummer) VALUES (2011, 86);
INSERT INTO beitrag (beitragsnummer, autor_profilnummer) VALUES (4673, 86);
INSERT INTO beitrag (beitragsnummer, autor_profilnummer) VALUES (2387, 86);
INSERT INTO beitrag (beitragsnummer, autor_profilnummer) VALUES (4618, 86);
INSERT INTO beitrag (beitragsnummer, autor_profilnummer) VALUES (3253, 86);
INSERT INTO beitrag (beitragsnummer, autor_profilnummer) VALUES (4778, 86);
INSERT INTO beitrag (beitragsnummer, autor_profilnummer) VALUES (3955, 86);
INSERT INTO beitrag (beitragsnummer, autor_profilnummer) VALUES (2736, 86);
INSERT INTO beitrag (beitragsnummer, autor_profilnummer) VALUES (3058, 86);
INSERT INTO beitrag (beitragsnummer, autor_profilnummer) VALUES (4116, 86);
INSERT INTO beitrag (beitragsnummer, autor_profilnummer) VALUES (1690, 86);
INSERT INTO beitrag (beitragsnummer, autor_profilnummer) VALUES (3357, 86);
INSERT INTO beitrag (beitragsnummer, autor_profilnummer) VALUES (2803, 86);
INSERT INTO beitrag (beitragsnummer, autor_profilnummer) VALUES (3033, 86);
INSERT INTO beitrag (beitragsnummer, autor_profilnummer) VALUES (3044, 86);
INSERT INTO beitrag (beitragsnummer, autor_profilnummer) VALUES (4406, 86);
INSERT INTO beitrag (beitragsnummer, autor_profilnummer) VALUES (4427, 86);
INSERT INTO beitrag (beitragsnummer, autor_profilnummer) VALUES (4353, 86);
INSERT INTO beitrag (beitragsnummer, autor_profilnummer) VALUES (1597, 86);
INSERT INTO beitrag (beitragsnummer, autor_profilnummer) VALUES (3049, 86);
INSERT INTO beitrag (beitragsnummer, autor_profilnummer) VALUES (3694, 86);
INSERT INTO beitrag (beitragsnummer, autor_profilnummer) VALUES (2498, 86);
INSERT INTO beitrag (beitragsnummer, autor_profilnummer) VALUES (2168, 86);
INSERT INTO beitrag (beitragsnummer, autor_profilnummer) VALUES (2249, 86);
INSERT INTO beitrag (beitragsnummer, autor_profilnummer) VALUES (3142, 86);
INSERT INTO beitrag (beitragsnummer, autor_profilnummer) VALUES (3896, 86);
INSERT INTO beitrag (beitragsnummer, autor_profilnummer) VALUES (3267, 86);
INSERT INTO beitrag (beitragsnummer, autor_profilnummer) VALUES (4749, 86);
INSERT INTO beitrag (beitragsnummer, autor_profilnummer) VALUES (4503, 14);
INSERT INTO beitrag (beitragsnummer, autor_profilnummer) VALUES (1834, 14);
INSERT INTO beitrag (beitragsnummer, autor_profilnummer) VALUES (4456, 14);
INSERT INTO beitrag (beitragsnummer, autor_profilnummer) VALUES (3640, 14);
INSERT INTO beitrag (beitragsnummer, autor_profilnummer) VALUES (3245, 14);
INSERT INTO beitrag (beitragsnummer, autor_profilnummer) VALUES (4180, 14);
INSERT INTO beitrag (beitragsnummer, autor_profilnummer) VALUES (3539, 14);
INSERT INTO beitrag (beitragsnummer, autor_profilnummer) VALUES (3598, 14);
INSERT INTO beitrag (beitragsnummer, autor_profilnummer) VALUES (3972, 14);
INSERT INTO beitrag (beitragsnummer, autor_profilnummer) VALUES (4095, 14);
INSERT INTO beitrag (beitragsnummer, autor_profilnummer) VALUES (3637, 14);
INSERT INTO beitrag (beitragsnummer, autor_profilnummer) VALUES (3652, 14);
INSERT INTO beitrag (beitragsnummer, autor_profilnummer) VALUES (1511, 151);
INSERT INTO beitrag (beitragsnummer, autor_profilnummer) VALUES (3513, 151);
INSERT INTO beitrag (beitragsnummer, autor_profilnummer) VALUES (1464, 151);
INSERT INTO beitrag (beitragsnummer, autor_profilnummer) VALUES (2953, 151);
INSERT INTO beitrag (beitragsnummer, autor_profilnummer) VALUES (3220, 151);
INSERT INTO beitrag (beitragsnummer, autor_profilnummer) VALUES (1364, 151);
INSERT INTO beitrag (beitragsnummer, autor_profilnummer) VALUES (2662, 76);
INSERT INTO beitrag (beitragsnummer, autor_profilnummer) VALUES (4725, 76);
INSERT INTO beitrag (beitragsnummer, autor_profilnummer) VALUES (2256, 76);
INSERT INTO beitrag (beitragsnummer, autor_profilnummer) VALUES (4940, 76);
INSERT INTO beitrag (beitragsnummer, autor_profilnummer) VALUES (3827, 76);
INSERT INTO beitrag (beitragsnummer, autor_profilnummer) VALUES (4635, 76);
INSERT INTO beitrag (beitragsnummer, autor_profilnummer) VALUES (2955, 76);
INSERT INTO beitrag (beitragsnummer, autor_profilnummer) VALUES (4357, 76);
INSERT INTO beitrag (beitragsnummer, autor_profilnummer) VALUES (2626, 76);
INSERT INTO beitrag (beitragsnummer, autor_profilnummer) VALUES (2216, 41);
INSERT INTO beitrag (beitragsnummer, autor_profilnummer) VALUES (2896, 41);
INSERT INTO beitrag (beitragsnummer, autor_profilnummer) VALUES (4107, 41);
INSERT INTO beitrag (beitragsnummer, autor_profilnummer) VALUES (3739, 41);
INSERT INTO beitrag (beitragsnummer, autor_profilnummer) VALUES (4292, 41);
INSERT INTO beitrag (beitragsnummer, autor_profilnummer) VALUES (1537, 41);
INSERT INTO beitrag (beitragsnummer, autor_profilnummer) VALUES (3887, 41);
INSERT INTO beitrag (beitragsnummer, autor_profilnummer) VALUES (4018, 41);
INSERT INTO beitrag (beitragsnummer, autor_profilnummer) VALUES (1722, 41);
INSERT INTO beitrag (beitragsnummer, autor_profilnummer) VALUES (3805, 41);
INSERT INTO beitrag (beitragsnummer, autor_profilnummer) VALUES (4597, 41);
INSERT INTO beitrag (beitragsnummer, autor_profilnummer) VALUES (1923, 41);
INSERT INTO beitrag (beitragsnummer, autor_profilnummer) VALUES (1755, 113);
INSERT INTO beitrag (beitragsnummer, autor_profilnummer) VALUES (1414, 113);
INSERT INTO beitrag (beitragsnummer, autor_profilnummer) VALUES (3802, 113);
INSERT INTO beitrag (beitragsnummer, autor_profilnummer) VALUES (4351, 113);
INSERT INTO beitrag (beitragsnummer, autor_profilnummer) VALUES (2502, 113);
INSERT INTO beitrag (beitragsnummer, autor_profilnummer) VALUES (3521, 113);
INSERT INTO beitrag (beitragsnummer, autor_profilnummer) VALUES (3856, 113);
INSERT INTO beitrag (beitragsnummer, autor_profilnummer) VALUES (2670, 70);
INSERT INTO beitrag (beitragsnummer, autor_profilnummer) VALUES (4447, 70);
INSERT INTO gefaellt (profilnummer, beitragsnummer, zeit) VALUES (130, 2011, "2020-10-01 18:05:11");
INSERT INTO gefaellt (profilnummer, beitragsnummer, zeit) VALUES (130, 4673, "2020-10-13 21:46:41");
INSERT INTO gefaellt (profilnummer, beitragsnummer, zeit) VALUES (130, 2387, "2020-10-04 23:10:44");
INSERT INTO gefaellt (profilnummer, beitragsnummer, zeit) VALUES (130, 4618, "2020-10-09 16:49:55");
INSERT INTO gefaellt (profilnummer, beitragsnummer, zeit) VALUES (130, 3253, "2020-10-13 13:25:23");
INSERT INTO gefaellt (profilnummer, beitragsnummer, zeit) VALUES (130, 4778, "2020-10-11 21:39:23");
INSERT INTO gefaellt (profilnummer, beitragsnummer, zeit) VALUES (130, 3955, "2020-10-09 19:38:37");
INSERT INTO gefaellt (profilnummer, beitragsnummer, zeit) VALUES (130, 2736, "2020-10-12 12:53:20");
INSERT INTO gefaellt (profilnummer, beitragsnummer, zeit) VALUES (130, 3058, "2020-10-01 07:47:16");
INSERT INTO gefaellt (profilnummer, beitragsnummer, zeit) VALUES (130, 4116, "2020-10-02 09:38:25");
INSERT INTO gefaellt (profilnummer, beitragsnummer, zeit) VALUES (130, 1690, "2020-10-08 15:47:42");
INSERT INTO gefaellt (profilnummer, beitragsnummer, zeit) VALUES (130, 3357, "2020-10-10 08:11:36");
INSERT INTO gefaellt (profilnummer, beitragsnummer, zeit) VALUES (130, 2803, "2020-10-03 09:35:37");
INSERT INTO gefaellt (profilnummer, beitragsnummer, zeit) VALUES (130, 3033, "2020-10-01 20:57:38");
INSERT INTO gefaellt (profilnummer, beitragsnummer, zeit) VALUES (130, 3044, "2020-10-11 12:02:01");
INSERT INTO gefaellt (profilnummer, beitragsnummer, zeit) VALUES (130, 4406, "2020-10-07 16:14:28");
INSERT INTO gefaellt (profilnummer, beitragsnummer, zeit) VALUES (130, 4427, "2020-10-10 10:47:48");
INSERT INTO gefaellt (profilnummer, beitragsnummer, zeit) VALUES (130, 4353, "2020-10-08 11:25:36");
INSERT INTO gefaellt (profilnummer, beitragsnummer, zeit) VALUES (130, 1597, "2020-10-07 18:43:47");
INSERT INTO gefaellt (profilnummer, beitragsnummer, zeit) VALUES (130, 3049, "2020-10-06 22:43:29");
INSERT INTO gefaellt (profilnummer, beitragsnummer, zeit) VALUES (130, 3694, "2020-10-07 18:22:12");
INSERT INTO gefaellt (profilnummer, beitragsnummer, zeit) VALUES (130, 2498, "2020-10-04 09:45:32");
INSERT INTO gefaellt (profilnummer, beitragsnummer, zeit) VALUES (130, 2168, "2020-10-08 19:47:26");
INSERT INTO gefaellt (profilnummer, beitragsnummer, zeit) VALUES (130, 2249, "2020-10-08 12:10:23");
INSERT INTO gefaellt (profilnummer, beitragsnummer, zeit) VALUES (130, 3142, "2020-10-04 07:22:31");
INSERT INTO gefaellt (profilnummer, beitragsnummer, zeit) VALUES (130, 3896, "2020-10-11 21:21:00");
INSERT INTO gefaellt (profilnummer, beitragsnummer, zeit) VALUES (130, 3267, "2020-10-06 15:02:34");
INSERT INTO gefaellt (profilnummer, beitragsnummer, zeit) VALUES (130, 4749, "2020-10-12 15:32:53");
INSERT INTO gefaellt (profilnummer, beitragsnummer, zeit) VALUES (181, 2011, "2020-09-16 12:00:00");
INSERT INTO gefaellt (profilnummer, beitragsnummer, zeit) VALUES (181, 4673, "2020-09-17 12:00:00");
INSERT INTO gefaellt (profilnummer, beitragsnummer, zeit) VALUES (181, 2387, "2020-09-18 12:00:00");
INSERT INTO gefaellt (profilnummer, beitragsnummer, zeit) VALUES (181, 4618, "2020-09-19 12:00:00");
INSERT INTO gefaellt (profilnummer, beitragsnummer, zeit) VALUES (181, 3253, "2020-09-20 12:00:00");
INSERT INTO gefaellt (profilnummer, beitragsnummer, zeit) VALUES (181, 4778, "2020-09-21 12:00:00");
INSERT INTO gefaellt (profilnummer, beitragsnummer, zeit) VALUES (181, 3955, "2020-09-22 12:00:00");
INSERT INTO gefaellt (profilnummer, beitragsnummer, zeit) VALUES (181, 2736, "2020-09-23 12:00:00");
INSERT INTO gefaellt (profilnummer, beitragsnummer, zeit) VALUES (181, 3058, "2020-09-24 12:00:00");
INSERT INTO gefaellt (profilnummer, beitragsnummer, zeit) VALUES (181, 4116, "2020-09-25 12:00:00");
INSERT INTO gefaellt (profilnummer, beitragsnummer, zeit) VALUES (181, 1690, "2020-09-26 12:00:00");
INSERT INTO gefaellt (profilnummer, beitragsnummer, zeit) VALUES (181, 3357, "2020-09-27 12:00:00");
INSERT INTO gefaellt (profilnummer, beitragsnummer, zeit) VALUES (181, 2803, "2020-09-28 12:00:00");
INSERT INTO gefaellt (profilnummer, beitragsnummer, zeit) VALUES (181, 3033, "2020-09-29 12:00:00");
INSERT INTO gefaellt (profilnummer, beitragsnummer, zeit) VALUES (181, 3044, "2020-09-30 12:00:00");
INSERT INTO gefaellt (profilnummer, beitragsnummer, zeit) VALUES (181, 4406, "2020-10-01 12:00:00");
INSERT INTO gefaellt (profilnummer, beitragsnummer, zeit) VALUES (181, 4427, "2020-10-02 12:00:00");
INSERT INTO gefaellt (profilnummer, beitragsnummer, zeit) VALUES (181, 4353, "2020-10-03 12:00:00");
INSERT INTO gefaellt (profilnummer, beitragsnummer, zeit) VALUES (181, 1597, "2020-10-04 12:00:00");
INSERT INTO gefaellt (profilnummer, beitragsnummer, zeit) VALUES (181, 3049, "2020-10-05 12:00:00");
INSERT INTO gefaellt (profilnummer, beitragsnummer, zeit) VALUES (181, 3694, "2020-10-06 12:00:00");
INSERT INTO gefaellt (profilnummer, beitragsnummer, zeit) VALUES (181, 2498, "2020-10-07 12:00:00");
INSERT INTO gefaellt (profilnummer, beitragsnummer, zeit) VALUES (181, 2168, "2020-10-08 12:00:00");
INSERT INTO gefaellt (profilnummer, beitragsnummer, zeit) VALUES (181, 2249, "2020-10-09 12:00:00");
INSERT INTO gefaellt (profilnummer, beitragsnummer, zeit) VALUES (181, 3142, "2020-10-10 12:00:00");
INSERT INTO gefaellt (profilnummer, beitragsnummer, zeit) VALUES (181, 3896, "2020-10-11 12:00:00");
INSERT INTO gefaellt (profilnummer, beitragsnummer, zeit) VALUES (181, 3267, "2020-10-12 12:00:00");
INSERT INTO gefaellt (profilnummer, beitragsnummer, zeit) VALUES (181, 4749, "2020-10-13 12:00:00");
INSERT INTO gefaellt (profilnummer, beitragsnummer, zeit) VALUES (19, 4341, "2020-10-04 16:11:22");
INSERT INTO gefaellt (profilnummer, beitragsnummer, zeit) VALUES (19, 4825, "2020-10-03 09:41:01");
INSERT INTO gefaellt (profilnummer, beitragsnummer, zeit) VALUES (19, 4003, "2020-10-11 13:47:02");
INSERT INTO gefaellt (profilnummer, beitragsnummer, zeit) VALUES (19, 2155, "2020-10-14 09:44:29");
INSERT INTO gefaellt (profilnummer, beitragsnummer, zeit) VALUES (19, 2073, "2020-10-02 10:15:36");
INSERT INTO gefaellt (profilnummer, beitragsnummer, zeit) VALUES (19, 2610, "2020-10-13 15:59:15");
INSERT INTO gefaellt (profilnummer, beitragsnummer, zeit) VALUES (19, 2601, "2020-10-08 11:46:19");
INSERT INTO gefaellt (profilnummer, beitragsnummer, zeit) VALUES (19, 2757, "2020-10-09 12:30:06");
INSERT INTO gefaellt (profilnummer, beitragsnummer, zeit) VALUES (19, 2779, "2020-10-09 12:09:18");
INSERT INTO gefaellt (profilnummer, beitragsnummer, zeit) VALUES (19, 4157, "2020-10-13 17:03:02");
INSERT INTO gefaellt (profilnummer, beitragsnummer, zeit) VALUES (19, 2622, "2020-10-11 12:37:21");
INSERT INTO gefaellt (profilnummer, beitragsnummer, zeit) VALUES (19, 4627, "2020-10-02 11:53:23");
INSERT INTO gefaellt (profilnummer, beitragsnummer, zeit) VALUES (19, 1896, "2020-10-03 17:37:42");
INSERT INTO gefaellt (profilnummer, beitragsnummer, zeit) VALUES (19, 1710, "2020-10-13 10:18:42");
INSERT INTO gefaellt (profilnummer, beitragsnummer, zeit) VALUES (19, 1726, "2020-10-06 13:11:58");
INSERT INTO gefaellt (profilnummer, beitragsnummer, zeit) VALUES (19, 1358, "2020-10-07 11:56:53");
INSERT INTO gefaellt (profilnummer, beitragsnummer, zeit) VALUES (19, 4524, "2020-10-04 18:12:16");
INSERT INTO gefaellt (profilnummer, beitragsnummer, zeit) VALUES (19, 2838, "2020-10-12 09:30:26");
INSERT INTO gefaellt (profilnummer, beitragsnummer, zeit) VALUES (19, 2936, "2020-10-04 10:17:52");
INSERT INTO gefaellt (profilnummer, beitragsnummer, zeit) VALUES (19, 1846, "2020-10-05 18:41:49");
INSERT INTO gefaellt (profilnummer, beitragsnummer, zeit) VALUES (19, 1286, "2020-10-09 14:51:59");
INSERT INTO gefaellt (profilnummer, beitragsnummer, zeit) VALUES (19, 1984, "2020-10-11 11:02:20");
INSERT INTO gefaellt (profilnummer, beitragsnummer, zeit) VALUES (19, 1096, "2020-10-13 14:53:35");
INSERT INTO gefaellt (profilnummer, beitragsnummer, zeit) VALUES (19, 4809, "2020-10-09 11:57:09");
INSERT INTO gefaellt (profilnummer, beitragsnummer, zeit) VALUES (19, 4714, "2020-10-10 15:58:51");
INSERT INTO gefaellt (profilnummer, beitragsnummer, zeit) VALUES (19, 3430, "2020-10-08 16:16:39");
INSERT INTO gefaellt (profilnummer, beitragsnummer, zeit) VALUES (19, 1212, "2020-10-13 12:25:55");
INSERT INTO gefaellt (profilnummer, beitragsnummer, zeit) VALUES (19, 1460, "2020-10-09 09:06:55");
INSERT INTO gefaellt (profilnummer, beitragsnummer, zeit) VALUES (19, 2011, "2020-10-05 09:07:28");
INSERT INTO gefaellt (profilnummer, beitragsnummer, zeit) VALUES (19, 4673, "2020-10-02 12:07:47");
INSERT INTO gefaellt (profilnummer, beitragsnummer, zeit) VALUES (19, 2387, "2020-10-07 16:13:22");
INSERT INTO gefaellt (profilnummer, beitragsnummer, zeit) VALUES (19, 4618, "2020-10-03 10:01:52");
INSERT INTO gefaellt (profilnummer, beitragsnummer, zeit) VALUES (19, 3253, "2020-10-11 12:48:00");
INSERT INTO gefaellt (profilnummer, beitragsnummer, zeit) VALUES (19, 4778, "2020-10-13 18:13:45");
INSERT INTO gefaellt (profilnummer, beitragsnummer, zeit) VALUES (19, 3955, "2020-10-07 14:38:04");
INSERT INTO gefaellt (profilnummer, beitragsnummer, zeit) VALUES (19, 2736, "2020-10-08 09:16:39");
INSERT INTO gefaellt (profilnummer, beitragsnummer, zeit) VALUES (19, 3058, "2020-10-11 15:51:34");
INSERT INTO gefaellt (profilnummer, beitragsnummer, zeit) VALUES (19, 4116, "2020-10-12 11:18:37");
INSERT INTO gefaellt (profilnummer, beitragsnummer, zeit) VALUES (19, 1690, "2020-10-09 16:20:31");
INSERT INTO gefaellt (profilnummer, beitragsnummer, zeit) VALUES (19, 3357, "2020-10-04 17:12:05");
INSERT INTO gefaellt (profilnummer, beitragsnummer, zeit) VALUES (19, 2803, "2020-10-10 15:34:14");
INSERT INTO gefaellt (profilnummer, beitragsnummer, zeit) VALUES (19, 3033, "2020-10-04 11:46:16");
INSERT INTO gefaellt (profilnummer, beitragsnummer, zeit) VALUES (19, 3044, "2020-10-11 13:05:23");
INSERT INTO gefaellt (profilnummer, beitragsnummer, zeit) VALUES (19, 4406, "2020-10-08 11:22:15");
INSERT INTO gefaellt (profilnummer, beitragsnummer, zeit) VALUES (19, 4427, "2020-10-12 16:54:46");
INSERT INTO gefaellt (profilnummer, beitragsnummer, zeit) VALUES (19, 4353, "2020-10-01 16:33:21");
INSERT INTO gefaellt (profilnummer, beitragsnummer, zeit) VALUES (19, 1597, "2020-10-05 15:44:36");
INSERT INTO gefaellt (profilnummer, beitragsnummer, zeit) VALUES (19, 3049, "2020-10-13 09:18:58");
INSERT INTO gefaellt (profilnummer, beitragsnummer, zeit) VALUES (19, 3694, "2020-10-02 15:42:46");
INSERT INTO gefaellt (profilnummer, beitragsnummer, zeit) VALUES (19, 2498, "2020-10-05 13:13:10");
INSERT INTO gefaellt (profilnummer, beitragsnummer, zeit) VALUES (19, 2168, "2020-10-13 16:09:39");
INSERT INTO gefaellt (profilnummer, beitragsnummer, zeit) VALUES (19, 2249, "2020-10-10 14:42:11");
INSERT INTO gefaellt (profilnummer, beitragsnummer, zeit) VALUES (19, 3142, "2020-10-06 12:43:15");
INSERT INTO gefaellt (profilnummer, beitragsnummer, zeit) VALUES (19, 3896, "2020-10-12 17:53:26");
INSERT INTO gefaellt (profilnummer, beitragsnummer, zeit) VALUES (19, 3267, "2020-10-02 15:59:41");
INSERT INTO gefaellt (profilnummer, beitragsnummer, zeit) VALUES (19, 4749, "2020-10-02 17:07:33");
INSERT INTO gefaellt (profilnummer, beitragsnummer, zeit) VALUES (19, 4503, "2020-10-10 09:40:46");
INSERT INTO gefaellt (profilnummer, beitragsnummer, zeit) VALUES (19, 1834, "2020-10-10 15:15:20");
INSERT INTO gefaellt (profilnummer, beitragsnummer, zeit) VALUES (19, 4456, "2020-10-06 17:06:58");
INSERT INTO gefaellt (profilnummer, beitragsnummer, zeit) VALUES (19, 3640, "2020-10-07 15:51:25");
INSERT INTO gefaellt (profilnummer, beitragsnummer, zeit) VALUES (19, 3245, "2020-10-13 16:59:28");
INSERT INTO gefaellt (profilnummer, beitragsnummer, zeit) VALUES (19, 4180, "2020-10-06 14:45:39");
INSERT INTO gefaellt (profilnummer, beitragsnummer, zeit) VALUES (19, 3539, "2020-10-05 14:19:54");
INSERT INTO gefaellt (profilnummer, beitragsnummer, zeit) VALUES (19, 3598, "2020-10-03 13:30:16");
INSERT INTO gefaellt (profilnummer, beitragsnummer, zeit) VALUES (19, 3972, "2020-10-01 13:42:25");
INSERT INTO gefaellt (profilnummer, beitragsnummer, zeit) VALUES (19, 4095, "2020-10-05 12:35:49");
INSERT INTO gefaellt (profilnummer, beitragsnummer, zeit) VALUES (19, 3637, "2020-10-05 12:07:54");
INSERT INTO gefaellt (profilnummer, beitragsnummer, zeit) VALUES (19, 3652, "2020-10-09 12:09:39");
INSERT INTO gefaellt (profilnummer, beitragsnummer, zeit) VALUES (19, 1511, "2020-10-02 12:27:19");
INSERT INTO gefaellt (profilnummer, beitragsnummer, zeit) VALUES (19, 3513, "2020-10-06 16:08:32");
INSERT INTO gefaellt (profilnummer, beitragsnummer, zeit) VALUES (19, 1464, "2020-10-07 18:41:49");
INSERT INTO gefaellt (profilnummer, beitragsnummer, zeit) VALUES (19, 2953, "2020-10-05 15:40:47");
INSERT INTO gefaellt (profilnummer, beitragsnummer, zeit) VALUES (19, 3220, "2020-10-08 14:22:17");
INSERT INTO gefaellt (profilnummer, beitragsnummer, zeit) VALUES (19, 1364, "2020-10-02 09:01:48");
INSERT INTO gefaellt (profilnummer, beitragsnummer, zeit) VALUES (19, 2662, "2020-10-02 16:48:51");
INSERT INTO gefaellt (profilnummer, beitragsnummer, zeit) VALUES (19, 4725, "2020-10-01 17:16:19");
INSERT INTO gefaellt (profilnummer, beitragsnummer, zeit) VALUES (19, 2256, "2020-10-03 12:59:58");
INSERT INTO gefaellt (profilnummer, beitragsnummer, zeit) VALUES (19, 4940, "2020-10-05 14:22:36");
INSERT INTO gefaellt (profilnummer, beitragsnummer, zeit) VALUES (19, 3827, "2020-10-01 15:52:58");
INSERT INTO gefaellt (profilnummer, beitragsnummer, zeit) VALUES (19, 4635, "2020-10-11 09:22:51");
INSERT INTO gefaellt (profilnummer, beitragsnummer, zeit) VALUES (19, 2955, "2020-10-10 11:26:49");
INSERT INTO gefaellt (profilnummer, beitragsnummer, zeit) VALUES (19, 4357, "2020-10-08 17:53:38");
INSERT INTO gefaellt (profilnummer, beitragsnummer, zeit) VALUES (19, 2626, "2020-10-09 17:13:54");
INSERT INTO gefaellt (profilnummer, beitragsnummer, zeit) VALUES (19, 2216, "2020-10-08 09:29:55");
INSERT INTO gefaellt (profilnummer, beitragsnummer, zeit) VALUES (19, 2896, "2020-10-09 11:08:50");
INSERT INTO gefaellt (profilnummer, beitragsnummer, zeit) VALUES (19, 4107, "2020-10-11 14:11:37");
INSERT INTO gefaellt (profilnummer, beitragsnummer, zeit) VALUES (19, 3739, "2020-10-10 14:59:54");
INSERT INTO gefaellt (profilnummer, beitragsnummer, zeit) VALUES (19, 4292, "2020-10-08 17:56:11");
INSERT INTO gefaellt (profilnummer, beitragsnummer, zeit) VALUES (19, 1537, "2020-10-10 15:56:07");
INSERT INTO gefaellt (profilnummer, beitragsnummer, zeit) VALUES (19, 3887, "2020-10-05 14:14:17");
INSERT INTO gefaellt (profilnummer, beitragsnummer, zeit) VALUES (19, 4018, "2020-10-05 10:46:32");
INSERT INTO gefaellt (profilnummer, beitragsnummer, zeit) VALUES (19, 1722, "2020-10-13 14:19:05");
INSERT INTO gefaellt (profilnummer, beitragsnummer, zeit) VALUES (19, 3805, "2020-10-11 09:47:41");
INSERT INTO gefaellt (profilnummer, beitragsnummer, zeit) VALUES (19, 4597, "2020-10-04 12:11:50");
INSERT INTO gefaellt (profilnummer, beitragsnummer, zeit) VALUES (19, 1923, "2020-10-01 15:07:26");
INSERT INTO gefaellt (profilnummer, beitragsnummer, zeit) VALUES (19, 1755, "2020-10-13 11:52:31");
INSERT INTO gefaellt (profilnummer, beitragsnummer, zeit) VALUES (19, 1414, "2020-10-11 16:44:16");
INSERT INTO gefaellt (profilnummer, beitragsnummer, zeit) VALUES (19, 3802, "2020-10-09 11:08:49");
INSERT INTO gefaellt (profilnummer, beitragsnummer, zeit) VALUES (19, 4351, "2020-10-14 11:59:20");
INSERT INTO gefaellt (profilnummer, beitragsnummer, zeit) VALUES (19, 2502, "2020-10-07 12:56:50");
INSERT INTO gefaellt (profilnummer, beitragsnummer, zeit) VALUES (19, 3521, "2020-10-09 17:25:40");
INSERT INTO gefaellt (profilnummer, beitragsnummer, zeit) VALUES (19, 3856, "2020-10-07 10:51:49");
INSERT INTO gefaellt (profilnummer, beitragsnummer, zeit) VALUES (19, 2670, "2020-10-06 13:22:08");
INSERT INTO gefaellt (profilnummer, beitragsnummer, zeit) VALUES (19, 4447, "2020-10-02 14:33:22");
INSERT INTO gefaellt (profilnummer, beitragsnummer, zeit) VALUES (14, 4503, "2020-10-06 14:19:15");
INSERT INTO gefaellt (profilnummer, beitragsnummer, zeit) VALUES (14, 1834, "2020-10-09 11:21:58");
INSERT INTO gefaellt (profilnummer, beitragsnummer, zeit) VALUES (14, 4456, "2020-10-11 11:30:14");
INSERT INTO gefaellt (profilnummer, beitragsnummer, zeit) VALUES (14, 3640, "2020-10-11 17:49:54");
INSERT INTO gefaellt (profilnummer, beitragsnummer, zeit) VALUES (14, 3245, "2020-10-14 13:04:25");
INSERT INTO gefaellt (profilnummer, beitragsnummer, zeit) VALUES (14, 4180, "2020-10-03 13:14:35");
INSERT INTO gefaellt (profilnummer, beitragsnummer, zeit) VALUES (14, 3539, "2020-10-01 10:58:10");
INSERT INTO gefaellt (profilnummer, beitragsnummer, zeit) VALUES (14, 3598, "2020-10-13 10:33:43");
INSERT INTO gefaellt (profilnummer, beitragsnummer, zeit) VALUES (14, 3972, "2020-10-03 12:14:06");
INSERT INTO gefaellt (profilnummer, beitragsnummer, zeit) VALUES (14, 4095, "2020-10-07 17:44:59");
INSERT INTO gefaellt (profilnummer, beitragsnummer, zeit) VALUES (14, 3637, "2020-10-14 11:15:53");
INSERT INTO gefaellt (profilnummer, beitragsnummer, zeit) VALUES (14, 3652, "2020-10-04 16:26:34");
INSERT INTO gefaellt (profilnummer, beitragsnummer, zeit) VALUES (151, 1537, "2020-10-08 12:01:58");
INSERT INTO gefaellt (profilnummer, beitragsnummer, zeit) VALUES (151, 1726, "2020-10-06 12:06:54");
INSERT INTO gefaellt (profilnummer, beitragsnummer, zeit) VALUES (151, 3598, "2020-10-01 12:31:43");
INSERT INTO gefaellt (profilnummer, beitragsnummer, zeit) VALUES (151, 3033, "2020-10-08 12:59:33");
INSERT INTO gefaellt (profilnummer, beitragsnummer, zeit) VALUES (151, 4351, "2020-10-09 12:56:10");
INSERT INTO gefaellt (profilnummer, beitragsnummer, zeit) VALUES (151, 1511, "2020-10-04 12:18:50");
INSERT INTO gefaellt (profilnummer, beitragsnummer, zeit) VALUES (151, 1212, "2020-10-02 12:15:47");
INSERT INTO gefaellt (profilnummer, beitragsnummer, zeit) VALUES (151, 2387, "2020-10-09 12:20:35");
INSERT INTO gefaellt (profilnummer, beitragsnummer, zeit) VALUES (151, 4003, "2020-10-02 12:42:24");
INSERT INTO gefaellt (profilnummer, beitragsnummer, zeit) VALUES (151, 3887, "2020-10-04 12:40:24");
INSERT INTO gefaellt (profilnummer, beitragsnummer, zeit) VALUES (151, 4116, "2020-10-11 12:27:33");
INSERT INTO gefaellt (profilnummer, beitragsnummer, zeit) VALUES (151, 3430, "2020-10-06 12:17:29");
INSERT INTO gefaellt (profilnummer, beitragsnummer, zeit) VALUES (151, 2011, "2020-10-05 12:04:10");
INSERT INTO gefaellt (profilnummer, beitragsnummer, zeit) VALUES (151, 4714, "2020-10-05 12:03:20");
INSERT INTO gefaellt (profilnummer, beitragsnummer, zeit) VALUES (151, 4018, "2020-10-04 12:37:06");
INSERT INTO gefaellt (profilnummer, beitragsnummer, zeit) VALUES (151, 1597, "2020-10-14 12:25:27");
INSERT INTO gefaellt (profilnummer, beitragsnummer, zeit) VALUES (151, 4157, "2020-10-02 12:41:43");
INSERT INTO gefaellt (profilnummer, beitragsnummer, zeit) VALUES (151, 2502, "2020-10-08 12:02:58");
INSERT INTO gefaellt (profilnummer, beitragsnummer, zeit) VALUES (151, 4725, "2020-10-14 12:32:10");
INSERT INTO gefaellt (profilnummer, beitragsnummer, zeit) VALUES (151, 4673, "2020-10-03 12:26:58");
INSERT INTO gefaellt (profilnummer, beitragsnummer, zeit) VALUES (151, 4447, "2020-10-01 12:09:18");
INSERT INTO gefaellt (profilnummer, beitragsnummer, zeit) VALUES (151, 2936, "2020-10-10 12:43:10");
INSERT INTO gefaellt (profilnummer, beitragsnummer, zeit) VALUES (151, 1364, "2020-10-12 12:05:10");
INSERT INTO gefaellt (profilnummer, beitragsnummer, zeit) VALUES (151, 4292, "2020-10-07 12:08:49");
INSERT INTO gefaellt (profilnummer, beitragsnummer, zeit) VALUES (151, 4627, "2020-10-01 12:41:15");
INSERT INTO gefaellt (profilnummer, beitragsnummer, zeit) VALUES (151, 2498, "2020-10-04 12:21:26");
INSERT INTO gefaellt (profilnummer, beitragsnummer, zeit) VALUES (151, 4635, "2020-10-04 12:54:51");
INSERT INTO gefaellt (profilnummer, beitragsnummer, zeit) VALUES (151, 3058, "2020-10-09 12:00:11");
INSERT INTO gefaellt (profilnummer, beitragsnummer, zeit) VALUES (151, 1846, "2020-10-07 12:39:11");
INSERT INTO gefaellt (profilnummer, beitragsnummer, zeit) VALUES (151, 2896, "2020-10-13 12:12:05");
INSERT INTO gefaellt (profilnummer, beitragsnummer, zeit) VALUES (151, 4341, "2020-10-02 12:02:37");
INSERT INTO gefaellt (profilnummer, beitragsnummer, zeit) VALUES (151, 1414, "2020-10-11 12:20:23");
INSERT INTO gefaellt (profilnummer, beitragsnummer, zeit) VALUES (151, 2168, "2020-10-01 12:08:53");
INSERT INTO gefaellt (profilnummer, beitragsnummer, zeit) VALUES (151, 3694, "2020-10-12 12:08:58");
INSERT INTO gefaellt (profilnummer, beitragsnummer, zeit) VALUES (151, 3267, "2020-10-05 12:16:03");
INSERT INTO gefaellt (profilnummer, beitragsnummer, zeit) VALUES (151, 3637, "2020-10-09 12:45:09");
INSERT INTO gefaellt (profilnummer, beitragsnummer, zeit) VALUES (151, 3513, "2020-10-09 12:45:03");
INSERT INTO gefaellt (profilnummer, beitragsnummer, zeit) VALUES (151, 4618, "2020-10-01 12:15:54");
INSERT INTO gefaellt (profilnummer, beitragsnummer, zeit) VALUES (151, 3044, "2020-10-09 12:03:51");
INSERT INTO gefaellt (profilnummer, beitragsnummer, zeit) VALUES (151, 2736, "2020-10-14 12:28:17");
INSERT INTO gefaellt (profilnummer, beitragsnummer, zeit) VALUES (151, 4353, "2020-10-13 12:16:13");
INSERT INTO gefaellt (profilnummer, beitragsnummer, zeit) VALUES (151, 4107, "2020-10-04 12:05:42");
INSERT INTO gefaellt (profilnummer, beitragsnummer, zeit) VALUES (151, 2601, "2020-10-02 12:36:36");
INSERT INTO gefaellt (profilnummer, beitragsnummer, zeit) VALUES (151, 3253, "2020-10-05 12:50:02");
INSERT INTO gefaellt (profilnummer, beitragsnummer, zeit) VALUES (151, 1923, "2020-10-07 12:40:13");
INSERT INTO gefaellt (profilnummer, beitragsnummer, zeit) VALUES (151, 1834, "2020-10-13 12:15:55");
INSERT INTO gefaellt (profilnummer, beitragsnummer, zeit) VALUES (151, 3739, "2020-10-13 12:44:39");
INSERT INTO gefaellt (profilnummer, beitragsnummer, zeit) VALUES (151, 2670, "2020-10-12 12:05:53");
INSERT INTO gefaellt (profilnummer, beitragsnummer, zeit) VALUES (151, 3856, "2020-10-08 12:10:34");
INSERT INTO gefaellt (profilnummer, beitragsnummer, zeit) VALUES (151, 4180, "2020-10-14 12:52:59");
INSERT INTO gefaellt (profilnummer, beitragsnummer, zeit) VALUES (151, 3245, "2020-10-14 12:36:28");
INSERT INTO gefaellt (profilnummer, beitragsnummer, zeit) VALUES (151, 4095, "2020-10-01 12:18:08");
INSERT INTO gefaellt (profilnummer, beitragsnummer, zeit) VALUES (151, 2955, "2020-10-11 12:06:34");
INSERT INTO gefaellt (profilnummer, beitragsnummer, zeit) VALUES (151, 1286, "2020-10-09 12:29:51");
INSERT INTO gefaellt (profilnummer, beitragsnummer, zeit) VALUES (151, 2803, "2020-10-11 12:12:56");
INSERT INTO gefaellt (profilnummer, beitragsnummer, zeit) VALUES (151, 3805, "2020-10-11 12:53:31");
INSERT INTO gefaellt (profilnummer, beitragsnummer, zeit) VALUES (151, 2073, "2020-10-11 12:44:29");
INSERT INTO gefaellt (profilnummer, beitragsnummer, zeit) VALUES (151, 2779, "2020-10-02 12:31:40");
INSERT INTO gefaellt (profilnummer, beitragsnummer, zeit) VALUES (151, 1460, "2020-10-11 12:36:10");
INSERT INTO gefaellt (profilnummer, beitragsnummer, zeit) VALUES (151, 3652, "2020-10-13 12:35:21");
INSERT INTO gefaellt (profilnummer, beitragsnummer, zeit) VALUES (151, 3539, "2020-10-13 12:36:37");
INSERT INTO gefaellt (profilnummer, beitragsnummer, zeit) VALUES (151, 2610, "2020-10-10 12:20:00");
INSERT INTO gefaellt (profilnummer, beitragsnummer, zeit) VALUES (151, 4809, "2020-10-14 12:43:24");
INSERT INTO gefaellt (profilnummer, beitragsnummer, zeit) VALUES (151, 2256, "2020-10-08 12:20:27");
INSERT INTO gefaellt (profilnummer, beitragsnummer, zeit) VALUES (151, 3521, "2020-10-14 12:15:46");
INSERT INTO gefaellt (profilnummer, beitragsnummer, zeit) VALUES (151, 2155, "2020-10-08 12:19:51");
INSERT INTO gefaellt (profilnummer, beitragsnummer, zeit) VALUES (151, 3802, "2020-10-01 12:53:23");
INSERT INTO gefaellt (profilnummer, beitragsnummer, zeit) VALUES (151, 2216, "2020-10-06 12:43:38");
INSERT INTO gefaellt (profilnummer, beitragsnummer, zeit) VALUES (151, 4503, "2020-10-14 12:07:30");
INSERT INTO gefaellt (profilnummer, beitragsnummer, zeit) VALUES (151, 4524, "2020-10-10 12:25:37");
INSERT INTO gefaellt (profilnummer, beitragsnummer, zeit) VALUES (76, 3033, "2020-10-05 07:23:04");
INSERT INTO gefaellt (profilnummer, beitragsnummer, zeit) VALUES (76, 1896, "2020-10-02 18:57:43");
INSERT INTO gefaellt (profilnummer, beitragsnummer, zeit) VALUES (76, 2168, "2020-10-02 07:04:14");
INSERT INTO gefaellt (profilnummer, beitragsnummer, zeit) VALUES (76, 4778, "2020-10-06 18:33:01");
INSERT INTO gefaellt (profilnummer, beitragsnummer, zeit) VALUES (76, 4673, "2020-10-01 07:20:14");
INSERT INTO gefaellt (profilnummer, beitragsnummer, zeit) VALUES (76, 3802, "2020-10-03 17:19:09");
INSERT INTO gefaellt (profilnummer, beitragsnummer, zeit) VALUES (76, 2936, "2020-10-03 07:55:32");
INSERT INTO gefaellt (profilnummer, beitragsnummer, zeit) VALUES (76, 1710, "2020-10-07 18:17:33");
INSERT INTO gefaellt (profilnummer, beitragsnummer, zeit) VALUES (76, 4825, "2020-10-03 17:21:07");
INSERT INTO gefaellt (profilnummer, beitragsnummer, zeit) VALUES (76, 1834, "2020-10-01 17:55:09");
INSERT INTO gefaellt (profilnummer, beitragsnummer, zeit) VALUES (76, 3049, "2020-10-06 18:56:11");
INSERT INTO gefaellt (profilnummer, beitragsnummer, zeit) VALUES (76, 4809, "2020-10-07 07:29:31");
INSERT INTO gefaellt (profilnummer, beitragsnummer, zeit) VALUES (76, 3652, "2020-10-07 07:10:19");
INSERT INTO gefaellt (profilnummer, beitragsnummer, zeit) VALUES (76, 3739, "2020-10-12 17:14:34");
INSERT INTO gefaellt (profilnummer, beitragsnummer, zeit) VALUES (76, 1923, "2020-10-13 07:17:46");
INSERT INTO gefaellt (profilnummer, beitragsnummer, zeit) VALUES (76, 2502, "2020-10-14 08:53:08");
INSERT INTO gefaellt (profilnummer, beitragsnummer, zeit) VALUES (76, 3521, "2020-10-13 17:47:27");
INSERT INTO gefaellt (profilnummer, beitragsnummer, zeit) VALUES (76, 4095, "2020-10-10 07:45:48");
INSERT INTO gefaellt (profilnummer, beitragsnummer, zeit) VALUES (76, 4749, "2020-10-13 07:54:25");
INSERT INTO gefaellt (profilnummer, beitragsnummer, zeit) VALUES (76, 1460, "2020-10-07 07:12:34");
INSERT INTO gefaellt (profilnummer, beitragsnummer, zeit) VALUES (76, 4351, "2020-10-07 07:44:23");
INSERT INTO gefaellt (profilnummer, beitragsnummer, zeit) VALUES (76, 3694, "2020-10-11 08:46:08");
INSERT INTO gefaellt (profilnummer, beitragsnummer, zeit) VALUES (76, 1096, "2020-10-08 18:50:18");
INSERT INTO gefaellt (profilnummer, beitragsnummer, zeit) VALUES (76, 2498, "2020-10-12 08:07:59");
INSERT INTO gefaellt (profilnummer, beitragsnummer, zeit) VALUES (76, 1722, "2020-10-02 17:08:33");
INSERT INTO gefaellt (profilnummer, beitragsnummer, zeit) VALUES (76, 4003, "2020-10-05 08:15:16");
INSERT INTO gefaellt (profilnummer, beitragsnummer, zeit) VALUES (76, 3539, "2020-10-10 18:20:16");
INSERT INTO gefaellt (profilnummer, beitragsnummer, zeit) VALUES (76, 4725, "2020-10-09 17:46:09");
INSERT INTO gefaellt (profilnummer, beitragsnummer, zeit) VALUES (76, 2953, "2020-10-04 08:55:40");
INSERT INTO gefaellt (profilnummer, beitragsnummer, zeit) VALUES (76, 1755, "2020-10-02 08:27:18");
INSERT INTO gefaellt (profilnummer, beitragsnummer, zeit) VALUES (76, 2736, "2020-10-13 08:23:47");
INSERT INTO gefaellt (profilnummer, beitragsnummer, zeit) VALUES (76, 1414, "2020-10-05 07:05:19");
INSERT INTO gefaellt (profilnummer, beitragsnummer, zeit) VALUES (76, 1511, "2020-10-05 17:01:24");
INSERT INTO gefaellt (profilnummer, beitragsnummer, zeit) VALUES (76, 3044, "2020-10-07 18:25:48");
INSERT INTO gefaellt (profilnummer, beitragsnummer, zeit) VALUES (76, 4635, "2020-10-01 18:41:39");
INSERT INTO gefaellt (profilnummer, beitragsnummer, zeit) VALUES (76, 3220, "2020-10-03 18:38:25");
INSERT INTO gefaellt (profilnummer, beitragsnummer, zeit) VALUES (76, 2670, "2020-10-05 07:32:13");
INSERT INTO gefaellt (profilnummer, beitragsnummer, zeit) VALUES (76, 4627, "2020-10-06 18:35:03");
INSERT INTO gefaellt (profilnummer, beitragsnummer, zeit) VALUES (76, 4940, "2020-10-14 07:33:53");
INSERT INTO gefaellt (profilnummer, beitragsnummer, zeit) VALUES (76, 4503, "2020-10-08 18:02:14");
INSERT INTO gefaellt (profilnummer, beitragsnummer, zeit) VALUES (76, 3955, "2020-10-08 18:39:03");
INSERT INTO gefaellt (profilnummer, beitragsnummer, zeit) VALUES (76, 3827, "2020-10-02 07:51:05");
INSERT INTO gefaellt (profilnummer, beitragsnummer, zeit) VALUES (76, 1537, "2020-10-08 18:59:06");
INSERT INTO gefaellt (profilnummer, beitragsnummer, zeit) VALUES (76, 4353, "2020-10-11 08:53:16");
INSERT INTO gefaellt (profilnummer, beitragsnummer, zeit) VALUES (76, 3430, "2020-10-13 08:23:08");
INSERT INTO gefaellt (profilnummer, beitragsnummer, zeit) VALUES (76, 3058, "2020-10-10 07:38:56");
INSERT INTO gefaellt (profilnummer, beitragsnummer, zeit) VALUES (76, 1984, "2020-10-07 08:36:44");
INSERT INTO gefaellt (profilnummer, beitragsnummer, zeit) VALUES (76, 4116, "2020-10-08 18:33:23");
INSERT INTO gefaellt (profilnummer, beitragsnummer, zeit) VALUES (76, 3598, "2020-10-09 07:27:33");
INSERT INTO gefaellt (profilnummer, beitragsnummer, zeit) VALUES (76, 1286, "2020-10-09 07:10:22");
INSERT INTO gefaellt (profilnummer, beitragsnummer, zeit) VALUES (76, 1212, "2020-10-03 18:12:42");
INSERT INTO gefaellt (profilnummer, beitragsnummer, zeit) VALUES (76, 2662, "2020-10-11 08:59:46");
INSERT INTO gefaellt (profilnummer, beitragsnummer, zeit) VALUES (76, 1464, "2020-10-08 07:13:10");
INSERT INTO gefaellt (profilnummer, beitragsnummer, zeit) VALUES (76, 4341, "2020-10-08 07:39:14");
INSERT INTO gefaellt (profilnummer, beitragsnummer, zeit) VALUES (76, 3887, "2020-10-07 18:45:50");
INSERT INTO gefaellt (profilnummer, beitragsnummer, zeit) VALUES (76, 3805, "2020-10-01 07:12:18");
INSERT INTO gefaellt (profilnummer, beitragsnummer, zeit) VALUES (41, 3896, "2020-10-04 19:01:51");
INSERT INTO gefaellt (profilnummer, beitragsnummer, zeit) VALUES (41, 4357, "2020-10-10 13:03:22");
INSERT INTO gefaellt (profilnummer, beitragsnummer, zeit) VALUES (41, 3598, "2020-10-09 18:01:23");
INSERT INTO gefaellt (profilnummer, beitragsnummer, zeit) VALUES (41, 3058, "2020-10-07 19:00:27");
INSERT INTO gefaellt (profilnummer, beitragsnummer, zeit) VALUES (41, 4447, "2020-10-12 14:01:40");
INSERT INTO gefaellt (profilnummer, beitragsnummer, zeit) VALUES (41, 4809, "2020-10-02 13:01:22");
INSERT INTO gefaellt (profilnummer, beitragsnummer, zeit) VALUES (41, 4456, "2020-10-04 13:04:37");
INSERT INTO gefaellt (profilnummer, beitragsnummer, zeit) VALUES (41, 1464, "2020-10-08 19:01:18");
INSERT INTO gefaellt (profilnummer, beitragsnummer, zeit) VALUES (41, 4095, "2020-10-01 14:01:34");
INSERT INTO gefaellt (profilnummer, beitragsnummer, zeit) VALUES (41, 1286, "2020-10-01 19:03:42");
INSERT INTO gefaellt (profilnummer, beitragsnummer, zeit) VALUES (41, 1846, "2020-10-06 13:00:47");
INSERT INTO gefaellt (profilnummer, beitragsnummer, zeit) VALUES (41, 4427, "2020-10-08 14:00:41");
INSERT INTO gefaellt (profilnummer, beitragsnummer, zeit) VALUES (41, 2936, "2020-10-04 13:03:20");
INSERT INTO gefaellt (profilnummer, beitragsnummer, zeit) VALUES (41, 4749, "2020-10-03 17:00:59");
INSERT INTO gefaellt (profilnummer, beitragsnummer, zeit) VALUES (41, 1511, "2020-10-06 14:03:13");
INSERT INTO gefaellt (profilnummer, beitragsnummer, zeit) VALUES (41, 2256, "2020-10-09 17:03:34");
INSERT INTO gefaellt (profilnummer, beitragsnummer, zeit) VALUES (41, 1710, "2020-10-01 13:04:46");
INSERT INTO gefaellt (profilnummer, beitragsnummer, zeit) VALUES (41, 3739, "2020-10-13 13:00:41");
INSERT INTO gefaellt (profilnummer, beitragsnummer, zeit) VALUES (41, 4292, "2020-10-12 13:01:35");
INSERT INTO gefaellt (profilnummer, beitragsnummer, zeit) VALUES (41, 4597, "2020-10-03 14:02:23");
INSERT INTO gefaellt (profilnummer, beitragsnummer, zeit) VALUES (41, 3972, "2020-10-12 15:02:38");
INSERT INTO gefaellt (profilnummer, beitragsnummer, zeit) VALUES (41, 2502, "2020-10-13 18:01:34");
INSERT INTO gefaellt (profilnummer, beitragsnummer, zeit) VALUES (41, 1212, "2020-10-07 18:04:21");
INSERT INTO gefaellt (profilnummer, beitragsnummer, zeit) VALUES (41, 4778, "2020-10-05 16:02:01");
INSERT INTO gefaellt (profilnummer, beitragsnummer, zeit) VALUES (41, 4635, "2020-10-04 14:01:17");
INSERT INTO gefaellt (profilnummer, beitragsnummer, zeit) VALUES (41, 4627, "2020-10-10 14:01:05");
INSERT INTO gefaellt (profilnummer, beitragsnummer, zeit) VALUES (41, 2073, "2020-10-14 13:02:59");
INSERT INTO gefaellt (profilnummer, beitragsnummer, zeit) VALUES (41, 2953, "2020-10-02 14:01:11");
INSERT INTO gefaellt (profilnummer, beitragsnummer, zeit) VALUES (41, 4353, "2020-10-07 16:03:18");
INSERT INTO gefaellt (profilnummer, beitragsnummer, zeit) VALUES (41, 1984, "2020-10-13 17:00:54");
INSERT INTO gefaellt (profilnummer, beitragsnummer, zeit) VALUES (41, 4673, "2020-10-14 13:04:25");
INSERT INTO gefaellt (profilnummer, beitragsnummer, zeit) VALUES (41, 4406, "2020-10-06 13:01:38");
INSERT INTO gefaellt (profilnummer, beitragsnummer, zeit) VALUES (41, 2498, "2020-10-02 15:00:41");
INSERT INTO gefaellt (profilnummer, beitragsnummer, zeit) VALUES (41, 1597, "2020-10-04 19:02:11");
INSERT INTO gefaellt (profilnummer, beitragsnummer, zeit) VALUES (41, 2387, "2020-10-13 15:00:33");
INSERT INTO gefaellt (profilnummer, beitragsnummer, zeit) VALUES (41, 1896, "2020-10-03 14:00:32");
INSERT INTO gefaellt (profilnummer, beitragsnummer, zeit) VALUES (41, 4351, "2020-10-06 13:01:50");
INSERT INTO gefaellt (profilnummer, beitragsnummer, zeit) VALUES (41, 3539, "2020-10-05 13:00:12");
INSERT INTO gefaellt (profilnummer, beitragsnummer, zeit) VALUES (41, 3245, "2020-10-01 16:03:57");
INSERT INTO gefaellt (profilnummer, beitragsnummer, zeit) VALUES (41, 2610, "2020-10-08 13:04:23");
INSERT INTO gefaellt (profilnummer, beitragsnummer, zeit) VALUES (41, 3220, "2020-10-06 18:00:35");
INSERT INTO gefaellt (profilnummer, beitragsnummer, zeit) VALUES (41, 4018, "2020-10-07 19:04:09");
INSERT INTO gefaellt (profilnummer, beitragsnummer, zeit) VALUES (41, 2955, "2020-10-09 15:00:24");
INSERT INTO gefaellt (profilnummer, beitragsnummer, zeit) VALUES (41, 3640, "2020-10-04 13:03:09");
INSERT INTO gefaellt (profilnummer, beitragsnummer, zeit) VALUES (41, 3521, "2020-10-04 13:02:20");
INSERT INTO gefaellt (profilnummer, beitragsnummer, zeit) VALUES (41, 3033, "2020-10-11 18:04:56");
INSERT INTO gefaellt (profilnummer, beitragsnummer, zeit) VALUES (41, 2216, "2020-10-13 13:04:08");
INSERT INTO gefaellt (profilnummer, beitragsnummer, zeit) VALUES (41, 3253, "2020-10-05 14:03:03");
INSERT INTO gefaellt (profilnummer, beitragsnummer, zeit) VALUES (41, 2249, "2020-10-01 13:03:42");
INSERT INTO gefaellt (profilnummer, beitragsnummer, zeit) VALUES (41, 3637, "2020-10-07 19:01:33");
INSERT INTO gefaellt (profilnummer, beitragsnummer, zeit) VALUES (41, 2622, "2020-10-06 15:01:18");
INSERT INTO gefaellt (profilnummer, beitragsnummer, zeit) VALUES (41, 4107, "2020-10-05 14:00:45");
INSERT INTO gefaellt (profilnummer, beitragsnummer, zeit) VALUES (41, 3267, "2020-10-08 15:00:49");
INSERT INTO gefaellt (profilnummer, beitragsnummer, zeit) VALUES (41, 4825, "2020-10-13 15:04:49");
INSERT INTO gefaellt (profilnummer, beitragsnummer, zeit) VALUES (41, 3049, "2020-10-02 13:02:39");
INSERT INTO gefaellt (profilnummer, beitragsnummer, zeit) VALUES (41, 3044, "2020-10-11 17:01:53");
INSERT INTO gefaellt (profilnummer, beitragsnummer, zeit) VALUES (113, 4107, "2020-10-10 22:00:09");
INSERT INTO gefaellt (profilnummer, beitragsnummer, zeit) VALUES (113, 2736, "2020-10-06 20:00:09");
INSERT INTO gefaellt (profilnummer, beitragsnummer, zeit) VALUES (113, 4447, "2020-10-10 20:01:17");
INSERT INTO gefaellt (profilnummer, beitragsnummer, zeit) VALUES (113, 1511, "2020-10-12 22:01:12");
INSERT INTO gefaellt (profilnummer, beitragsnummer, zeit) VALUES (113, 4749, "2020-10-06 20:02:35");
INSERT INTO gefaellt (profilnummer, beitragsnummer, zeit) VALUES (113, 3802, "2020-10-02 22:03:08");
INSERT INTO gefaellt (profilnummer, beitragsnummer, zeit) VALUES (113, 4353, "2020-10-09 19:03:33");
INSERT INTO gefaellt (profilnummer, beitragsnummer, zeit) VALUES (113, 1834, "2020-10-01 23:02:47");
INSERT INTO gefaellt (profilnummer, beitragsnummer, zeit) VALUES (113, 2622, "2020-10-08 22:04:50");
INSERT INTO gefaellt (profilnummer, beitragsnummer, zeit) VALUES (113, 3739, "2020-10-05 22:02:25");
INSERT INTO gefaellt (profilnummer, beitragsnummer, zeit) VALUES (113, 4618, "2020-10-13 19:01:18");
INSERT INTO gefaellt (profilnummer, beitragsnummer, zeit) VALUES (113, 4825, "2020-10-04 20:03:12");
INSERT INTO gefaellt (profilnummer, beitragsnummer, zeit) VALUES (113, 1896, "2020-10-08 19:00:59");
INSERT INTO gefaellt (profilnummer, beitragsnummer, zeit) VALUES (113, 3513, "2020-10-12 22:00:35");
INSERT INTO gefaellt (profilnummer, beitragsnummer, zeit) VALUES (113, 4714, "2020-10-07 22:02:11");
INSERT INTO gefaellt (profilnummer, beitragsnummer, zeit) VALUES (113, 1414, "2020-10-05 19:04:52");
INSERT INTO gefaellt (profilnummer, beitragsnummer, zeit) VALUES (113, 3044, "2020-10-10 20:00:01");
INSERT INTO gefaellt (profilnummer, beitragsnummer, zeit) VALUES (113, 2670, "2020-10-11 22:02:16");
INSERT INTO gefaellt (profilnummer, beitragsnummer, zeit) VALUES (113, 4095, "2020-10-03 23:01:08");
INSERT INTO gefaellt (profilnummer, beitragsnummer, zeit) VALUES (113, 2502, "2020-10-13 22:03:48");
INSERT INTO gefaellt (profilnummer, beitragsnummer, zeit) VALUES (113, 3896, "2020-10-10 22:00:14");
INSERT INTO gefaellt (profilnummer, beitragsnummer, zeit) VALUES (113, 1464, "2020-10-03 23:02:08");
INSERT INTO gefaellt (profilnummer, beitragsnummer, zeit) VALUES (113, 2601, "2020-10-08 22:00:05");
INSERT INTO gefaellt (profilnummer, beitragsnummer, zeit) VALUES (113, 1755, "2020-10-08 21:04:55");
INSERT INTO gefaellt (profilnummer, beitragsnummer, zeit) VALUES (113, 2896, "2020-10-02 23:00:46");
INSERT INTO gefaellt (profilnummer, beitragsnummer, zeit) VALUES (113, 2216, "2020-10-03 23:04:32");
INSERT INTO gefaellt (profilnummer, beitragsnummer, zeit) VALUES (113, 2256, "2020-10-09 19:02:31");
INSERT INTO gefaellt (profilnummer, beitragsnummer, zeit) VALUES (113, 2955, "2020-10-11 22:00:13");
INSERT INTO gefaellt (profilnummer, beitragsnummer, zeit) VALUES (113, 3805, "2020-10-07 20:04:42");
INSERT INTO gefaellt (profilnummer, beitragsnummer, zeit) VALUES (113, 2953, "2020-10-10 23:04:01");
INSERT INTO gefaellt (profilnummer, beitragsnummer, zeit) VALUES (113, 4524, "2020-10-08 21:02:03");
INSERT INTO gefaellt (profilnummer, beitragsnummer, zeit) VALUES (113, 4157, "2020-10-03 23:01:47");
INSERT INTO gefaellt (profilnummer, beitragsnummer, zeit) VALUES (113, 3220, "2020-10-02 19:04:16");
INSERT INTO gefaellt (profilnummer, beitragsnummer, zeit) VALUES (113, 3955, "2020-10-11 22:02:09");
INSERT INTO gefaellt (profilnummer, beitragsnummer, zeit) VALUES (113, 1286, "2020-10-13 21:03:12");
INSERT INTO gefaellt (profilnummer, beitragsnummer, zeit) VALUES (113, 4427, "2020-10-08 23:04:55");
INSERT INTO gefaellt (profilnummer, beitragsnummer, zeit) VALUES (113, 1096, "2020-10-12 21:04:39");
INSERT INTO gefaellt (profilnummer, beitragsnummer, zeit) VALUES (113, 1460, "2020-10-05 23:00:30");
INSERT INTO gefaellt (profilnummer, beitragsnummer, zeit) VALUES (113, 2168, "2020-10-12 22:00:57");
INSERT INTO gefaellt (profilnummer, beitragsnummer, zeit) VALUES (113, 1690, "2020-10-01 21:00:10");
INSERT INTO gefaellt (profilnummer, beitragsnummer, zeit) VALUES (113, 4635, "2020-10-06 22:01:41");
INSERT INTO gefaellt (profilnummer, beitragsnummer, zeit) VALUES (113, 1364, "2020-10-12 19:04:19");
INSERT INTO gefaellt (profilnummer, beitragsnummer, zeit) VALUES (70, 2216, "2020-10-01 07:36:06");
INSERT INTO gefaellt (profilnummer, beitragsnummer, zeit) VALUES (70, 2896, "2020-10-01 07:36:07");
INSERT INTO gefaellt (profilnummer, beitragsnummer, zeit) VALUES (70, 4107, "2020-10-01 07:36:08");
INSERT INTO gefaellt (profilnummer, beitragsnummer, zeit) VALUES (70, 3739, "2020-10-01 07:36:09");
INSERT INTO gefaellt (profilnummer, beitragsnummer, zeit) VALUES (70, 4292, "2020-10-01 07:36:10");
INSERT INTO gefaellt (profilnummer, beitragsnummer, zeit) VALUES (70, 1537, "2020-10-01 07:36:11");
INSERT INTO gefaellt (profilnummer, beitragsnummer, zeit) VALUES (70, 3887, "2020-10-01 07:36:12");
INSERT INTO gefaellt (profilnummer, beitragsnummer, zeit) VALUES (70, 4018, "2020-10-01 07:36:13");
INSERT INTO gefaellt (profilnummer, beitragsnummer, zeit) VALUES (70, 1722, "2020-10-01 07:36:14");
INSERT INTO gefaellt (profilnummer, beitragsnummer, zeit) VALUES (70, 3805, "2020-10-01 07:36:15");
INSERT INTO gefaellt (profilnummer, beitragsnummer, zeit) VALUES (70, 4597, "2020-10-01 07:36:16");
INSERT INTO gefaellt (profilnummer, beitragsnummer, zeit) VALUES (70, 1923, "2020-10-01 07:36:17");
INSERT INTO gefaellt (profilnummer, beitragsnummer, zeit) VALUES (70, 2011, "2020-10-08 16:28:35");
INSERT INTO gefaellt (profilnummer, beitragsnummer, zeit) VALUES (70, 4673, "2020-10-08 16:28:36");
INSERT INTO gefaellt (profilnummer, beitragsnummer, zeit) VALUES (70, 2387, "2020-10-08 16:28:37");
INSERT INTO gefaellt (profilnummer, beitragsnummer, zeit) VALUES (70, 4618, "2020-10-08 16:28:38");
INSERT INTO gefaellt (profilnummer, beitragsnummer, zeit) VALUES (70, 3253, "2020-10-08 16:28:39");
INSERT INTO gefaellt (profilnummer, beitragsnummer, zeit) VALUES (70, 4778, "2020-10-08 16:28:40");
INSERT INTO gefaellt (profilnummer, beitragsnummer, zeit) VALUES (70, 3955, "2020-10-08 16:28:41");
INSERT INTO gefaellt (profilnummer, beitragsnummer, zeit) VALUES (70, 2736, "2020-10-08 16:28:42");
INSERT INTO gefaellt (profilnummer, beitragsnummer, zeit) VALUES (70, 3058, "2020-10-08 16:28:43");
INSERT INTO gefaellt (profilnummer, beitragsnummer, zeit) VALUES (70, 4116, "2020-10-08 16:28:44");
INSERT INTO gefaellt (profilnummer, beitragsnummer, zeit) VALUES (70, 1690, "2020-10-08 16:28:45");
INSERT INTO gefaellt (profilnummer, beitragsnummer, zeit) VALUES (70, 3357, "2020-10-08 16:28:46");
INSERT INTO gefaellt (profilnummer, beitragsnummer, zeit) VALUES (70, 2803, "2020-10-08 16:28:47");
INSERT INTO gefaellt (profilnummer, beitragsnummer, zeit) VALUES (70, 3033, "2020-10-08 16:28:48");
INSERT INTO gefaellt (profilnummer, beitragsnummer, zeit) VALUES (70, 3044, "2020-10-08 16:28:49");
INSERT INTO gefaellt (profilnummer, beitragsnummer, zeit) VALUES (70, 4406, "2020-10-08 16:28:50");
INSERT INTO gefaellt (profilnummer, beitragsnummer, zeit) VALUES (70, 4427, "2020-10-08 16:28:51");
INSERT INTO gefaellt (profilnummer, beitragsnummer, zeit) VALUES (70, 4353, "2020-10-08 16:28:52");
INSERT INTO gefaellt (profilnummer, beitragsnummer, zeit) VALUES (70, 1597, "2020-10-08 16:28:53");
INSERT INTO gefaellt (profilnummer, beitragsnummer, zeit) VALUES (70, 3049, "2020-10-08 16:28:54");
INSERT INTO gefaellt (profilnummer, beitragsnummer, zeit) VALUES (70, 3694, "2020-10-08 16:28:55");
INSERT INTO gefaellt (profilnummer, beitragsnummer, zeit) VALUES (70, 2498, "2020-10-08 16:28:56");
INSERT INTO gefaellt (profilnummer, beitragsnummer, zeit) VALUES (70, 2168, "2020-10-08 16:28:57");
INSERT INTO gefaellt (profilnummer, beitragsnummer, zeit) VALUES (70, 2249, "2020-10-08 16:28:58");
INSERT INTO gefaellt (profilnummer, beitragsnummer, zeit) VALUES (70, 3142, "2020-10-08 16:28:59");
INSERT INTO gefaellt (profilnummer, beitragsnummer, zeit) VALUES (70, 3896, "2020-10-08 16:29:00");
INSERT INTO gefaellt (profilnummer, beitragsnummer, zeit) VALUES (70, 3267, "2020-10-08 16:29:01");
INSERT INTO gefaellt (profilnummer, beitragsnummer, zeit) VALUES (70, 4749, "2020-10-08 16:29:02");
