DELETE FROM profil; 
DELETE FROM beitrag; 
DELETE FROM gefaellt; 
INSERT INTO profil (profilnummer) VALUES (130);
INSERT INTO profil (profilnummer) VALUES (181);
INSERT INTO profil (profilnummer) VALUES (19);
INSERT INTO profil (profilnummer) VALUES (86);
INSERT INTO profil (profilnummer) VALUES (14);
INSERT INTO profil (profilnummer) VALUES (151);
INSERT INTO profil (profilnummer) VALUES (76);
INSERT INTO profil (profilnummer) VALUES (41);
INSERT INTO profil (profilnummer) VALUES (113);
INSERT INTO profil (profilnummer) VALUES (70);
INSERT INTO beitrag (beitragsnummer, autor_profilnummer) VALUES (3323, 130);
INSERT INTO beitrag (beitragsnummer, autor_profilnummer) VALUES (3631, 130);
INSERT INTO beitrag (beitragsnummer, autor_profilnummer) VALUES (2130, 130);
INSERT INTO beitrag (beitragsnummer, autor_profilnummer) VALUES (1363, 130);
INSERT INTO beitrag (beitragsnummer, autor_profilnummer) VALUES (1140, 130);
INSERT INTO beitrag (beitragsnummer, autor_profilnummer) VALUES (2717, 130);
INSERT INTO beitrag (beitragsnummer, autor_profilnummer) VALUES (3104, 130);
INSERT INTO beitrag (beitragsnummer, autor_profilnummer) VALUES (1758, 181);
INSERT INTO beitrag (beitragsnummer, autor_profilnummer) VALUES (3855, 181);
INSERT INTO beitrag (beitragsnummer, autor_profilnummer) VALUES (1389, 19);
INSERT INTO beitrag (beitragsnummer, autor_profilnummer) VALUES (2153, 19);
INSERT INTO beitrag (beitragsnummer, autor_profilnummer) VALUES (1423, 19);
INSERT INTO beitrag (beitragsnummer, autor_profilnummer) VALUES (2832, 19);
INSERT INTO beitrag (beitragsnummer, autor_profilnummer) VALUES (3235, 19);
INSERT INTO beitrag (beitragsnummer, autor_profilnummer) VALUES (1893, 19);
INSERT INTO beitrag (beitragsnummer, autor_profilnummer) VALUES (2397, 19);
INSERT INTO beitrag (beitragsnummer, autor_profilnummer) VALUES (1173, 86);
INSERT INTO beitrag (beitragsnummer, autor_profilnummer) VALUES (4538, 86);
INSERT INTO beitrag (beitragsnummer, autor_profilnummer) VALUES (2783, 86);
INSERT INTO beitrag (beitragsnummer, autor_profilnummer) VALUES (3597, 86);
INSERT INTO beitrag (beitragsnummer, autor_profilnummer) VALUES (1600, 86);
INSERT INTO beitrag (beitragsnummer, autor_profilnummer) VALUES (2314, 86);
INSERT INTO beitrag (beitragsnummer, autor_profilnummer) VALUES (3579, 86);
INSERT INTO beitrag (beitragsnummer, autor_profilnummer) VALUES (4291, 86);
INSERT INTO beitrag (beitragsnummer, autor_profilnummer) VALUES (3318, 86);
INSERT INTO beitrag (beitragsnummer, autor_profilnummer) VALUES (4250, 86);
INSERT INTO beitrag (beitragsnummer, autor_profilnummer) VALUES (3067, 86);
INSERT INTO beitrag (beitragsnummer, autor_profilnummer) VALUES (3090, 86);
INSERT INTO beitrag (beitragsnummer, autor_profilnummer) VALUES (2313, 86);
INSERT INTO beitrag (beitragsnummer, autor_profilnummer) VALUES (2836, 86);
INSERT INTO beitrag (beitragsnummer, autor_profilnummer) VALUES (2014, 86);
INSERT INTO beitrag (beitragsnummer, autor_profilnummer) VALUES (3158, 86);
INSERT INTO beitrag (beitragsnummer, autor_profilnummer) VALUES (4709, 86);
INSERT INTO beitrag (beitragsnummer, autor_profilnummer) VALUES (1951, 86);
INSERT INTO beitrag (beitragsnummer, autor_profilnummer) VALUES (4112, 86);
INSERT INTO beitrag (beitragsnummer, autor_profilnummer) VALUES (4849, 86);
INSERT INTO beitrag (beitragsnummer, autor_profilnummer) VALUES (2975, 86);
INSERT INTO beitrag (beitragsnummer, autor_profilnummer) VALUES (2894, 86);
INSERT INTO beitrag (beitragsnummer, autor_profilnummer) VALUES (1419, 86);
INSERT INTO beitrag (beitragsnummer, autor_profilnummer) VALUES (1635, 86);
INSERT INTO beitrag (beitragsnummer, autor_profilnummer) VALUES (2860, 86);
INSERT INTO beitrag (beitragsnummer, autor_profilnummer) VALUES (2333, 86);
INSERT INTO beitrag (beitragsnummer, autor_profilnummer) VALUES (3851, 86);
INSERT INTO beitrag (beitragsnummer, autor_profilnummer) VALUES (4702, 86);
INSERT INTO beitrag (beitragsnummer, autor_profilnummer) VALUES (3684, 86);
INSERT INTO beitrag (beitragsnummer, autor_profilnummer) VALUES (3986, 86);
INSERT INTO beitrag (beitragsnummer, autor_profilnummer) VALUES (3146, 86);
INSERT INTO beitrag (beitragsnummer, autor_profilnummer) VALUES (2270, 86);
INSERT INTO beitrag (beitragsnummer, autor_profilnummer) VALUES (4081, 86);
INSERT INTO beitrag (beitragsnummer, autor_profilnummer) VALUES (3834, 86);
INSERT INTO beitrag (beitragsnummer, autor_profilnummer) VALUES (3236, 86);
INSERT INTO beitrag (beitragsnummer, autor_profilnummer) VALUES (2310, 86);
INSERT INTO beitrag (beitragsnummer, autor_profilnummer) VALUES (3030, 86);
INSERT INTO beitrag (beitragsnummer, autor_profilnummer) VALUES (4141, 86);
INSERT INTO beitrag (beitragsnummer, autor_profilnummer) VALUES (3506, 86);
INSERT INTO beitrag (beitragsnummer, autor_profilnummer) VALUES (1624, 86);
INSERT INTO beitrag (beitragsnummer, autor_profilnummer) VALUES (3616, 86);
INSERT INTO beitrag (beitragsnummer, autor_profilnummer) VALUES (1684, 86);
INSERT INTO beitrag (beitragsnummer, autor_profilnummer) VALUES (3787, 86);
INSERT INTO beitrag (beitragsnummer, autor_profilnummer) VALUES (4868, 86);
INSERT INTO beitrag (beitragsnummer, autor_profilnummer) VALUES (1320, 14);
INSERT INTO beitrag (beitragsnummer, autor_profilnummer) VALUES (4677, 14);
INSERT INTO beitrag (beitragsnummer, autor_profilnummer) VALUES (3017, 14);
INSERT INTO beitrag (beitragsnummer, autor_profilnummer) VALUES (2787, 14);
INSERT INTO beitrag (beitragsnummer, autor_profilnummer) VALUES (3034, 14);
INSERT INTO beitrag (beitragsnummer, autor_profilnummer) VALUES (1641, 14);
INSERT INTO beitrag (beitragsnummer, autor_profilnummer) VALUES (4987, 14);
INSERT INTO beitrag (beitragsnummer, autor_profilnummer) VALUES (3745, 14);
INSERT INTO beitrag (beitragsnummer, autor_profilnummer) VALUES (3348, 14);
INSERT INTO beitrag (beitragsnummer, autor_profilnummer) VALUES (4846, 14);
INSERT INTO beitrag (beitragsnummer, autor_profilnummer) VALUES (3895, 14);
INSERT INTO beitrag (beitragsnummer, autor_profilnummer) VALUES (2891, 14);
INSERT INTO beitrag (beitragsnummer, autor_profilnummer) VALUES (2513, 14);
INSERT INTO beitrag (beitragsnummer, autor_profilnummer) VALUES (3259, 14);
INSERT INTO beitrag (beitragsnummer, autor_profilnummer) VALUES (3222, 14);
INSERT INTO beitrag (beitragsnummer, autor_profilnummer) VALUES (4602, 14);
INSERT INTO beitrag (beitragsnummer, autor_profilnummer) VALUES (2642, 14);
INSERT INTO beitrag (beitragsnummer, autor_profilnummer) VALUES (3461, 151);
INSERT INTO beitrag (beitragsnummer, autor_profilnummer) VALUES (1229, 151);
INSERT INTO beitrag (beitragsnummer, autor_profilnummer) VALUES (2559, 151);
INSERT INTO beitrag (beitragsnummer, autor_profilnummer) VALUES (3503, 151);
INSERT INTO beitrag (beitragsnummer, autor_profilnummer) VALUES (3363, 76);
INSERT INTO beitrag (beitragsnummer, autor_profilnummer) VALUES (2962, 76);
INSERT INTO beitrag (beitragsnummer, autor_profilnummer) VALUES (4016, 76);
INSERT INTO beitrag (beitragsnummer, autor_profilnummer) VALUES (1586, 76);
INSERT INTO beitrag (beitragsnummer, autor_profilnummer) VALUES (1176, 76);
INSERT INTO beitrag (beitragsnummer, autor_profilnummer) VALUES (1942, 76);
INSERT INTO beitrag (beitragsnummer, autor_profilnummer) VALUES (2752, 76);
INSERT INTO beitrag (beitragsnummer, autor_profilnummer) VALUES (1492, 76);
INSERT INTO beitrag (beitragsnummer, autor_profilnummer) VALUES (4526, 76);
INSERT INTO beitrag (beitragsnummer, autor_profilnummer) VALUES (1976, 76);
INSERT INTO beitrag (beitragsnummer, autor_profilnummer) VALUES (2299, 41);
INSERT INTO beitrag (beitragsnummer, autor_profilnummer) VALUES (4656, 41);
INSERT INTO beitrag (beitragsnummer, autor_profilnummer) VALUES (4193, 41);
INSERT INTO beitrag (beitragsnummer, autor_profilnummer) VALUES (4913, 41);
INSERT INTO beitrag (beitragsnummer, autor_profilnummer) VALUES (4992, 41);
INSERT INTO beitrag (beitragsnummer, autor_profilnummer) VALUES (3211, 41);
INSERT INTO beitrag (beitragsnummer, autor_profilnummer) VALUES (2884, 41);
INSERT INTO beitrag (beitragsnummer, autor_profilnummer) VALUES (3987, 41);
INSERT INTO beitrag (beitragsnummer, autor_profilnummer) VALUES (1091, 41);
INSERT INTO beitrag (beitragsnummer, autor_profilnummer) VALUES (2459, 41);
INSERT INTO beitrag (beitragsnummer, autor_profilnummer) VALUES (2298, 41);
INSERT INTO beitrag (beitragsnummer, autor_profilnummer) VALUES (3833, 41);
INSERT INTO beitrag (beitragsnummer, autor_profilnummer) VALUES (4444, 41);
INSERT INTO beitrag (beitragsnummer, autor_profilnummer) VALUES (1520, 41);
INSERT INTO beitrag (beitragsnummer, autor_profilnummer) VALUES (4333, 41);
INSERT INTO beitrag (beitragsnummer, autor_profilnummer) VALUES (2305, 41);
INSERT INTO beitrag (beitragsnummer, autor_profilnummer) VALUES (4918, 113);
INSERT INTO beitrag (beitragsnummer, autor_profilnummer) VALUES (3043, 113);
INSERT INTO beitrag (beitragsnummer, autor_profilnummer) VALUES (2614, 113);
INSERT INTO beitrag (beitragsnummer, autor_profilnummer) VALUES (1072, 113);
INSERT INTO beitrag (beitragsnummer, autor_profilnummer) VALUES (2431, 113);
INSERT INTO beitrag (beitragsnummer, autor_profilnummer) VALUES (4255, 113);
INSERT INTO beitrag (beitragsnummer, autor_profilnummer) VALUES (4120, 113);
INSERT INTO beitrag (beitragsnummer, autor_profilnummer) VALUES (4553, 70);
INSERT INTO beitrag (beitragsnummer, autor_profilnummer) VALUES (3496, 70);
INSERT INTO gefaellt (profilnummer, beitragsnummer, zeit) VALUES (130, 1173, "2020-10-06 09:38:35");
INSERT INTO gefaellt (profilnummer, beitragsnummer, zeit) VALUES (130, 4538, "2020-10-04 11:39:38");
INSERT INTO gefaellt (profilnummer, beitragsnummer, zeit) VALUES (130, 2783, "2020-10-12 18:27:06");
INSERT INTO gefaellt (profilnummer, beitragsnummer, zeit) VALUES (130, 3597, "2020-10-11 23:56:54");
INSERT INTO gefaellt (profilnummer, beitragsnummer, zeit) VALUES (130, 1600, "2020-10-07 08:48:18");
INSERT INTO gefaellt (profilnummer, beitragsnummer, zeit) VALUES (130, 2314, "2020-10-04 23:37:59");
INSERT INTO gefaellt (profilnummer, beitragsnummer, zeit) VALUES (130, 3579, "2020-10-03 15:58:57");
INSERT INTO gefaellt (profilnummer, beitragsnummer, zeit) VALUES (130, 4291, "2020-10-13 08:07:48");
INSERT INTO gefaellt (profilnummer, beitragsnummer, zeit) VALUES (130, 3318, "2020-10-01 17:10:51");
INSERT INTO gefaellt (profilnummer, beitragsnummer, zeit) VALUES (130, 4250, "2020-10-13 19:15:02");
INSERT INTO gefaellt (profilnummer, beitragsnummer, zeit) VALUES (130, 3067, "2020-10-06 23:44:27");
INSERT INTO gefaellt (profilnummer, beitragsnummer, zeit) VALUES (130, 3090, "2020-10-05 09:02:14");
INSERT INTO gefaellt (profilnummer, beitragsnummer, zeit) VALUES (130, 2313, "2020-10-01 14:21:39");
INSERT INTO gefaellt (profilnummer, beitragsnummer, zeit) VALUES (130, 2836, "2020-10-14 11:24:06");
INSERT INTO gefaellt (profilnummer, beitragsnummer, zeit) VALUES (130, 2014, "2020-10-13 18:15:13");
INSERT INTO gefaellt (profilnummer, beitragsnummer, zeit) VALUES (130, 3158, "2020-10-02 23:36:21");
INSERT INTO gefaellt (profilnummer, beitragsnummer, zeit) VALUES (130, 4709, "2020-10-09 22:06:59");
INSERT INTO gefaellt (profilnummer, beitragsnummer, zeit) VALUES (130, 1951, "2020-10-07 08:13:25");
INSERT INTO gefaellt (profilnummer, beitragsnummer, zeit) VALUES (130, 4112, "2020-10-13 10:17:22");
INSERT INTO gefaellt (profilnummer, beitragsnummer, zeit) VALUES (130, 4849, "2020-10-11 19:24:47");
INSERT INTO gefaellt (profilnummer, beitragsnummer, zeit) VALUES (130, 2975, "2020-10-08 21:36:54");
INSERT INTO gefaellt (profilnummer, beitragsnummer, zeit) VALUES (130, 2894, "2020-10-13 09:12:01");
INSERT INTO gefaellt (profilnummer, beitragsnummer, zeit) VALUES (130, 1419, "2020-10-08 13:31:16");
INSERT INTO gefaellt (profilnummer, beitragsnummer, zeit) VALUES (130, 1635, "2020-10-08 18:10:57");
INSERT INTO gefaellt (profilnummer, beitragsnummer, zeit) VALUES (130, 2860, "2020-10-02 11:00:16");
INSERT INTO gefaellt (profilnummer, beitragsnummer, zeit) VALUES (130, 2333, "2020-10-12 10:06:58");
INSERT INTO gefaellt (profilnummer, beitragsnummer, zeit) VALUES (130, 3851, "2020-10-10 20:04:14");
INSERT INTO gefaellt (profilnummer, beitragsnummer, zeit) VALUES (130, 4702, "2020-10-13 15:30:55");
INSERT INTO gefaellt (profilnummer, beitragsnummer, zeit) VALUES (130, 3684, "2020-10-05 13:02:03");
INSERT INTO gefaellt (profilnummer, beitragsnummer, zeit) VALUES (130, 3986, "2020-10-04 18:03:08");
INSERT INTO gefaellt (profilnummer, beitragsnummer, zeit) VALUES (130, 3146, "2020-10-09 20:58:56");
INSERT INTO gefaellt (profilnummer, beitragsnummer, zeit) VALUES (130, 2270, "2020-10-09 09:39:11");
INSERT INTO gefaellt (profilnummer, beitragsnummer, zeit) VALUES (130, 4081, "2020-10-08 21:54:33");
INSERT INTO gefaellt (profilnummer, beitragsnummer, zeit) VALUES (130, 3834, "2020-10-09 11:07:13");
INSERT INTO gefaellt (profilnummer, beitragsnummer, zeit) VALUES (130, 3236, "2020-10-13 12:42:59");
INSERT INTO gefaellt (profilnummer, beitragsnummer, zeit) VALUES (130, 2310, "2020-10-04 16:11:56");
INSERT INTO gefaellt (profilnummer, beitragsnummer, zeit) VALUES (130, 3030, "2020-10-07 07:33:57");
INSERT INTO gefaellt (profilnummer, beitragsnummer, zeit) VALUES (130, 4141, "2020-10-04 13:27:24");
INSERT INTO gefaellt (profilnummer, beitragsnummer, zeit) VALUES (130, 3506, "2020-10-04 13:22:22");
INSERT INTO gefaellt (profilnummer, beitragsnummer, zeit) VALUES (130, 1624, "2020-10-07 15:11:43");
INSERT INTO gefaellt (profilnummer, beitragsnummer, zeit) VALUES (130, 3616, "2020-10-02 18:33:19");
INSERT INTO gefaellt (profilnummer, beitragsnummer, zeit) VALUES (130, 1684, "2020-10-08 11:12:27");
INSERT INTO gefaellt (profilnummer, beitragsnummer, zeit) VALUES (130, 3787, "2020-10-08 22:15:39");
INSERT INTO gefaellt (profilnummer, beitragsnummer, zeit) VALUES (130, 4868, "2020-10-01 08:46:48");
INSERT INTO gefaellt (profilnummer, beitragsnummer, zeit) VALUES (181, 1173, "2020-08-31 12:00:00");
INSERT INTO gefaellt (profilnummer, beitragsnummer, zeit) VALUES (181, 4538, "2020-09-01 12:00:00");
INSERT INTO gefaellt (profilnummer, beitragsnummer, zeit) VALUES (181, 2783, "2020-09-02 12:00:00");
INSERT INTO gefaellt (profilnummer, beitragsnummer, zeit) VALUES (181, 3597, "2020-09-03 12:00:00");
INSERT INTO gefaellt (profilnummer, beitragsnummer, zeit) VALUES (181, 1600, "2020-09-04 12:00:00");
INSERT INTO gefaellt (profilnummer, beitragsnummer, zeit) VALUES (181, 2314, "2020-09-05 12:00:00");
INSERT INTO gefaellt (profilnummer, beitragsnummer, zeit) VALUES (181, 3579, "2020-09-06 12:00:00");
INSERT INTO gefaellt (profilnummer, beitragsnummer, zeit) VALUES (181, 4291, "2020-09-07 12:00:00");
INSERT INTO gefaellt (profilnummer, beitragsnummer, zeit) VALUES (181, 3318, "2020-09-08 12:00:00");
INSERT INTO gefaellt (profilnummer, beitragsnummer, zeit) VALUES (181, 4250, "2020-09-09 12:00:00");
INSERT INTO gefaellt (profilnummer, beitragsnummer, zeit) VALUES (181, 3067, "2020-09-10 12:00:00");
INSERT INTO gefaellt (profilnummer, beitragsnummer, zeit) VALUES (181, 3090, "2020-09-11 12:00:00");
INSERT INTO gefaellt (profilnummer, beitragsnummer, zeit) VALUES (181, 2313, "2020-09-12 12:00:00");
INSERT INTO gefaellt (profilnummer, beitragsnummer, zeit) VALUES (181, 2836, "2020-09-13 12:00:00");
INSERT INTO gefaellt (profilnummer, beitragsnummer, zeit) VALUES (181, 2014, "2020-09-14 12:00:00");
INSERT INTO gefaellt (profilnummer, beitragsnummer, zeit) VALUES (181, 3158, "2020-09-15 12:00:00");
INSERT INTO gefaellt (profilnummer, beitragsnummer, zeit) VALUES (181, 4709, "2020-09-16 12:00:00");
INSERT INTO gefaellt (profilnummer, beitragsnummer, zeit) VALUES (181, 1951, "2020-09-17 12:00:00");
INSERT INTO gefaellt (profilnummer, beitragsnummer, zeit) VALUES (181, 4112, "2020-09-18 12:00:00");
INSERT INTO gefaellt (profilnummer, beitragsnummer, zeit) VALUES (181, 4849, "2020-09-19 12:00:00");
INSERT INTO gefaellt (profilnummer, beitragsnummer, zeit) VALUES (181, 2975, "2020-09-20 12:00:00");
INSERT INTO gefaellt (profilnummer, beitragsnummer, zeit) VALUES (181, 2894, "2020-09-21 12:00:00");
INSERT INTO gefaellt (profilnummer, beitragsnummer, zeit) VALUES (181, 1419, "2020-09-22 12:00:00");
INSERT INTO gefaellt (profilnummer, beitragsnummer, zeit) VALUES (181, 1635, "2020-09-23 12:00:00");
INSERT INTO gefaellt (profilnummer, beitragsnummer, zeit) VALUES (181, 2860, "2020-09-24 12:00:00");
INSERT INTO gefaellt (profilnummer, beitragsnummer, zeit) VALUES (181, 2333, "2020-09-25 12:00:00");
INSERT INTO gefaellt (profilnummer, beitragsnummer, zeit) VALUES (181, 3851, "2020-09-26 12:00:00");
INSERT INTO gefaellt (profilnummer, beitragsnummer, zeit) VALUES (181, 4702, "2020-09-27 12:00:00");
INSERT INTO gefaellt (profilnummer, beitragsnummer, zeit) VALUES (181, 3684, "2020-09-28 12:00:00");
INSERT INTO gefaellt (profilnummer, beitragsnummer, zeit) VALUES (181, 3986, "2020-09-29 12:00:00");
INSERT INTO gefaellt (profilnummer, beitragsnummer, zeit) VALUES (181, 3146, "2020-09-30 12:00:00");
INSERT INTO gefaellt (profilnummer, beitragsnummer, zeit) VALUES (181, 2270, "2020-10-01 12:00:00");
INSERT INTO gefaellt (profilnummer, beitragsnummer, zeit) VALUES (181, 4081, "2020-10-02 12:00:00");
INSERT INTO gefaellt (profilnummer, beitragsnummer, zeit) VALUES (181, 3834, "2020-10-03 12:00:00");
INSERT INTO gefaellt (profilnummer, beitragsnummer, zeit) VALUES (181, 3236, "2020-10-04 12:00:00");
INSERT INTO gefaellt (profilnummer, beitragsnummer, zeit) VALUES (181, 2310, "2020-10-05 12:00:00");
INSERT INTO gefaellt (profilnummer, beitragsnummer, zeit) VALUES (181, 3030, "2020-10-06 12:00:00");
INSERT INTO gefaellt (profilnummer, beitragsnummer, zeit) VALUES (181, 4141, "2020-10-07 12:00:00");
INSERT INTO gefaellt (profilnummer, beitragsnummer, zeit) VALUES (181, 3506, "2020-10-08 12:00:00");
INSERT INTO gefaellt (profilnummer, beitragsnummer, zeit) VALUES (181, 1624, "2020-10-09 12:00:00");
INSERT INTO gefaellt (profilnummer, beitragsnummer, zeit) VALUES (181, 3616, "2020-10-10 12:00:00");
INSERT INTO gefaellt (profilnummer, beitragsnummer, zeit) VALUES (181, 1684, "2020-10-11 12:00:00");
INSERT INTO gefaellt (profilnummer, beitragsnummer, zeit) VALUES (181, 3787, "2020-10-12 12:00:00");
INSERT INTO gefaellt (profilnummer, beitragsnummer, zeit) VALUES (181, 4868, "2020-10-13 12:00:00");
INSERT INTO gefaellt (profilnummer, beitragsnummer, zeit) VALUES (19, 3323, "2020-10-03 10:29:27");
INSERT INTO gefaellt (profilnummer, beitragsnummer, zeit) VALUES (19, 3631, "2020-10-12 13:30:10");
INSERT INTO gefaellt (profilnummer, beitragsnummer, zeit) VALUES (19, 2130, "2020-10-07 17:09:58");
INSERT INTO gefaellt (profilnummer, beitragsnummer, zeit) VALUES (19, 1363, "2020-10-07 09:13:15");
INSERT INTO gefaellt (profilnummer, beitragsnummer, zeit) VALUES (19, 1140, "2020-10-11 13:22:18");
INSERT INTO gefaellt (profilnummer, beitragsnummer, zeit) VALUES (19, 2717, "2020-10-05 17:13:41");
INSERT INTO gefaellt (profilnummer, beitragsnummer, zeit) VALUES (19, 3104, "2020-10-03 15:42:51");
INSERT INTO gefaellt (profilnummer, beitragsnummer, zeit) VALUES (19, 1758, "2020-10-02 11:22:03");
INSERT INTO gefaellt (profilnummer, beitragsnummer, zeit) VALUES (19, 3855, "2020-10-02 09:38:06");
INSERT INTO gefaellt (profilnummer, beitragsnummer, zeit) VALUES (19, 1389, "2020-10-06 12:13:31");
INSERT INTO gefaellt (profilnummer, beitragsnummer, zeit) VALUES (19, 2153, "2020-10-03 18:44:24");
INSERT INTO gefaellt (profilnummer, beitragsnummer, zeit) VALUES (19, 1423, "2020-10-09 15:11:38");
INSERT INTO gefaellt (profilnummer, beitragsnummer, zeit) VALUES (19, 2832, "2020-10-10 18:32:52");
INSERT INTO gefaellt (profilnummer, beitragsnummer, zeit) VALUES (19, 3235, "2020-10-13 09:18:02");
INSERT INTO gefaellt (profilnummer, beitragsnummer, zeit) VALUES (19, 1893, "2020-10-02 14:03:56");
INSERT INTO gefaellt (profilnummer, beitragsnummer, zeit) VALUES (19, 2397, "2020-10-06 13:39:22");
INSERT INTO gefaellt (profilnummer, beitragsnummer, zeit) VALUES (19, 1173, "2020-10-10 14:26:28");
INSERT INTO gefaellt (profilnummer, beitragsnummer, zeit) VALUES (19, 4538, "2020-10-04 15:54:06");
INSERT INTO gefaellt (profilnummer, beitragsnummer, zeit) VALUES (19, 2783, "2020-10-11 15:36:58");
INSERT INTO gefaellt (profilnummer, beitragsnummer, zeit) VALUES (19, 3597, "2020-10-02 10:49:57");
INSERT INTO gefaellt (profilnummer, beitragsnummer, zeit) VALUES (19, 1600, "2020-10-05 12:21:09");
INSERT INTO gefaellt (profilnummer, beitragsnummer, zeit) VALUES (19, 2314, "2020-10-11 12:49:05");
INSERT INTO gefaellt (profilnummer, beitragsnummer, zeit) VALUES (19, 3579, "2020-10-04 11:59:34");
INSERT INTO gefaellt (profilnummer, beitragsnummer, zeit) VALUES (19, 4291, "2020-10-09 14:25:59");
INSERT INTO gefaellt (profilnummer, beitragsnummer, zeit) VALUES (19, 3318, "2020-10-02 16:06:51");
INSERT INTO gefaellt (profilnummer, beitragsnummer, zeit) VALUES (19, 4250, "2020-10-12 16:48:58");
INSERT INTO gefaellt (profilnummer, beitragsnummer, zeit) VALUES (19, 3067, "2020-10-09 10:43:22");
INSERT INTO gefaellt (profilnummer, beitragsnummer, zeit) VALUES (19, 3090, "2020-10-14 13:52:55");
INSERT INTO gefaellt (profilnummer, beitragsnummer, zeit) VALUES (19, 2313, "2020-10-13 10:42:51");
INSERT INTO gefaellt (profilnummer, beitragsnummer, zeit) VALUES (19, 2836, "2020-10-14 09:42:35");
INSERT INTO gefaellt (profilnummer, beitragsnummer, zeit) VALUES (19, 2014, "2020-10-05 15:29:24");
INSERT INTO gefaellt (profilnummer, beitragsnummer, zeit) VALUES (19, 3158, "2020-10-10 13:04:54");
INSERT INTO gefaellt (profilnummer, beitragsnummer, zeit) VALUES (19, 4709, "2020-10-08 16:58:51");
INSERT INTO gefaellt (profilnummer, beitragsnummer, zeit) VALUES (19, 1951, "2020-10-12 17:38:19");
INSERT INTO gefaellt (profilnummer, beitragsnummer, zeit) VALUES (19, 4112, "2020-10-09 11:19:16");
INSERT INTO gefaellt (profilnummer, beitragsnummer, zeit) VALUES (19, 4849, "2020-10-03 13:50:53");
INSERT INTO gefaellt (profilnummer, beitragsnummer, zeit) VALUES (19, 2975, "2020-10-08 16:21:48");
INSERT INTO gefaellt (profilnummer, beitragsnummer, zeit) VALUES (19, 2894, "2020-10-07 16:03:22");
INSERT INTO gefaellt (profilnummer, beitragsnummer, zeit) VALUES (19, 1419, "2020-10-04 14:26:58");
INSERT INTO gefaellt (profilnummer, beitragsnummer, zeit) VALUES (19, 1635, "2020-10-12 18:25:20");
INSERT INTO gefaellt (profilnummer, beitragsnummer, zeit) VALUES (19, 2860, "2020-10-12 14:10:59");
INSERT INTO gefaellt (profilnummer, beitragsnummer, zeit) VALUES (19, 2333, "2020-10-14 11:59:31");
INSERT INTO gefaellt (profilnummer, beitragsnummer, zeit) VALUES (19, 3851, "2020-10-02 17:51:07");
INSERT INTO gefaellt (profilnummer, beitragsnummer, zeit) VALUES (19, 4702, "2020-10-06 11:27:19");
INSERT INTO gefaellt (profilnummer, beitragsnummer, zeit) VALUES (19, 3684, "2020-10-06 12:08:22");
INSERT INTO gefaellt (profilnummer, beitragsnummer, zeit) VALUES (19, 3986, "2020-10-10 18:38:22");
INSERT INTO gefaellt (profilnummer, beitragsnummer, zeit) VALUES (19, 3146, "2020-10-07 16:13:39");
INSERT INTO gefaellt (profilnummer, beitragsnummer, zeit) VALUES (19, 2270, "2020-10-06 11:01:37");
INSERT INTO gefaellt (profilnummer, beitragsnummer, zeit) VALUES (19, 4081, "2020-10-08 18:02:19");
INSERT INTO gefaellt (profilnummer, beitragsnummer, zeit) VALUES (19, 3834, "2020-10-09 10:58:12");
INSERT INTO gefaellt (profilnummer, beitragsnummer, zeit) VALUES (19, 3236, "2020-10-05 10:56:52");
INSERT INTO gefaellt (profilnummer, beitragsnummer, zeit) VALUES (19, 2310, "2020-10-04 12:14:43");
INSERT INTO gefaellt (profilnummer, beitragsnummer, zeit) VALUES (19, 3030, "2020-10-06 13:21:01");
INSERT INTO gefaellt (profilnummer, beitragsnummer, zeit) VALUES (19, 4141, "2020-10-03 13:32:12");
INSERT INTO gefaellt (profilnummer, beitragsnummer, zeit) VALUES (19, 3506, "2020-10-10 18:58:18");
INSERT INTO gefaellt (profilnummer, beitragsnummer, zeit) VALUES (19, 1624, "2020-10-06 14:50:41");
INSERT INTO gefaellt (profilnummer, beitragsnummer, zeit) VALUES (19, 3616, "2020-10-12 10:24:31");
INSERT INTO gefaellt (profilnummer, beitragsnummer, zeit) VALUES (19, 1684, "2020-10-05 09:17:36");
INSERT INTO gefaellt (profilnummer, beitragsnummer, zeit) VALUES (19, 3787, "2020-10-09 16:06:18");
INSERT INTO gefaellt (profilnummer, beitragsnummer, zeit) VALUES (19, 4868, "2020-10-04 11:09:48");
INSERT INTO gefaellt (profilnummer, beitragsnummer, zeit) VALUES (19, 1320, "2020-10-06 18:26:31");
INSERT INTO gefaellt (profilnummer, beitragsnummer, zeit) VALUES (19, 4677, "2020-10-12 16:10:31");
INSERT INTO gefaellt (profilnummer, beitragsnummer, zeit) VALUES (19, 3017, "2020-10-05 17:29:43");
INSERT INTO gefaellt (profilnummer, beitragsnummer, zeit) VALUES (19, 2787, "2020-10-12 10:03:54");
INSERT INTO gefaellt (profilnummer, beitragsnummer, zeit) VALUES (19, 3034, "2020-10-08 16:14:21");
INSERT INTO gefaellt (profilnummer, beitragsnummer, zeit) VALUES (19, 1641, "2020-10-03 17:47:33");
INSERT INTO gefaellt (profilnummer, beitragsnummer, zeit) VALUES (19, 4987, "2020-10-04 10:44:12");
INSERT INTO gefaellt (profilnummer, beitragsnummer, zeit) VALUES (19, 3745, "2020-10-10 18:20:35");
INSERT INTO gefaellt (profilnummer, beitragsnummer, zeit) VALUES (19, 3348, "2020-10-10 14:45:53");
INSERT INTO gefaellt (profilnummer, beitragsnummer, zeit) VALUES (19, 4846, "2020-10-03 17:37:55");
INSERT INTO gefaellt (profilnummer, beitragsnummer, zeit) VALUES (19, 3895, "2020-10-13 14:14:54");
INSERT INTO gefaellt (profilnummer, beitragsnummer, zeit) VALUES (19, 2891, "2020-10-01 17:57:25");
INSERT INTO gefaellt (profilnummer, beitragsnummer, zeit) VALUES (19, 2513, "2020-10-08 15:15:33");
INSERT INTO gefaellt (profilnummer, beitragsnummer, zeit) VALUES (19, 3259, "2020-10-02 11:22:39");
INSERT INTO gefaellt (profilnummer, beitragsnummer, zeit) VALUES (19, 3222, "2020-10-13 17:43:13");
INSERT INTO gefaellt (profilnummer, beitragsnummer, zeit) VALUES (19, 4602, "2020-10-02 16:00:23");
INSERT INTO gefaellt (profilnummer, beitragsnummer, zeit) VALUES (19, 2642, "2020-10-02 11:05:28");
INSERT INTO gefaellt (profilnummer, beitragsnummer, zeit) VALUES (19, 3461, "2020-10-08 15:17:51");
INSERT INTO gefaellt (profilnummer, beitragsnummer, zeit) VALUES (19, 1229, "2020-10-05 14:24:18");
INSERT INTO gefaellt (profilnummer, beitragsnummer, zeit) VALUES (19, 2559, "2020-10-07 09:37:45");
INSERT INTO gefaellt (profilnummer, beitragsnummer, zeit) VALUES (19, 3503, "2020-10-04 11:47:56");
INSERT INTO gefaellt (profilnummer, beitragsnummer, zeit) VALUES (19, 3363, "2020-10-01 12:27:43");
INSERT INTO gefaellt (profilnummer, beitragsnummer, zeit) VALUES (19, 2962, "2020-10-12 09:44:18");
INSERT INTO gefaellt (profilnummer, beitragsnummer, zeit) VALUES (19, 4016, "2020-10-03 09:50:35");
INSERT INTO gefaellt (profilnummer, beitragsnummer, zeit) VALUES (19, 1586, "2020-10-08 18:26:47");
INSERT INTO gefaellt (profilnummer, beitragsnummer, zeit) VALUES (19, 1176, "2020-10-05 17:20:32");
INSERT INTO gefaellt (profilnummer, beitragsnummer, zeit) VALUES (19, 1942, "2020-10-12 11:16:45");
INSERT INTO gefaellt (profilnummer, beitragsnummer, zeit) VALUES (19, 2752, "2020-10-13 10:06:56");
INSERT INTO gefaellt (profilnummer, beitragsnummer, zeit) VALUES (19, 1492, "2020-10-09 10:02:31");
INSERT INTO gefaellt (profilnummer, beitragsnummer, zeit) VALUES (19, 4526, "2020-10-12 16:04:17");
INSERT INTO gefaellt (profilnummer, beitragsnummer, zeit) VALUES (19, 1976, "2020-10-14 11:01:34");
INSERT INTO gefaellt (profilnummer, beitragsnummer, zeit) VALUES (19, 2299, "2020-10-06 13:47:28");
INSERT INTO gefaellt (profilnummer, beitragsnummer, zeit) VALUES (19, 4656, "2020-10-11 11:17:45");
INSERT INTO gefaellt (profilnummer, beitragsnummer, zeit) VALUES (19, 4193, "2020-10-04 10:01:51");
INSERT INTO gefaellt (profilnummer, beitragsnummer, zeit) VALUES (19, 4913, "2020-10-04 16:50:26");
INSERT INTO gefaellt (profilnummer, beitragsnummer, zeit) VALUES (19, 4992, "2020-10-09 13:33:46");
INSERT INTO gefaellt (profilnummer, beitragsnummer, zeit) VALUES (19, 3211, "2020-10-13 14:37:50");
INSERT INTO gefaellt (profilnummer, beitragsnummer, zeit) VALUES (19, 2884, "2020-10-06 18:56:47");
INSERT INTO gefaellt (profilnummer, beitragsnummer, zeit) VALUES (19, 3987, "2020-10-06 13:50:08");
INSERT INTO gefaellt (profilnummer, beitragsnummer, zeit) VALUES (19, 1091, "2020-10-06 10:30:44");
INSERT INTO gefaellt (profilnummer, beitragsnummer, zeit) VALUES (19, 2459, "2020-10-02 17:34:09");
INSERT INTO gefaellt (profilnummer, beitragsnummer, zeit) VALUES (19, 2298, "2020-10-14 10:12:58");
INSERT INTO gefaellt (profilnummer, beitragsnummer, zeit) VALUES (19, 3833, "2020-10-02 15:12:14");
INSERT INTO gefaellt (profilnummer, beitragsnummer, zeit) VALUES (19, 4444, "2020-10-06 11:38:21");
INSERT INTO gefaellt (profilnummer, beitragsnummer, zeit) VALUES (19, 1520, "2020-10-03 10:58:49");
INSERT INTO gefaellt (profilnummer, beitragsnummer, zeit) VALUES (19, 4333, "2020-10-05 17:54:55");
INSERT INTO gefaellt (profilnummer, beitragsnummer, zeit) VALUES (19, 2305, "2020-10-01 18:46:03");
INSERT INTO gefaellt (profilnummer, beitragsnummer, zeit) VALUES (19, 4918, "2020-10-03 17:48:13");
INSERT INTO gefaellt (profilnummer, beitragsnummer, zeit) VALUES (19, 3043, "2020-10-06 16:24:32");
INSERT INTO gefaellt (profilnummer, beitragsnummer, zeit) VALUES (19, 2614, "2020-10-13 10:10:46");
INSERT INTO gefaellt (profilnummer, beitragsnummer, zeit) VALUES (19, 1072, "2020-10-03 18:21:39");
INSERT INTO gefaellt (profilnummer, beitragsnummer, zeit) VALUES (19, 2431, "2020-10-07 15:29:52");
INSERT INTO gefaellt (profilnummer, beitragsnummer, zeit) VALUES (19, 4255, "2020-10-06 15:19:19");
INSERT INTO gefaellt (profilnummer, beitragsnummer, zeit) VALUES (19, 4120, "2020-10-05 17:26:03");
INSERT INTO gefaellt (profilnummer, beitragsnummer, zeit) VALUES (19, 4553, "2020-10-02 14:28:20");
INSERT INTO gefaellt (profilnummer, beitragsnummer, zeit) VALUES (19, 3496, "2020-10-11 15:12:33");
INSERT INTO gefaellt (profilnummer, beitragsnummer, zeit) VALUES (14, 1320, "2020-10-01 18:31:45");
INSERT INTO gefaellt (profilnummer, beitragsnummer, zeit) VALUES (14, 4677, "2020-10-01 12:47:14");
INSERT INTO gefaellt (profilnummer, beitragsnummer, zeit) VALUES (14, 3017, "2020-10-11 09:25:35");
INSERT INTO gefaellt (profilnummer, beitragsnummer, zeit) VALUES (14, 2787, "2020-10-13 13:34:28");
INSERT INTO gefaellt (profilnummer, beitragsnummer, zeit) VALUES (14, 3034, "2020-10-11 13:32:18");
INSERT INTO gefaellt (profilnummer, beitragsnummer, zeit) VALUES (14, 1641, "2020-10-10 11:00:16");
INSERT INTO gefaellt (profilnummer, beitragsnummer, zeit) VALUES (14, 4987, "2020-10-07 18:00:43");
INSERT INTO gefaellt (profilnummer, beitragsnummer, zeit) VALUES (14, 3745, "2020-10-06 13:12:16");
INSERT INTO gefaellt (profilnummer, beitragsnummer, zeit) VALUES (14, 3348, "2020-10-05 15:57:28");
INSERT INTO gefaellt (profilnummer, beitragsnummer, zeit) VALUES (14, 4846, "2020-10-10 16:05:50");
INSERT INTO gefaellt (profilnummer, beitragsnummer, zeit) VALUES (14, 3895, "2020-10-10 09:14:43");
INSERT INTO gefaellt (profilnummer, beitragsnummer, zeit) VALUES (14, 2891, "2020-10-10 14:32:59");
INSERT INTO gefaellt (profilnummer, beitragsnummer, zeit) VALUES (14, 2513, "2020-10-06 16:31:26");
INSERT INTO gefaellt (profilnummer, beitragsnummer, zeit) VALUES (14, 3259, "2020-10-01 17:20:47");
INSERT INTO gefaellt (profilnummer, beitragsnummer, zeit) VALUES (14, 3222, "2020-10-05 17:54:25");
INSERT INTO gefaellt (profilnummer, beitragsnummer, zeit) VALUES (14, 4602, "2020-10-07 11:05:27");
INSERT INTO gefaellt (profilnummer, beitragsnummer, zeit) VALUES (14, 2642, "2020-10-13 11:38:44");
INSERT INTO gefaellt (profilnummer, beitragsnummer, zeit) VALUES (151, 2891, "2020-10-13 12:01:34");
INSERT INTO gefaellt (profilnummer, beitragsnummer, zeit) VALUES (151, 1176, "2020-10-05 12:29:59");
INSERT INTO gefaellt (profilnummer, beitragsnummer, zeit) VALUES (151, 1320, "2020-10-06 12:59:21");
INSERT INTO gefaellt (profilnummer, beitragsnummer, zeit) VALUES (151, 2832, "2020-10-06 12:44:11");
INSERT INTO gefaellt (profilnummer, beitragsnummer, zeit) VALUES (151, 3017, "2020-10-08 12:10:24");
INSERT INTO gefaellt (profilnummer, beitragsnummer, zeit) VALUES (151, 4677, "2020-10-12 12:20:20");
INSERT INTO gefaellt (profilnummer, beitragsnummer, zeit) VALUES (151, 1363, "2020-10-07 12:32:03");
INSERT INTO gefaellt (profilnummer, beitragsnummer, zeit) VALUES (151, 3067, "2020-10-12 12:45:09");
INSERT INTO gefaellt (profilnummer, beitragsnummer, zeit) VALUES (151, 3684, "2020-10-06 12:34:50");
INSERT INTO gefaellt (profilnummer, beitragsnummer, zeit) VALUES (151, 1520, "2020-10-11 12:34:26");
INSERT INTO gefaellt (profilnummer, beitragsnummer, zeit) VALUES (151, 2459, "2020-10-06 12:33:15");
INSERT INTO gefaellt (profilnummer, beitragsnummer, zeit) VALUES (151, 2397, "2020-10-12 12:21:27");
INSERT INTO gefaellt (profilnummer, beitragsnummer, zeit) VALUES (151, 4702, "2020-10-10 12:34:38");
INSERT INTO gefaellt (profilnummer, beitragsnummer, zeit) VALUES (151, 3235, "2020-10-08 12:56:17");
INSERT INTO gefaellt (profilnummer, beitragsnummer, zeit) VALUES (151, 2717, "2020-10-04 12:47:14");
INSERT INTO gefaellt (profilnummer, beitragsnummer, zeit) VALUES (151, 4538, "2020-10-07 12:26:45");
INSERT INTO gefaellt (profilnummer, beitragsnummer, zeit) VALUES (151, 3158, "2020-10-01 12:53:21");
INSERT INTO gefaellt (profilnummer, beitragsnummer, zeit) VALUES (151, 1624, "2020-10-11 12:43:51");
INSERT INTO gefaellt (profilnummer, beitragsnummer, zeit) VALUES (151, 4291, "2020-10-03 12:55:37");
INSERT INTO gefaellt (profilnummer, beitragsnummer, zeit) VALUES (151, 4250, "2020-10-12 12:39:52");
INSERT INTO gefaellt (profilnummer, beitragsnummer, zeit) VALUES (151, 1635, "2020-10-09 12:17:21");
INSERT INTO gefaellt (profilnummer, beitragsnummer, zeit) VALUES (151, 4255, "2020-10-12 12:04:02");
INSERT INTO gefaellt (profilnummer, beitragsnummer, zeit) VALUES (151, 4120, "2020-10-11 12:50:41");
INSERT INTO gefaellt (profilnummer, beitragsnummer, zeit) VALUES (151, 2559, "2020-10-04 12:52:01");
INSERT INTO gefaellt (profilnummer, beitragsnummer, zeit) VALUES (151, 2431, "2020-10-14 12:31:14");
INSERT INTO gefaellt (profilnummer, beitragsnummer, zeit) VALUES (151, 3104, "2020-10-04 12:10:56");
INSERT INTO gefaellt (profilnummer, beitragsnummer, zeit) VALUES (151, 1492, "2020-10-10 12:16:49");
INSERT INTO gefaellt (profilnummer, beitragsnummer, zeit) VALUES (151, 1758, "2020-10-03 12:50:45");
INSERT INTO gefaellt (profilnummer, beitragsnummer, zeit) VALUES (151, 1976, "2020-10-11 12:42:27");
INSERT INTO gefaellt (profilnummer, beitragsnummer, zeit) VALUES (151, 3034, "2020-10-11 12:34:05");
INSERT INTO gefaellt (profilnummer, beitragsnummer, zeit) VALUES (151, 1091, "2020-10-02 12:00:26");
INSERT INTO gefaellt (profilnummer, beitragsnummer, zeit) VALUES (151, 2962, "2020-10-11 12:44:16");
INSERT INTO gefaellt (profilnummer, beitragsnummer, zeit) VALUES (151, 3597, "2020-10-13 12:21:43");
INSERT INTO gefaellt (profilnummer, beitragsnummer, zeit) VALUES (151, 4656, "2020-10-13 12:41:27");
INSERT INTO gefaellt (profilnummer, beitragsnummer, zeit) VALUES (151, 3211, "2020-10-02 12:03:15");
INSERT INTO gefaellt (profilnummer, beitragsnummer, zeit) VALUES (151, 3855, "2020-10-11 12:56:20");
INSERT INTO gefaellt (profilnummer, beitragsnummer, zeit) VALUES (151, 3323, "2020-10-11 12:15:47");
INSERT INTO gefaellt (profilnummer, beitragsnummer, zeit) VALUES (151, 3496, "2020-10-08 12:05:30");
INSERT INTO gefaellt (profilnummer, beitragsnummer, zeit) VALUES (151, 3616, "2020-10-04 12:42:53");
INSERT INTO gefaellt (profilnummer, beitragsnummer, zeit) VALUES (151, 4333, "2020-10-04 12:12:32");
INSERT INTO gefaellt (profilnummer, beitragsnummer, zeit) VALUES (151, 2310, "2020-10-05 12:32:02");
INSERT INTO gefaellt (profilnummer, beitragsnummer, zeit) VALUES (151, 3146, "2020-10-04 12:55:00");
INSERT INTO gefaellt (profilnummer, beitragsnummer, zeit) VALUES (151, 3745, "2020-10-08 12:31:15");
INSERT INTO gefaellt (profilnummer, beitragsnummer, zeit) VALUES (151, 4918, "2020-10-14 12:30:56");
INSERT INTO gefaellt (profilnummer, beitragsnummer, zeit) VALUES (151, 2783, "2020-10-05 12:03:54");
INSERT INTO gefaellt (profilnummer, beitragsnummer, zeit) VALUES (151, 3506, "2020-10-02 12:28:21");
INSERT INTO gefaellt (profilnummer, beitragsnummer, zeit) VALUES (151, 1641, "2020-10-01 12:18:25");
INSERT INTO gefaellt (profilnummer, beitragsnummer, zeit) VALUES (151, 4081, "2020-10-10 12:52:19");
INSERT INTO gefaellt (profilnummer, beitragsnummer, zeit) VALUES (151, 2333, "2020-10-03 12:17:40");
INSERT INTO gefaellt (profilnummer, beitragsnummer, zeit) VALUES (151, 4987, "2020-10-12 12:19:10");
INSERT INTO gefaellt (profilnummer, beitragsnummer, zeit) VALUES (151, 3363, "2020-10-14 12:25:54");
INSERT INTO gefaellt (profilnummer, beitragsnummer, zeit) VALUES (151, 1942, "2020-10-08 12:03:25");
INSERT INTO gefaellt (profilnummer, beitragsnummer, zeit) VALUES (151, 3987, "2020-10-10 12:26:28");
INSERT INTO gefaellt (profilnummer, beitragsnummer, zeit) VALUES (151, 3043, "2020-10-14 12:33:36");
INSERT INTO gefaellt (profilnummer, beitragsnummer, zeit) VALUES (151, 3030, "2020-10-04 12:05:09");
INSERT INTO gefaellt (profilnummer, beitragsnummer, zeit) VALUES (151, 4112, "2020-10-07 12:34:20");
INSERT INTO gefaellt (profilnummer, beitragsnummer, zeit) VALUES (151, 2787, "2020-10-06 12:47:09");
INSERT INTO gefaellt (profilnummer, beitragsnummer, zeit) VALUES (151, 3259, "2020-10-11 12:24:02");
INSERT INTO gefaellt (profilnummer, beitragsnummer, zeit) VALUES (151, 1072, "2020-10-04 12:03:12");
INSERT INTO gefaellt (profilnummer, beitragsnummer, zeit) VALUES (151, 4846, "2020-10-06 12:38:35");
INSERT INTO gefaellt (profilnummer, beitragsnummer, zeit) VALUES (151, 1423, "2020-10-11 12:02:46");
INSERT INTO gefaellt (profilnummer, beitragsnummer, zeit) VALUES (151, 3503, "2020-10-02 12:29:40");
INSERT INTO gefaellt (profilnummer, beitragsnummer, zeit) VALUES (151, 2884, "2020-10-09 12:38:33");
INSERT INTO gefaellt (profilnummer, beitragsnummer, zeit) VALUES (151, 3895, "2020-10-12 12:16:59");
INSERT INTO gefaellt (profilnummer, beitragsnummer, zeit) VALUES (151, 2299, "2020-10-11 12:31:58");
INSERT INTO gefaellt (profilnummer, beitragsnummer, zeit) VALUES (151, 2894, "2020-10-04 12:27:58");
INSERT INTO gefaellt (profilnummer, beitragsnummer, zeit) VALUES (151, 1600, "2020-10-09 12:59:47");
INSERT INTO gefaellt (profilnummer, beitragsnummer, zeit) VALUES (151, 4016, "2020-10-09 12:34:52");
INSERT INTO gefaellt (profilnummer, beitragsnummer, zeit) VALUES (151, 4444, "2020-10-04 12:08:49");
INSERT INTO gefaellt (profilnummer, beitragsnummer, zeit) VALUES (151, 1419, "2020-10-03 12:06:13");
INSERT INTO gefaellt (profilnummer, beitragsnummer, zeit) VALUES (151, 4193, "2020-10-10 12:16:04");
INSERT INTO gefaellt (profilnummer, beitragsnummer, zeit) VALUES (151, 2298, "2020-10-04 12:08:41");
INSERT INTO gefaellt (profilnummer, beitragsnummer, zeit) VALUES (151, 2513, "2020-10-06 12:03:50");
INSERT INTO gefaellt (profilnummer, beitragsnummer, zeit) VALUES (151, 3631, "2020-10-09 12:46:10");
INSERT INTO gefaellt (profilnummer, beitragsnummer, zeit) VALUES (151, 3090, "2020-10-13 12:16:29");
INSERT INTO gefaellt (profilnummer, beitragsnummer, zeit) VALUES (151, 2752, "2020-10-13 12:55:23");
INSERT INTO gefaellt (profilnummer, beitragsnummer, zeit) VALUES (151, 4849, "2020-10-08 12:59:32");
INSERT INTO gefaellt (profilnummer, beitragsnummer, zeit) VALUES (151, 3318, "2020-10-02 12:52:15");
INSERT INTO gefaellt (profilnummer, beitragsnummer, zeit) VALUES (151, 3236, "2020-10-11 12:36:07");
INSERT INTO gefaellt (profilnummer, beitragsnummer, zeit) VALUES (151, 3834, "2020-10-01 12:04:33");
INSERT INTO gefaellt (profilnummer, beitragsnummer, zeit) VALUES (76, 3616, "2020-10-09 07:56:34");
INSERT INTO gefaellt (profilnummer, beitragsnummer, zeit) VALUES (76, 2975, "2020-10-12 07:31:46");
INSERT INTO gefaellt (profilnummer, beitragsnummer, zeit) VALUES (76, 3834, "2020-10-04 08:16:10");
INSERT INTO gefaellt (profilnummer, beitragsnummer, zeit) VALUES (76, 3363, "2020-10-12 08:42:18");
INSERT INTO gefaellt (profilnummer, beitragsnummer, zeit) VALUES (76, 3986, "2020-10-10 18:29:19");
INSERT INTO gefaellt (profilnummer, beitragsnummer, zeit) VALUES (76, 3017, "2020-10-04 07:03:30");
INSERT INTO gefaellt (profilnummer, beitragsnummer, zeit) VALUES (76, 3745, "2020-10-01 18:33:04");
INSERT INTO gefaellt (profilnummer, beitragsnummer, zeit) VALUES (76, 3496, "2020-10-10 08:08:53");
INSERT INTO gefaellt (profilnummer, beitragsnummer, zeit) VALUES (76, 3211, "2020-10-12 08:43:06");
INSERT INTO gefaellt (profilnummer, beitragsnummer, zeit) VALUES (76, 2642, "2020-10-13 17:56:55");
INSERT INTO gefaellt (profilnummer, beitragsnummer, zeit) VALUES (76, 2313, "2020-10-09 08:15:46");
INSERT INTO gefaellt (profilnummer, beitragsnummer, zeit) VALUES (76, 4444, "2020-10-13 08:31:26");
INSERT INTO gefaellt (profilnummer, beitragsnummer, zeit) VALUES (76, 3259, "2020-10-02 07:46:10");
INSERT INTO gefaellt (profilnummer, beitragsnummer, zeit) VALUES (76, 3579, "2020-10-13 08:09:08");
INSERT INTO gefaellt (profilnummer, beitragsnummer, zeit) VALUES (76, 2153, "2020-10-07 17:54:39");
INSERT INTO gefaellt (profilnummer, beitragsnummer, zeit) VALUES (76, 1635, "2020-10-11 08:35:34");
INSERT INTO gefaellt (profilnummer, beitragsnummer, zeit) VALUES (76, 2513, "2020-10-01 08:34:27");
INSERT INTO gefaellt (profilnummer, beitragsnummer, zeit) VALUES (76, 3146, "2020-10-11 18:49:10");
INSERT INTO gefaellt (profilnummer, beitragsnummer, zeit) VALUES (76, 1520, "2020-10-05 07:56:15");
INSERT INTO gefaellt (profilnummer, beitragsnummer, zeit) VALUES (76, 3323, "2020-10-11 18:40:48");
INSERT INTO gefaellt (profilnummer, beitragsnummer, zeit) VALUES (76, 2014, "2020-10-06 17:10:06");
INSERT INTO gefaellt (profilnummer, beitragsnummer, zeit) VALUES (76, 4193, "2020-10-05 17:59:07");
INSERT INTO gefaellt (profilnummer, beitragsnummer, zeit) VALUES (76, 4656, "2020-10-14 07:45:34");
INSERT INTO gefaellt (profilnummer, beitragsnummer, zeit) VALUES (76, 4141, "2020-10-01 18:30:50");
INSERT INTO gefaellt (profilnummer, beitragsnummer, zeit) VALUES (76, 4291, "2020-10-01 07:42:56");
INSERT INTO gefaellt (profilnummer, beitragsnummer, zeit) VALUES (76, 1758, "2020-10-06 17:02:06");
INSERT INTO gefaellt (profilnummer, beitragsnummer, zeit) VALUES (76, 2962, "2020-10-05 17:13:58");
INSERT INTO gefaellt (profilnummer, beitragsnummer, zeit) VALUES (76, 1140, "2020-10-13 07:10:15");
INSERT INTO gefaellt (profilnummer, beitragsnummer, zeit) VALUES (76, 3503, "2020-10-13 07:01:45");
INSERT INTO gefaellt (profilnummer, beitragsnummer, zeit) VALUES (76, 3895, "2020-10-11 08:43:18");
INSERT INTO gefaellt (profilnummer, beitragsnummer, zeit) VALUES (76, 2836, "2020-10-12 08:33:23");
INSERT INTO gefaellt (profilnummer, beitragsnummer, zeit) VALUES (76, 4677, "2020-10-12 07:07:52");
INSERT INTO gefaellt (profilnummer, beitragsnummer, zeit) VALUES (76, 3236, "2020-10-11 17:16:04");
INSERT INTO gefaellt (profilnummer, beitragsnummer, zeit) VALUES (76, 3684, "2020-10-06 07:13:27");
INSERT INTO gefaellt (profilnummer, beitragsnummer, zeit) VALUES (76, 1072, "2020-10-13 08:28:14");
INSERT INTO gefaellt (profilnummer, beitragsnummer, zeit) VALUES (76, 1176, "2020-10-06 17:35:33");
INSERT INTO gefaellt (profilnummer, beitragsnummer, zeit) VALUES (76, 3158, "2020-10-14 07:54:18");
INSERT INTO gefaellt (profilnummer, beitragsnummer, zeit) VALUES (76, 1600, "2020-10-12 07:46:21");
INSERT INTO gefaellt (profilnummer, beitragsnummer, zeit) VALUES (76, 3235, "2020-10-11 08:48:25");
INSERT INTO gefaellt (profilnummer, beitragsnummer, zeit) VALUES (76, 3222, "2020-10-07 17:01:38");
INSERT INTO gefaellt (profilnummer, beitragsnummer, zeit) VALUES (76, 3631, "2020-10-12 08:58:39");
INSERT INTO gefaellt (profilnummer, beitragsnummer, zeit) VALUES (76, 2431, "2020-10-13 17:35:28");
INSERT INTO gefaellt (profilnummer, beitragsnummer, zeit) VALUES (76, 1976, "2020-10-11 17:03:08");
INSERT INTO gefaellt (profilnummer, beitragsnummer, zeit) VALUES (76, 4918, "2020-10-06 07:52:24");
INSERT INTO gefaellt (profilnummer, beitragsnummer, zeit) VALUES (76, 2459, "2020-10-02 07:55:13");
INSERT INTO gefaellt (profilnummer, beitragsnummer, zeit) VALUES (76, 3461, "2020-10-03 18:31:40");
INSERT INTO gefaellt (profilnummer, beitragsnummer, zeit) VALUES (76, 2299, "2020-10-03 07:18:16");
INSERT INTO gefaellt (profilnummer, beitragsnummer, zeit) VALUES (76, 2314, "2020-10-09 07:09:48");
INSERT INTO gefaellt (profilnummer, beitragsnummer, zeit) VALUES (76, 3851, "2020-10-03 18:29:25");
INSERT INTO gefaellt (profilnummer, beitragsnummer, zeit) VALUES (76, 3043, "2020-10-08 18:53:11");
INSERT INTO gefaellt (profilnummer, beitragsnummer, zeit) VALUES (76, 4849, "2020-10-11 08:35:41");
INSERT INTO gefaellt (profilnummer, beitragsnummer, zeit) VALUES (76, 2894, "2020-10-14 07:39:30");
INSERT INTO gefaellt (profilnummer, beitragsnummer, zeit) VALUES (76, 4846, "2020-10-08 08:50:33");
INSERT INTO gefaellt (profilnummer, beitragsnummer, zeit) VALUES (76, 4081, "2020-10-06 18:54:56");
INSERT INTO gefaellt (profilnummer, beitragsnummer, zeit) VALUES (76, 4987, "2020-10-10 08:21:16");
INSERT INTO gefaellt (profilnummer, beitragsnummer, zeit) VALUES (76, 4702, "2020-10-01 08:43:22");
INSERT INTO gefaellt (profilnummer, beitragsnummer, zeit) VALUES (76, 2752, "2020-10-03 08:20:11");
INSERT INTO gefaellt (profilnummer, beitragsnummer, zeit) VALUES (76, 2884, "2020-10-09 18:33:53");
INSERT INTO gefaellt (profilnummer, beitragsnummer, zeit) VALUES (76, 3318, "2020-10-09 18:01:52");
INSERT INTO gefaellt (profilnummer, beitragsnummer, zeit) VALUES (76, 1363, "2020-10-09 07:35:06");
INSERT INTO gefaellt (profilnummer, beitragsnummer, zeit) VALUES (76, 3987, "2020-10-07 07:43:16");
INSERT INTO gefaellt (profilnummer, beitragsnummer, zeit) VALUES (76, 2832, "2020-10-07 17:55:14");
INSERT INTO gefaellt (profilnummer, beitragsnummer, zeit) VALUES (76, 3855, "2020-10-06 17:32:59");
INSERT INTO gefaellt (profilnummer, beitragsnummer, zeit) VALUES (76, 4255, "2020-10-04 07:24:09");
INSERT INTO gefaellt (profilnummer, beitragsnummer, zeit) VALUES (41, 3236, "2020-10-08 17:01:15");
INSERT INTO gefaellt (profilnummer, beitragsnummer, zeit) VALUES (41, 4709, "2020-10-05 13:03:11");
INSERT INTO gefaellt (profilnummer, beitragsnummer, zeit) VALUES (41, 3834, "2020-10-09 19:00:53");
INSERT INTO gefaellt (profilnummer, beitragsnummer, zeit) VALUES (41, 1363, "2020-10-10 18:04:06");
INSERT INTO gefaellt (profilnummer, beitragsnummer, zeit) VALUES (41, 2642, "2020-10-02 14:01:30");
INSERT INTO gefaellt (profilnummer, beitragsnummer, zeit) VALUES (41, 4526, "2020-10-06 15:03:54");
INSERT INTO gefaellt (profilnummer, beitragsnummer, zeit) VALUES (41, 4656, "2020-10-04 14:04:00");
INSERT INTO gefaellt (profilnummer, beitragsnummer, zeit) VALUES (41, 4081, "2020-10-11 13:02:46");
INSERT INTO gefaellt (profilnummer, beitragsnummer, zeit) VALUES (41, 4846, "2020-10-09 16:01:38");
INSERT INTO gefaellt (profilnummer, beitragsnummer, zeit) VALUES (41, 4602, "2020-10-04 19:04:22");
INSERT INTO gefaellt (profilnummer, beitragsnummer, zeit) VALUES (41, 1635, "2020-10-01 16:04:09");
INSERT INTO gefaellt (profilnummer, beitragsnummer, zeit) VALUES (41, 3222, "2020-10-05 13:01:22");
INSERT INTO gefaellt (profilnummer, beitragsnummer, zeit) VALUES (41, 1520, "2020-10-07 17:00:48");
INSERT INTO gefaellt (profilnummer, beitragsnummer, zeit) VALUES (41, 3579, "2020-10-02 15:03:35");
INSERT INTO gefaellt (profilnummer, beitragsnummer, zeit) VALUES (41, 4250, "2020-10-02 13:00:28");
INSERT INTO gefaellt (profilnummer, beitragsnummer, zeit) VALUES (41, 1641, "2020-10-12 14:01:01");
INSERT INTO gefaellt (profilnummer, beitragsnummer, zeit) VALUES (41, 3616, "2020-10-13 19:03:32");
INSERT INTO gefaellt (profilnummer, beitragsnummer, zeit) VALUES (41, 2513, "2020-10-01 15:01:11");
INSERT INTO gefaellt (profilnummer, beitragsnummer, zeit) VALUES (41, 3318, "2020-10-05 17:04:53");
INSERT INTO gefaellt (profilnummer, beitragsnummer, zeit) VALUES (41, 2975, "2020-10-02 14:04:12");
INSERT INTO gefaellt (profilnummer, beitragsnummer, zeit) VALUES (41, 3030, "2020-10-12 15:03:57");
INSERT INTO gefaellt (profilnummer, beitragsnummer, zeit) VALUES (41, 2310, "2020-10-02 19:04:05");
INSERT INTO gefaellt (profilnummer, beitragsnummer, zeit) VALUES (41, 1419, "2020-10-07 16:00:23");
INSERT INTO gefaellt (profilnummer, beitragsnummer, zeit) VALUES (41, 3986, "2020-10-07 15:02:33");
INSERT INTO gefaellt (profilnummer, beitragsnummer, zeit) VALUES (41, 2333, "2020-10-10 13:03:41");
INSERT INTO gefaellt (profilnummer, beitragsnummer, zeit) VALUES (41, 3631, "2020-10-10 14:00:49");
INSERT INTO gefaellt (profilnummer, beitragsnummer, zeit) VALUES (41, 4193, "2020-10-04 19:03:33");
INSERT INTO gefaellt (profilnummer, beitragsnummer, zeit) VALUES (41, 1423, "2020-10-01 17:00:37");
INSERT INTO gefaellt (profilnummer, beitragsnummer, zeit) VALUES (41, 2891, "2020-10-07 14:00:52");
INSERT INTO gefaellt (profilnummer, beitragsnummer, zeit) VALUES (41, 3787, "2020-10-08 18:00:33");
INSERT INTO gefaellt (profilnummer, beitragsnummer, zeit) VALUES (41, 4918, "2020-10-13 15:04:37");
INSERT INTO gefaellt (profilnummer, beitragsnummer, zeit) VALUES (41, 1140, "2020-10-09 16:01:01");
INSERT INTO gefaellt (profilnummer, beitragsnummer, zeit) VALUES (41, 2459, "2020-10-14 13:00:55");
INSERT INTO gefaellt (profilnummer, beitragsnummer, zeit) VALUES (41, 3348, "2020-10-01 15:00:34");
INSERT INTO gefaellt (profilnummer, beitragsnummer, zeit) VALUES (41, 2860, "2020-10-08 18:01:40");
INSERT INTO gefaellt (profilnummer, beitragsnummer, zeit) VALUES (41, 1091, "2020-10-01 16:04:09");
INSERT INTO gefaellt (profilnummer, beitragsnummer, zeit) VALUES (41, 3043, "2020-10-05 17:02:15");
INSERT INTO gefaellt (profilnummer, beitragsnummer, zeit) VALUES (41, 4913, "2020-10-03 14:02:23");
INSERT INTO gefaellt (profilnummer, beitragsnummer, zeit) VALUES (41, 2153, "2020-10-07 19:03:18");
INSERT INTO gefaellt (profilnummer, beitragsnummer, zeit) VALUES (41, 2717, "2020-10-03 13:03:22");
INSERT INTO gefaellt (profilnummer, beitragsnummer, zeit) VALUES (41, 1893, "2020-10-08 16:00:02");
INSERT INTO gefaellt (profilnummer, beitragsnummer, zeit) VALUES (41, 2832, "2020-10-01 14:00:06");
INSERT INTO gefaellt (profilnummer, beitragsnummer, zeit) VALUES (41, 1951, "2020-10-04 14:02:19");
INSERT INTO gefaellt (profilnummer, beitragsnummer, zeit) VALUES (41, 3158, "2020-10-13 18:00:54");
INSERT INTO gefaellt (profilnummer, beitragsnummer, zeit) VALUES (41, 2313, "2020-10-02 17:03:02");
INSERT INTO gefaellt (profilnummer, beitragsnummer, zeit) VALUES (41, 2314, "2020-10-10 17:01:11");
INSERT INTO gefaellt (profilnummer, beitragsnummer, zeit) VALUES (41, 2014, "2020-10-07 19:00:43");
INSERT INTO gefaellt (profilnummer, beitragsnummer, zeit) VALUES (41, 4112, "2020-10-05 18:00:38");
INSERT INTO gefaellt (profilnummer, beitragsnummer, zeit) VALUES (41, 3684, "2020-10-07 18:04:53");
INSERT INTO gefaellt (profilnummer, beitragsnummer, zeit) VALUES (41, 3323, "2020-10-12 19:00:51");
INSERT INTO gefaellt (profilnummer, beitragsnummer, zeit) VALUES (41, 2884, "2020-10-01 17:04:35");
INSERT INTO gefaellt (profilnummer, beitragsnummer, zeit) VALUES (41, 3895, "2020-10-03 19:01:55");
INSERT INTO gefaellt (profilnummer, beitragsnummer, zeit) VALUES (41, 1624, "2020-10-03 13:02:05");
INSERT INTO gefaellt (profilnummer, beitragsnummer, zeit) VALUES (41, 1586, "2020-10-12 19:01:12");
INSERT INTO gefaellt (profilnummer, beitragsnummer, zeit) VALUES (41, 3855, "2020-10-09 19:04:23");
INSERT INTO gefaellt (profilnummer, beitragsnummer, zeit) VALUES (41, 2559, "2020-10-04 16:04:46");
INSERT INTO gefaellt (profilnummer, beitragsnummer, zeit) VALUES (41, 1942, "2020-10-13 15:03:39");
INSERT INTO gefaellt (profilnummer, beitragsnummer, zeit) VALUES (41, 3034, "2020-10-13 14:02:51");
INSERT INTO gefaellt (profilnummer, beitragsnummer, zeit) VALUES (41, 3104, "2020-10-12 13:03:21");
INSERT INTO gefaellt (profilnummer, beitragsnummer, zeit) VALUES (41, 4553, "2020-10-09 14:02:11");
INSERT INTO gefaellt (profilnummer, beitragsnummer, zeit) VALUES (41, 3363, "2020-10-12 17:03:46");
INSERT INTO gefaellt (profilnummer, beitragsnummer, zeit) VALUES (41, 4120, "2020-10-13 19:00:55");
INSERT INTO gefaellt (profilnummer, beitragsnummer, zeit) VALUES (41, 1320, "2020-10-12 16:03:38");
INSERT INTO gefaellt (profilnummer, beitragsnummer, zeit) VALUES (41, 3745, "2020-10-07 16:02:20");
INSERT INTO gefaellt (profilnummer, beitragsnummer, zeit) VALUES (113, 2836, "2020-10-08 23:03:59");
INSERT INTO gefaellt (profilnummer, beitragsnummer, zeit) VALUES (113, 2962, "2020-10-03 22:02:47");
INSERT INTO gefaellt (profilnummer, beitragsnummer, zeit) VALUES (113, 3895, "2020-10-03 19:00:18");
INSERT INTO gefaellt (profilnummer, beitragsnummer, zeit) VALUES (113, 3745, "2020-10-05 21:04:28");
INSERT INTO gefaellt (profilnummer, beitragsnummer, zeit) VALUES (113, 3030, "2020-10-11 20:04:55");
INSERT INTO gefaellt (profilnummer, beitragsnummer, zeit) VALUES (113, 2860, "2020-10-13 22:02:52");
INSERT INTO gefaellt (profilnummer, beitragsnummer, zeit) VALUES (113, 3236, "2020-10-01 23:00:11");
INSERT INTO gefaellt (profilnummer, beitragsnummer, zeit) VALUES (113, 3259, "2020-10-07 20:03:06");
INSERT INTO gefaellt (profilnummer, beitragsnummer, zeit) VALUES (113, 3348, "2020-10-13 20:01:45");
INSERT INTO gefaellt (profilnummer, beitragsnummer, zeit) VALUES (113, 2787, "2020-10-10 22:02:14");
INSERT INTO gefaellt (profilnummer, beitragsnummer, zeit) VALUES (113, 2891, "2020-10-11 20:03:12");
INSERT INTO gefaellt (profilnummer, beitragsnummer, zeit) VALUES (113, 3146, "2020-10-01 21:00:43");
INSERT INTO gefaellt (profilnummer, beitragsnummer, zeit) VALUES (113, 4677, "2020-10-12 19:04:10");
INSERT INTO gefaellt (profilnummer, beitragsnummer, zeit) VALUES (113, 1389, "2020-10-05 20:03:49");
INSERT INTO gefaellt (profilnummer, beitragsnummer, zeit) VALUES (113, 3579, "2020-10-06 22:03:21");
INSERT INTO gefaellt (profilnummer, beitragsnummer, zeit) VALUES (113, 3684, "2020-10-12 21:03:00");
INSERT INTO gefaellt (profilnummer, beitragsnummer, zeit) VALUES (113, 4602, "2020-10-09 22:04:00");
INSERT INTO gefaellt (profilnummer, beitragsnummer, zeit) VALUES (113, 1976, "2020-10-04 23:03:04");
INSERT INTO gefaellt (profilnummer, beitragsnummer, zeit) VALUES (113, 3090, "2020-10-08 20:03:58");
INSERT INTO gefaellt (profilnummer, beitragsnummer, zeit) VALUES (113, 1176, "2020-10-09 19:04:13");
INSERT INTO gefaellt (profilnummer, beitragsnummer, zeit) VALUES (113, 3034, "2020-10-10 21:02:19");
INSERT INTO gefaellt (profilnummer, beitragsnummer, zeit) VALUES (113, 1140, "2020-10-07 20:04:41");
INSERT INTO gefaellt (profilnummer, beitragsnummer, zeit) VALUES (113, 3833, "2020-10-08 20:01:15");
INSERT INTO gefaellt (profilnummer, beitragsnummer, zeit) VALUES (113, 3987, "2020-10-07 21:03:27");
INSERT INTO gefaellt (profilnummer, beitragsnummer, zeit) VALUES (113, 4444, "2020-10-03 22:04:44");
INSERT INTO gefaellt (profilnummer, beitragsnummer, zeit) VALUES (113, 3318, "2020-10-06 21:01:00");
INSERT INTO gefaellt (profilnummer, beitragsnummer, zeit) VALUES (113, 1173, "2020-10-07 20:02:13");
INSERT INTO gefaellt (profilnummer, beitragsnummer, zeit) VALUES (113, 2153, "2020-10-12 20:02:43");
INSERT INTO gefaellt (profilnummer, beitragsnummer, zeit) VALUES (113, 1951, "2020-10-11 21:03:43");
INSERT INTO gefaellt (profilnummer, beitragsnummer, zeit) VALUES (113, 3461, "2020-10-03 19:00:53");
INSERT INTO gefaellt (profilnummer, beitragsnummer, zeit) VALUES (113, 4112, "2020-10-05 21:04:19");
INSERT INTO gefaellt (profilnummer, beitragsnummer, zeit) VALUES (113, 1586, "2020-10-04 20:01:29");
INSERT INTO gefaellt (profilnummer, beitragsnummer, zeit) VALUES (113, 4193, "2020-10-07 19:04:46");
INSERT INTO gefaellt (profilnummer, beitragsnummer, zeit) VALUES (113, 3986, "2020-10-10 23:02:01");
INSERT INTO gefaellt (profilnummer, beitragsnummer, zeit) VALUES (113, 2314, "2020-10-01 21:02:16");
INSERT INTO gefaellt (profilnummer, beitragsnummer, zeit) VALUES (113, 4709, "2020-10-06 23:01:01");
INSERT INTO gefaellt (profilnummer, beitragsnummer, zeit) VALUES (113, 1419, "2020-10-10 23:04:12");
INSERT INTO gefaellt (profilnummer, beitragsnummer, zeit) VALUES (113, 4868, "2020-10-11 21:01:40");
INSERT INTO gefaellt (profilnummer, beitragsnummer, zeit) VALUES (113, 1684, "2020-10-13 19:02:15");
INSERT INTO gefaellt (profilnummer, beitragsnummer, zeit) VALUES (113, 4081, "2020-10-03 21:03:07");
INSERT INTO gefaellt (profilnummer, beitragsnummer, zeit) VALUES (113, 2717, "2020-10-08 20:02:47");
INSERT INTO gefaellt (profilnummer, beitragsnummer, zeit) VALUES (113, 4255, "2020-10-13 21:03:18");
INSERT INTO gefaellt (profilnummer, beitragsnummer, zeit) VALUES (113, 4333, "2020-10-02 20:00:26");
INSERT INTO gefaellt (profilnummer, beitragsnummer, zeit) VALUES (113, 2642, "2020-10-02 20:02:31");
INSERT INTO gefaellt (profilnummer, beitragsnummer, zeit) VALUES (113, 2313, "2020-10-01 21:00:41");
INSERT INTO gefaellt (profilnummer, beitragsnummer, zeit) VALUES (113, 4656, "2020-10-01 21:04:18");
INSERT INTO gefaellt (profilnummer, beitragsnummer, zeit) VALUES (113, 2975, "2020-10-13 21:03:55");
INSERT INTO gefaellt (profilnummer, beitragsnummer, zeit) VALUES (113, 4120, "2020-10-11 22:03:46");
INSERT INTO gefaellt (profilnummer, beitragsnummer, zeit) VALUES (70, 2299, "2020-10-12 22:53:13");
INSERT INTO gefaellt (profilnummer, beitragsnummer, zeit) VALUES (70, 4656, "2020-10-12 22:53:14");
INSERT INTO gefaellt (profilnummer, beitragsnummer, zeit) VALUES (70, 4193, "2020-10-12 22:53:15");
INSERT INTO gefaellt (profilnummer, beitragsnummer, zeit) VALUES (70, 4913, "2020-10-12 22:53:16");
INSERT INTO gefaellt (profilnummer, beitragsnummer, zeit) VALUES (70, 4992, "2020-10-12 22:53:17");
INSERT INTO gefaellt (profilnummer, beitragsnummer, zeit) VALUES (70, 3211, "2020-10-12 22:53:18");
INSERT INTO gefaellt (profilnummer, beitragsnummer, zeit) VALUES (70, 2884, "2020-10-12 22:53:19");
INSERT INTO gefaellt (profilnummer, beitragsnummer, zeit) VALUES (70, 3987, "2020-10-12 22:53:20");
INSERT INTO gefaellt (profilnummer, beitragsnummer, zeit) VALUES (70, 1091, "2020-10-12 22:53:21");
INSERT INTO gefaellt (profilnummer, beitragsnummer, zeit) VALUES (70, 2459, "2020-10-12 22:53:22");
INSERT INTO gefaellt (profilnummer, beitragsnummer, zeit) VALUES (70, 2298, "2020-10-12 22:53:23");
INSERT INTO gefaellt (profilnummer, beitragsnummer, zeit) VALUES (70, 3833, "2020-10-12 22:53:24");
INSERT INTO gefaellt (profilnummer, beitragsnummer, zeit) VALUES (70, 4444, "2020-10-12 22:53:25");
INSERT INTO gefaellt (profilnummer, beitragsnummer, zeit) VALUES (70, 1520, "2020-10-12 22:53:26");
INSERT INTO gefaellt (profilnummer, beitragsnummer, zeit) VALUES (70, 4333, "2020-10-12 22:53:27");
INSERT INTO gefaellt (profilnummer, beitragsnummer, zeit) VALUES (70, 2305, "2020-10-12 22:53:28");
INSERT INTO gefaellt (profilnummer, beitragsnummer, zeit) VALUES (70, 1173, "2020-10-11 17:20:55");
INSERT INTO gefaellt (profilnummer, beitragsnummer, zeit) VALUES (70, 4538, "2020-10-11 17:20:56");
INSERT INTO gefaellt (profilnummer, beitragsnummer, zeit) VALUES (70, 2783, "2020-10-11 17:20:57");
INSERT INTO gefaellt (profilnummer, beitragsnummer, zeit) VALUES (70, 3597, "2020-10-11 17:20:58");
INSERT INTO gefaellt (profilnummer, beitragsnummer, zeit) VALUES (70, 1600, "2020-10-11 17:20:59");
INSERT INTO gefaellt (profilnummer, beitragsnummer, zeit) VALUES (70, 2314, "2020-10-11 17:21:00");
INSERT INTO gefaellt (profilnummer, beitragsnummer, zeit) VALUES (70, 3579, "2020-10-11 17:21:01");
INSERT INTO gefaellt (profilnummer, beitragsnummer, zeit) VALUES (70, 4291, "2020-10-11 17:21:02");
INSERT INTO gefaellt (profilnummer, beitragsnummer, zeit) VALUES (70, 3318, "2020-10-11 17:21:03");
INSERT INTO gefaellt (profilnummer, beitragsnummer, zeit) VALUES (70, 4250, "2020-10-11 17:21:04");
INSERT INTO gefaellt (profilnummer, beitragsnummer, zeit) VALUES (70, 3067, "2020-10-11 17:21:05");
INSERT INTO gefaellt (profilnummer, beitragsnummer, zeit) VALUES (70, 3090, "2020-10-11 17:21:06");
INSERT INTO gefaellt (profilnummer, beitragsnummer, zeit) VALUES (70, 2313, "2020-10-11 17:21:07");
INSERT INTO gefaellt (profilnummer, beitragsnummer, zeit) VALUES (70, 2836, "2020-10-11 17:21:08");
INSERT INTO gefaellt (profilnummer, beitragsnummer, zeit) VALUES (70, 2014, "2020-10-11 17:21:09");
INSERT INTO gefaellt (profilnummer, beitragsnummer, zeit) VALUES (70, 3158, "2020-10-11 17:21:10");
INSERT INTO gefaellt (profilnummer, beitragsnummer, zeit) VALUES (70, 4709, "2020-10-11 17:21:11");
INSERT INTO gefaellt (profilnummer, beitragsnummer, zeit) VALUES (70, 1951, "2020-10-11 17:21:12");
INSERT INTO gefaellt (profilnummer, beitragsnummer, zeit) VALUES (70, 4112, "2020-10-11 17:21:13");
INSERT INTO gefaellt (profilnummer, beitragsnummer, zeit) VALUES (70, 4849, "2020-10-11 17:21:14");
INSERT INTO gefaellt (profilnummer, beitragsnummer, zeit) VALUES (70, 2975, "2020-10-11 17:21:15");
INSERT INTO gefaellt (profilnummer, beitragsnummer, zeit) VALUES (70, 2894, "2020-10-11 17:21:16");
INSERT INTO gefaellt (profilnummer, beitragsnummer, zeit) VALUES (70, 1419, "2020-10-11 17:21:17");
INSERT INTO gefaellt (profilnummer, beitragsnummer, zeit) VALUES (70, 1635, "2020-10-11 17:21:18");
INSERT INTO gefaellt (profilnummer, beitragsnummer, zeit) VALUES (70, 2860, "2020-10-11 17:21:19");
INSERT INTO gefaellt (profilnummer, beitragsnummer, zeit) VALUES (70, 2333, "2020-10-11 17:21:20");
INSERT INTO gefaellt (profilnummer, beitragsnummer, zeit) VALUES (70, 3851, "2020-10-11 17:21:21");
INSERT INTO gefaellt (profilnummer, beitragsnummer, zeit) VALUES (70, 4702, "2020-10-11 17:21:22");
INSERT INTO gefaellt (profilnummer, beitragsnummer, zeit) VALUES (70, 3684, "2020-10-11 17:21:23");
INSERT INTO gefaellt (profilnummer, beitragsnummer, zeit) VALUES (70, 3986, "2020-10-11 17:21:24");
INSERT INTO gefaellt (profilnummer, beitragsnummer, zeit) VALUES (70, 3146, "2020-10-11 17:21:25");
INSERT INTO gefaellt (profilnummer, beitragsnummer, zeit) VALUES (70, 2270, "2020-10-11 17:21:26");
INSERT INTO gefaellt (profilnummer, beitragsnummer, zeit) VALUES (70, 4081, "2020-10-11 17:21:27");
INSERT INTO gefaellt (profilnummer, beitragsnummer, zeit) VALUES (70, 3834, "2020-10-11 17:21:28");
INSERT INTO gefaellt (profilnummer, beitragsnummer, zeit) VALUES (70, 3236, "2020-10-11 17:21:29");
INSERT INTO gefaellt (profilnummer, beitragsnummer, zeit) VALUES (70, 2310, "2020-10-11 17:21:30");
INSERT INTO gefaellt (profilnummer, beitragsnummer, zeit) VALUES (70, 3030, "2020-10-11 17:21:31");
INSERT INTO gefaellt (profilnummer, beitragsnummer, zeit) VALUES (70, 4141, "2020-10-11 17:21:32");
INSERT INTO gefaellt (profilnummer, beitragsnummer, zeit) VALUES (70, 3506, "2020-10-11 17:21:33");
INSERT INTO gefaellt (profilnummer, beitragsnummer, zeit) VALUES (70, 1624, "2020-10-11 17:21:34");
INSERT INTO gefaellt (profilnummer, beitragsnummer, zeit) VALUES (70, 3616, "2020-10-11 17:21:35");
INSERT INTO gefaellt (profilnummer, beitragsnummer, zeit) VALUES (70, 1684, "2020-10-11 17:21:36");
INSERT INTO gefaellt (profilnummer, beitragsnummer, zeit) VALUES (70, 3787, "2020-10-11 17:21:37");
INSERT INTO gefaellt (profilnummer, beitragsnummer, zeit) VALUES (70, 4868, "2020-10-11 17:21:38");
