DELETE FROM profil; 
DELETE FROM beitrag; 
DELETE FROM gefaellt; 
INSERT INTO profil (profilnummer) VALUES (130);
INSERT INTO profil (profilnummer) VALUES (181);
INSERT INTO profil (profilnummer) VALUES (19);
INSERT INTO profil (profilnummer) VALUES (86);
INSERT INTO profil (profilnummer) VALUES (14);
INSERT INTO profil (profilnummer) VALUES (151);
INSERT INTO profil (profilnummer) VALUES (76);
INSERT INTO profil (profilnummer) VALUES (41);
INSERT INTO profil (profilnummer) VALUES (113);
INSERT INTO profil (profilnummer) VALUES (70);
INSERT INTO beitrag (beitragsnummer, autor_profilnummer) VALUES (1110, 130);
INSERT INTO beitrag (beitragsnummer, autor_profilnummer) VALUES (1149, 130);
INSERT INTO beitrag (beitragsnummer, autor_profilnummer) VALUES (4765, 130);
INSERT INTO beitrag (beitragsnummer, autor_profilnummer) VALUES (4324, 130);
INSERT INTO beitrag (beitragsnummer, autor_profilnummer) VALUES (3216, 130);
INSERT INTO beitrag (beitragsnummer, autor_profilnummer) VALUES (4049, 130);
INSERT INTO beitrag (beitragsnummer, autor_profilnummer) VALUES (3874, 130);
INSERT INTO beitrag (beitragsnummer, autor_profilnummer) VALUES (4410, 130);
INSERT INTO beitrag (beitragsnummer, autor_profilnummer) VALUES (2548, 181);
INSERT INTO beitrag (beitragsnummer, autor_profilnummer) VALUES (3871, 19);
INSERT INTO beitrag (beitragsnummer, autor_profilnummer) VALUES (2511, 19);
INSERT INTO beitrag (beitragsnummer, autor_profilnummer) VALUES (3847, 19);
INSERT INTO beitrag (beitragsnummer, autor_profilnummer) VALUES (1738, 19);
INSERT INTO beitrag (beitragsnummer, autor_profilnummer) VALUES (3669, 19);
INSERT INTO beitrag (beitragsnummer, autor_profilnummer) VALUES (1195, 19);
INSERT INTO beitrag (beitragsnummer, autor_profilnummer) VALUES (4858, 19);
INSERT INTO beitrag (beitragsnummer, autor_profilnummer) VALUES (2996, 86);
INSERT INTO beitrag (beitragsnummer, autor_profilnummer) VALUES (1607, 86);
INSERT INTO beitrag (beitragsnummer, autor_profilnummer) VALUES (1827, 86);
INSERT INTO beitrag (beitragsnummer, autor_profilnummer) VALUES (1288, 86);
INSERT INTO beitrag (beitragsnummer, autor_profilnummer) VALUES (4192, 86);
INSERT INTO beitrag (beitragsnummer, autor_profilnummer) VALUES (4201, 86);
INSERT INTO beitrag (beitragsnummer, autor_profilnummer) VALUES (3639, 86);
INSERT INTO beitrag (beitragsnummer, autor_profilnummer) VALUES (1874, 86);
INSERT INTO beitrag (beitragsnummer, autor_profilnummer) VALUES (4224, 86);
INSERT INTO beitrag (beitragsnummer, autor_profilnummer) VALUES (4827, 86);
INSERT INTO beitrag (beitragsnummer, autor_profilnummer) VALUES (1057, 86);
INSERT INTO beitrag (beitragsnummer, autor_profilnummer) VALUES (2692, 86);
INSERT INTO beitrag (beitragsnummer, autor_profilnummer) VALUES (3464, 86);
INSERT INTO beitrag (beitragsnummer, autor_profilnummer) VALUES (4080, 86);
INSERT INTO beitrag (beitragsnummer, autor_profilnummer) VALUES (1650, 86);
INSERT INTO beitrag (beitragsnummer, autor_profilnummer) VALUES (4724, 86);
INSERT INTO beitrag (beitragsnummer, autor_profilnummer) VALUES (3961, 86);
INSERT INTO beitrag (beitragsnummer, autor_profilnummer) VALUES (2100, 86);
INSERT INTO beitrag (beitragsnummer, autor_profilnummer) VALUES (1954, 86);
INSERT INTO beitrag (beitragsnummer, autor_profilnummer) VALUES (1877, 86);
INSERT INTO beitrag (beitragsnummer, autor_profilnummer) VALUES (2902, 86);
INSERT INTO beitrag (beitragsnummer, autor_profilnummer) VALUES (2713, 86);
INSERT INTO beitrag (beitragsnummer, autor_profilnummer) VALUES (1994, 86);
INSERT INTO beitrag (beitragsnummer, autor_profilnummer) VALUES (3959, 86);
INSERT INTO beitrag (beitragsnummer, autor_profilnummer) VALUES (1174, 86);
INSERT INTO beitrag (beitragsnummer, autor_profilnummer) VALUES (1076, 86);
INSERT INTO beitrag (beitragsnummer, autor_profilnummer) VALUES (4022, 86);
INSERT INTO beitrag (beitragsnummer, autor_profilnummer) VALUES (3860, 86);
INSERT INTO beitrag (beitragsnummer, autor_profilnummer) VALUES (4460, 86);
INSERT INTO beitrag (beitragsnummer, autor_profilnummer) VALUES (1584, 86);
INSERT INTO beitrag (beitragsnummer, autor_profilnummer) VALUES (2535, 86);
INSERT INTO beitrag (beitragsnummer, autor_profilnummer) VALUES (2480, 86);
INSERT INTO beitrag (beitragsnummer, autor_profilnummer) VALUES (3171, 86);
INSERT INTO beitrag (beitragsnummer, autor_profilnummer) VALUES (1338, 86);
INSERT INTO beitrag (beitragsnummer, autor_profilnummer) VALUES (4814, 14);
INSERT INTO beitrag (beitragsnummer, autor_profilnummer) VALUES (3548, 14);
INSERT INTO beitrag (beitragsnummer, autor_profilnummer) VALUES (2873, 14);
INSERT INTO beitrag (beitragsnummer, autor_profilnummer) VALUES (3455, 14);
INSERT INTO beitrag (beitragsnummer, autor_profilnummer) VALUES (2479, 14);
INSERT INTO beitrag (beitragsnummer, autor_profilnummer) VALUES (2384, 14);
INSERT INTO beitrag (beitragsnummer, autor_profilnummer) VALUES (3568, 14);
INSERT INTO beitrag (beitragsnummer, autor_profilnummer) VALUES (2403, 14);
INSERT INTO beitrag (beitragsnummer, autor_profilnummer) VALUES (1139, 14);
INSERT INTO beitrag (beitragsnummer, autor_profilnummer) VALUES (4488, 14);
INSERT INTO beitrag (beitragsnummer, autor_profilnummer) VALUES (2691, 14);
INSERT INTO beitrag (beitragsnummer, autor_profilnummer) VALUES (4946, 14);
INSERT INTO beitrag (beitragsnummer, autor_profilnummer) VALUES (2454, 14);
INSERT INTO beitrag (beitragsnummer, autor_profilnummer) VALUES (3100, 14);
INSERT INTO beitrag (beitragsnummer, autor_profilnummer) VALUES (4163, 151);
INSERT INTO beitrag (beitragsnummer, autor_profilnummer) VALUES (2415, 151);
INSERT INTO beitrag (beitragsnummer, autor_profilnummer) VALUES (4204, 151);
INSERT INTO beitrag (beitragsnummer, autor_profilnummer) VALUES (2986, 151);
INSERT INTO beitrag (beitragsnummer, autor_profilnummer) VALUES (1367, 151);
INSERT INTO beitrag (beitragsnummer, autor_profilnummer) VALUES (3110, 151);
INSERT INTO beitrag (beitragsnummer, autor_profilnummer) VALUES (2942, 76);
INSERT INTO beitrag (beitragsnummer, autor_profilnummer) VALUES (1683, 76);
INSERT INTO beitrag (beitragsnummer, autor_profilnummer) VALUES (1204, 76);
INSERT INTO beitrag (beitragsnummer, autor_profilnummer) VALUES (2804, 76);
INSERT INTO beitrag (beitragsnummer, autor_profilnummer) VALUES (3941, 76);
INSERT INTO beitrag (beitragsnummer, autor_profilnummer) VALUES (2821, 76);
INSERT INTO beitrag (beitragsnummer, autor_profilnummer) VALUES (2483, 76);
INSERT INTO beitrag (beitragsnummer, autor_profilnummer) VALUES (4184, 76);
INSERT INTO beitrag (beitragsnummer, autor_profilnummer) VALUES (1022, 76);
INSERT INTO beitrag (beitragsnummer, autor_profilnummer) VALUES (2088, 76);
INSERT INTO beitrag (beitragsnummer, autor_profilnummer) VALUES (1746, 76);
INSERT INTO beitrag (beitragsnummer, autor_profilnummer) VALUES (4210, 76);
INSERT INTO beitrag (beitragsnummer, autor_profilnummer) VALUES (2910, 76);
INSERT INTO beitrag (beitragsnummer, autor_profilnummer) VALUES (4478, 41);
INSERT INTO beitrag (beitragsnummer, autor_profilnummer) VALUES (2741, 41);
INSERT INTO beitrag (beitragsnummer, autor_profilnummer) VALUES (2854, 41);
INSERT INTO beitrag (beitragsnummer, autor_profilnummer) VALUES (2445, 41);
INSERT INTO beitrag (beitragsnummer, autor_profilnummer) VALUES (1120, 41);
INSERT INTO beitrag (beitragsnummer, autor_profilnummer) VALUES (1243, 41);
INSERT INTO beitrag (beitragsnummer, autor_profilnummer) VALUES (4446, 41);
INSERT INTO beitrag (beitragsnummer, autor_profilnummer) VALUES (1668, 41);
INSERT INTO beitrag (beitragsnummer, autor_profilnummer) VALUES (1882, 41);
INSERT INTO beitrag (beitragsnummer, autor_profilnummer) VALUES (3668, 41);
INSERT INTO beitrag (beitragsnummer, autor_profilnummer) VALUES (1183, 41);
INSERT INTO beitrag (beitragsnummer, autor_profilnummer) VALUES (2217, 41);
INSERT INTO beitrag (beitragsnummer, autor_profilnummer) VALUES (2890, 41);
INSERT INTO beitrag (beitragsnummer, autor_profilnummer) VALUES (1894, 41);
INSERT INTO beitrag (beitragsnummer, autor_profilnummer) VALUES (2049, 41);
INSERT INTO beitrag (beitragsnummer, autor_profilnummer) VALUES (3425, 41);
INSERT INTO beitrag (beitragsnummer, autor_profilnummer) VALUES (1796, 41);
INSERT INTO beitrag (beitragsnummer, autor_profilnummer) VALUES (4482, 41);
INSERT INTO beitrag (beitragsnummer, autor_profilnummer) VALUES (2554, 41);
INSERT INTO beitrag (beitragsnummer, autor_profilnummer) VALUES (1085, 41);
INSERT INTO beitrag (beitragsnummer, autor_profilnummer) VALUES (2777, 41);
INSERT INTO beitrag (beitragsnummer, autor_profilnummer) VALUES (3880, 41);
INSERT INTO beitrag (beitragsnummer, autor_profilnummer) VALUES (1647, 113);
INSERT INTO beitrag (beitragsnummer, autor_profilnummer) VALUES (4271, 113);
INSERT INTO beitrag (beitragsnummer, autor_profilnummer) VALUES (4360, 113);
INSERT INTO beitrag (beitragsnummer, autor_profilnummer) VALUES (1739, 113);
INSERT INTO beitrag (beitragsnummer, autor_profilnummer) VALUES (2245, 113);
INSERT INTO beitrag (beitragsnummer, autor_profilnummer) VALUES (1144, 113);
INSERT INTO beitrag (beitragsnummer, autor_profilnummer) VALUES (1045, 113);
INSERT INTO beitrag (beitragsnummer, autor_profilnummer) VALUES (1235, 70);
INSERT INTO gefaellt (profilnummer, beitragsnummer, zeit) VALUES (130, 2996, "2020-10-11 09:24:47");
INSERT INTO gefaellt (profilnummer, beitragsnummer, zeit) VALUES (130, 1607, "2020-10-08 13:10:38");
INSERT INTO gefaellt (profilnummer, beitragsnummer, zeit) VALUES (130, 1827, "2020-10-02 16:41:50");
INSERT INTO gefaellt (profilnummer, beitragsnummer, zeit) VALUES (130, 1288, "2020-10-04 10:07:09");
INSERT INTO gefaellt (profilnummer, beitragsnummer, zeit) VALUES (130, 4192, "2020-10-02 07:11:25");
INSERT INTO gefaellt (profilnummer, beitragsnummer, zeit) VALUES (130, 4201, "2020-10-04 23:34:47");
INSERT INTO gefaellt (profilnummer, beitragsnummer, zeit) VALUES (130, 3639, "2020-10-09 19:57:26");
INSERT INTO gefaellt (profilnummer, beitragsnummer, zeit) VALUES (130, 1874, "2020-10-07 22:38:23");
INSERT INTO gefaellt (profilnummer, beitragsnummer, zeit) VALUES (130, 4224, "2020-10-05 16:55:20");
INSERT INTO gefaellt (profilnummer, beitragsnummer, zeit) VALUES (130, 4827, "2020-10-12 13:00:31");
INSERT INTO gefaellt (profilnummer, beitragsnummer, zeit) VALUES (130, 1057, "2020-10-11 19:58:53");
INSERT INTO gefaellt (profilnummer, beitragsnummer, zeit) VALUES (130, 2692, "2020-10-02 16:42:17");
INSERT INTO gefaellt (profilnummer, beitragsnummer, zeit) VALUES (130, 3464, "2020-10-11 07:06:05");
INSERT INTO gefaellt (profilnummer, beitragsnummer, zeit) VALUES (130, 4080, "2020-10-12 17:23:24");
INSERT INTO gefaellt (profilnummer, beitragsnummer, zeit) VALUES (130, 1650, "2020-10-03 08:13:00");
INSERT INTO gefaellt (profilnummer, beitragsnummer, zeit) VALUES (130, 4724, "2020-10-07 23:01:49");
INSERT INTO gefaellt (profilnummer, beitragsnummer, zeit) VALUES (130, 3961, "2020-10-13 17:28:44");
INSERT INTO gefaellt (profilnummer, beitragsnummer, zeit) VALUES (130, 2100, "2020-10-09 18:13:58");
INSERT INTO gefaellt (profilnummer, beitragsnummer, zeit) VALUES (130, 1954, "2020-10-09 22:12:51");
INSERT INTO gefaellt (profilnummer, beitragsnummer, zeit) VALUES (130, 1877, "2020-10-04 16:25:36");
INSERT INTO gefaellt (profilnummer, beitragsnummer, zeit) VALUES (130, 2902, "2020-10-03 20:49:52");
INSERT INTO gefaellt (profilnummer, beitragsnummer, zeit) VALUES (130, 2713, "2020-10-01 14:44:18");
INSERT INTO gefaellt (profilnummer, beitragsnummer, zeit) VALUES (130, 1994, "2020-10-10 15:15:47");
INSERT INTO gefaellt (profilnummer, beitragsnummer, zeit) VALUES (130, 3959, "2020-10-03 18:46:43");
INSERT INTO gefaellt (profilnummer, beitragsnummer, zeit) VALUES (130, 1174, "2020-10-10 17:05:09");
INSERT INTO gefaellt (profilnummer, beitragsnummer, zeit) VALUES (130, 1076, "2020-10-07 11:19:46");
INSERT INTO gefaellt (profilnummer, beitragsnummer, zeit) VALUES (130, 4022, "2020-10-05 11:12:44");
INSERT INTO gefaellt (profilnummer, beitragsnummer, zeit) VALUES (130, 3860, "2020-10-09 10:54:14");
INSERT INTO gefaellt (profilnummer, beitragsnummer, zeit) VALUES (130, 4460, "2020-10-08 07:51:06");
INSERT INTO gefaellt (profilnummer, beitragsnummer, zeit) VALUES (130, 1584, "2020-10-11 17:37:00");
INSERT INTO gefaellt (profilnummer, beitragsnummer, zeit) VALUES (130, 2535, "2020-10-03 14:13:12");
INSERT INTO gefaellt (profilnummer, beitragsnummer, zeit) VALUES (130, 2480, "2020-10-12 07:04:58");
INSERT INTO gefaellt (profilnummer, beitragsnummer, zeit) VALUES (130, 3171, "2020-10-04 19:03:41");
INSERT INTO gefaellt (profilnummer, beitragsnummer, zeit) VALUES (130, 1338, "2020-10-01 22:16:47");
INSERT INTO gefaellt (profilnummer, beitragsnummer, zeit) VALUES (181, 2996, "2020-09-10 12:00:00");
INSERT INTO gefaellt (profilnummer, beitragsnummer, zeit) VALUES (181, 1607, "2020-09-11 12:00:00");
INSERT INTO gefaellt (profilnummer, beitragsnummer, zeit) VALUES (181, 1827, "2020-09-12 12:00:00");
INSERT INTO gefaellt (profilnummer, beitragsnummer, zeit) VALUES (181, 1288, "2020-09-13 12:00:00");
INSERT INTO gefaellt (profilnummer, beitragsnummer, zeit) VALUES (181, 4192, "2020-09-14 12:00:00");
INSERT INTO gefaellt (profilnummer, beitragsnummer, zeit) VALUES (181, 4201, "2020-09-15 12:00:00");
INSERT INTO gefaellt (profilnummer, beitragsnummer, zeit) VALUES (181, 3639, "2020-09-16 12:00:00");
INSERT INTO gefaellt (profilnummer, beitragsnummer, zeit) VALUES (181, 1874, "2020-09-17 12:00:00");
INSERT INTO gefaellt (profilnummer, beitragsnummer, zeit) VALUES (181, 4224, "2020-09-18 12:00:00");
INSERT INTO gefaellt (profilnummer, beitragsnummer, zeit) VALUES (181, 4827, "2020-09-19 12:00:00");
INSERT INTO gefaellt (profilnummer, beitragsnummer, zeit) VALUES (181, 1057, "2020-09-20 12:00:00");
INSERT INTO gefaellt (profilnummer, beitragsnummer, zeit) VALUES (181, 2692, "2020-09-21 12:00:00");
INSERT INTO gefaellt (profilnummer, beitragsnummer, zeit) VALUES (181, 3464, "2020-09-22 12:00:00");
INSERT INTO gefaellt (profilnummer, beitragsnummer, zeit) VALUES (181, 4080, "2020-09-23 12:00:00");
INSERT INTO gefaellt (profilnummer, beitragsnummer, zeit) VALUES (181, 1650, "2020-09-24 12:00:00");
INSERT INTO gefaellt (profilnummer, beitragsnummer, zeit) VALUES (181, 4724, "2020-09-25 12:00:00");
INSERT INTO gefaellt (profilnummer, beitragsnummer, zeit) VALUES (181, 3961, "2020-09-26 12:00:00");
INSERT INTO gefaellt (profilnummer, beitragsnummer, zeit) VALUES (181, 2100, "2020-09-27 12:00:00");
INSERT INTO gefaellt (profilnummer, beitragsnummer, zeit) VALUES (181, 1954, "2020-09-28 12:00:00");
INSERT INTO gefaellt (profilnummer, beitragsnummer, zeit) VALUES (181, 1877, "2020-09-29 12:00:00");
INSERT INTO gefaellt (profilnummer, beitragsnummer, zeit) VALUES (181, 2902, "2020-09-30 12:00:00");
INSERT INTO gefaellt (profilnummer, beitragsnummer, zeit) VALUES (181, 2713, "2020-10-01 12:00:00");
INSERT INTO gefaellt (profilnummer, beitragsnummer, zeit) VALUES (181, 1994, "2020-10-02 12:00:00");
INSERT INTO gefaellt (profilnummer, beitragsnummer, zeit) VALUES (181, 3959, "2020-10-03 12:00:00");
INSERT INTO gefaellt (profilnummer, beitragsnummer, zeit) VALUES (181, 1174, "2020-10-04 12:00:00");
INSERT INTO gefaellt (profilnummer, beitragsnummer, zeit) VALUES (181, 1076, "2020-10-05 12:00:00");
INSERT INTO gefaellt (profilnummer, beitragsnummer, zeit) VALUES (181, 4022, "2020-10-06 12:00:00");
INSERT INTO gefaellt (profilnummer, beitragsnummer, zeit) VALUES (181, 3860, "2020-10-07 12:00:00");
INSERT INTO gefaellt (profilnummer, beitragsnummer, zeit) VALUES (181, 4460, "2020-10-08 12:00:00");
INSERT INTO gefaellt (profilnummer, beitragsnummer, zeit) VALUES (181, 1584, "2020-10-09 12:00:00");
INSERT INTO gefaellt (profilnummer, beitragsnummer, zeit) VALUES (181, 2535, "2020-10-10 12:00:00");
INSERT INTO gefaellt (profilnummer, beitragsnummer, zeit) VALUES (181, 2480, "2020-10-11 12:00:00");
INSERT INTO gefaellt (profilnummer, beitragsnummer, zeit) VALUES (181, 3171, "2020-10-12 12:00:00");
INSERT INTO gefaellt (profilnummer, beitragsnummer, zeit) VALUES (181, 1338, "2020-10-13 12:00:00");
INSERT INTO gefaellt (profilnummer, beitragsnummer, zeit) VALUES (19, 1110, "2020-10-05 12:51:22");
INSERT INTO gefaellt (profilnummer, beitragsnummer, zeit) VALUES (19, 1149, "2020-10-08 15:51:57");
INSERT INTO gefaellt (profilnummer, beitragsnummer, zeit) VALUES (19, 4765, "2020-10-08 18:55:24");
INSERT INTO gefaellt (profilnummer, beitragsnummer, zeit) VALUES (19, 4324, "2020-10-02 13:40:08");
INSERT INTO gefaellt (profilnummer, beitragsnummer, zeit) VALUES (19, 3216, "2020-10-03 16:42:51");
INSERT INTO gefaellt (profilnummer, beitragsnummer, zeit) VALUES (19, 4049, "2020-10-02 16:32:46");
INSERT INTO gefaellt (profilnummer, beitragsnummer, zeit) VALUES (19, 3874, "2020-10-02 09:15:17");
INSERT INTO gefaellt (profilnummer, beitragsnummer, zeit) VALUES (19, 4410, "2020-10-13 15:31:07");
INSERT INTO gefaellt (profilnummer, beitragsnummer, zeit) VALUES (19, 2548, "2020-10-02 13:43:10");
INSERT INTO gefaellt (profilnummer, beitragsnummer, zeit) VALUES (19, 3871, "2020-10-04 11:44:04");
INSERT INTO gefaellt (profilnummer, beitragsnummer, zeit) VALUES (19, 2511, "2020-10-05 16:51:37");
INSERT INTO gefaellt (profilnummer, beitragsnummer, zeit) VALUES (19, 3847, "2020-10-03 09:30:23");
INSERT INTO gefaellt (profilnummer, beitragsnummer, zeit) VALUES (19, 1738, "2020-10-11 09:42:45");
INSERT INTO gefaellt (profilnummer, beitragsnummer, zeit) VALUES (19, 3669, "2020-10-04 11:18:36");
INSERT INTO gefaellt (profilnummer, beitragsnummer, zeit) VALUES (19, 1195, "2020-10-02 10:45:01");
INSERT INTO gefaellt (profilnummer, beitragsnummer, zeit) VALUES (19, 4858, "2020-10-01 11:33:09");
INSERT INTO gefaellt (profilnummer, beitragsnummer, zeit) VALUES (19, 2996, "2020-10-09 15:15:42");
INSERT INTO gefaellt (profilnummer, beitragsnummer, zeit) VALUES (19, 1607, "2020-10-02 10:49:33");
INSERT INTO gefaellt (profilnummer, beitragsnummer, zeit) VALUES (19, 1827, "2020-10-07 10:14:30");
INSERT INTO gefaellt (profilnummer, beitragsnummer, zeit) VALUES (19, 1288, "2020-10-11 12:24:22");
INSERT INTO gefaellt (profilnummer, beitragsnummer, zeit) VALUES (19, 4192, "2020-10-13 14:55:14");
INSERT INTO gefaellt (profilnummer, beitragsnummer, zeit) VALUES (19, 4201, "2020-10-07 09:57:42");
INSERT INTO gefaellt (profilnummer, beitragsnummer, zeit) VALUES (19, 3639, "2020-10-09 09:42:21");
INSERT INTO gefaellt (profilnummer, beitragsnummer, zeit) VALUES (19, 1874, "2020-10-05 15:08:25");
INSERT INTO gefaellt (profilnummer, beitragsnummer, zeit) VALUES (19, 4224, "2020-10-13 17:10:19");
INSERT INTO gefaellt (profilnummer, beitragsnummer, zeit) VALUES (19, 4827, "2020-10-02 15:44:21");
INSERT INTO gefaellt (profilnummer, beitragsnummer, zeit) VALUES (19, 1057, "2020-10-07 10:22:42");
INSERT INTO gefaellt (profilnummer, beitragsnummer, zeit) VALUES (19, 2692, "2020-10-02 15:29:25");
INSERT INTO gefaellt (profilnummer, beitragsnummer, zeit) VALUES (19, 3464, "2020-10-12 12:25:59");
INSERT INTO gefaellt (profilnummer, beitragsnummer, zeit) VALUES (19, 4080, "2020-10-04 10:46:00");
INSERT INTO gefaellt (profilnummer, beitragsnummer, zeit) VALUES (19, 1650, "2020-10-11 12:27:26");
INSERT INTO gefaellt (profilnummer, beitragsnummer, zeit) VALUES (19, 4724, "2020-10-11 18:59:50");
INSERT INTO gefaellt (profilnummer, beitragsnummer, zeit) VALUES (19, 3961, "2020-10-02 14:57:29");
INSERT INTO gefaellt (profilnummer, beitragsnummer, zeit) VALUES (19, 2100, "2020-10-07 17:10:08");
INSERT INTO gefaellt (profilnummer, beitragsnummer, zeit) VALUES (19, 1954, "2020-10-05 10:13:09");
INSERT INTO gefaellt (profilnummer, beitragsnummer, zeit) VALUES (19, 1877, "2020-10-01 14:56:31");
INSERT INTO gefaellt (profilnummer, beitragsnummer, zeit) VALUES (19, 2902, "2020-10-01 14:12:03");
INSERT INTO gefaellt (profilnummer, beitragsnummer, zeit) VALUES (19, 2713, "2020-10-12 09:00:51");
INSERT INTO gefaellt (profilnummer, beitragsnummer, zeit) VALUES (19, 1994, "2020-10-06 14:32:10");
INSERT INTO gefaellt (profilnummer, beitragsnummer, zeit) VALUES (19, 3959, "2020-10-13 11:46:29");
INSERT INTO gefaellt (profilnummer, beitragsnummer, zeit) VALUES (19, 1174, "2020-10-07 16:08:25");
INSERT INTO gefaellt (profilnummer, beitragsnummer, zeit) VALUES (19, 1076, "2020-10-11 11:24:58");
INSERT INTO gefaellt (profilnummer, beitragsnummer, zeit) VALUES (19, 4022, "2020-10-04 10:47:18");
INSERT INTO gefaellt (profilnummer, beitragsnummer, zeit) VALUES (19, 3860, "2020-10-14 13:36:07");
INSERT INTO gefaellt (profilnummer, beitragsnummer, zeit) VALUES (19, 4460, "2020-10-08 12:35:46");
INSERT INTO gefaellt (profilnummer, beitragsnummer, zeit) VALUES (19, 1584, "2020-10-01 17:32:02");
INSERT INTO gefaellt (profilnummer, beitragsnummer, zeit) VALUES (19, 2535, "2020-10-13 17:07:23");
INSERT INTO gefaellt (profilnummer, beitragsnummer, zeit) VALUES (19, 2480, "2020-10-10 11:40:58");
INSERT INTO gefaellt (profilnummer, beitragsnummer, zeit) VALUES (19, 3171, "2020-10-07 12:21:14");
INSERT INTO gefaellt (profilnummer, beitragsnummer, zeit) VALUES (19, 1338, "2020-10-03 15:10:38");
INSERT INTO gefaellt (profilnummer, beitragsnummer, zeit) VALUES (19, 4814, "2020-10-10 09:26:48");
INSERT INTO gefaellt (profilnummer, beitragsnummer, zeit) VALUES (19, 3548, "2020-10-11 13:51:27");
INSERT INTO gefaellt (profilnummer, beitragsnummer, zeit) VALUES (19, 2873, "2020-10-05 18:01:38");
INSERT INTO gefaellt (profilnummer, beitragsnummer, zeit) VALUES (19, 3455, "2020-10-08 13:54:02");
INSERT INTO gefaellt (profilnummer, beitragsnummer, zeit) VALUES (19, 2479, "2020-10-05 18:01:55");
INSERT INTO gefaellt (profilnummer, beitragsnummer, zeit) VALUES (19, 2384, "2020-10-05 13:01:08");
INSERT INTO gefaellt (profilnummer, beitragsnummer, zeit) VALUES (19, 3568, "2020-10-05 09:30:36");
INSERT INTO gefaellt (profilnummer, beitragsnummer, zeit) VALUES (19, 2403, "2020-10-06 18:57:34");
INSERT INTO gefaellt (profilnummer, beitragsnummer, zeit) VALUES (19, 1139, "2020-10-01 16:58:59");
INSERT INTO gefaellt (profilnummer, beitragsnummer, zeit) VALUES (19, 4488, "2020-10-09 16:16:34");
INSERT INTO gefaellt (profilnummer, beitragsnummer, zeit) VALUES (19, 2691, "2020-10-06 18:50:30");
INSERT INTO gefaellt (profilnummer, beitragsnummer, zeit) VALUES (19, 4946, "2020-10-12 18:49:52");
INSERT INTO gefaellt (profilnummer, beitragsnummer, zeit) VALUES (19, 2454, "2020-10-13 12:32:09");
INSERT INTO gefaellt (profilnummer, beitragsnummer, zeit) VALUES (19, 3100, "2020-10-07 15:29:09");
INSERT INTO gefaellt (profilnummer, beitragsnummer, zeit) VALUES (19, 4163, "2020-10-08 15:38:08");
INSERT INTO gefaellt (profilnummer, beitragsnummer, zeit) VALUES (19, 2415, "2020-10-05 12:13:39");
INSERT INTO gefaellt (profilnummer, beitragsnummer, zeit) VALUES (19, 4204, "2020-10-08 12:37:07");
INSERT INTO gefaellt (profilnummer, beitragsnummer, zeit) VALUES (19, 2986, "2020-10-02 17:47:19");
INSERT INTO gefaellt (profilnummer, beitragsnummer, zeit) VALUES (19, 1367, "2020-10-08 11:13:36");
INSERT INTO gefaellt (profilnummer, beitragsnummer, zeit) VALUES (19, 3110, "2020-10-11 10:46:47");
INSERT INTO gefaellt (profilnummer, beitragsnummer, zeit) VALUES (19, 2942, "2020-10-07 18:04:46");
INSERT INTO gefaellt (profilnummer, beitragsnummer, zeit) VALUES (19, 1683, "2020-10-01 13:40:13");
INSERT INTO gefaellt (profilnummer, beitragsnummer, zeit) VALUES (19, 1204, "2020-10-01 10:37:17");
INSERT INTO gefaellt (profilnummer, beitragsnummer, zeit) VALUES (19, 2804, "2020-10-06 11:20:37");
INSERT INTO gefaellt (profilnummer, beitragsnummer, zeit) VALUES (19, 3941, "2020-10-06 15:56:04");
INSERT INTO gefaellt (profilnummer, beitragsnummer, zeit) VALUES (19, 2821, "2020-10-02 14:50:52");
INSERT INTO gefaellt (profilnummer, beitragsnummer, zeit) VALUES (19, 2483, "2020-10-04 18:13:47");
INSERT INTO gefaellt (profilnummer, beitragsnummer, zeit) VALUES (19, 4184, "2020-10-05 13:47:50");
INSERT INTO gefaellt (profilnummer, beitragsnummer, zeit) VALUES (19, 1022, "2020-10-04 18:27:22");
INSERT INTO gefaellt (profilnummer, beitragsnummer, zeit) VALUES (19, 2088, "2020-10-08 16:48:29");
INSERT INTO gefaellt (profilnummer, beitragsnummer, zeit) VALUES (19, 1746, "2020-10-02 18:49:14");
INSERT INTO gefaellt (profilnummer, beitragsnummer, zeit) VALUES (19, 4210, "2020-10-02 18:05:11");
INSERT INTO gefaellt (profilnummer, beitragsnummer, zeit) VALUES (19, 2910, "2020-10-08 14:04:05");
INSERT INTO gefaellt (profilnummer, beitragsnummer, zeit) VALUES (19, 4478, "2020-10-04 17:46:15");
INSERT INTO gefaellt (profilnummer, beitragsnummer, zeit) VALUES (19, 2741, "2020-10-08 11:07:40");
INSERT INTO gefaellt (profilnummer, beitragsnummer, zeit) VALUES (19, 2854, "2020-10-08 18:07:40");
INSERT INTO gefaellt (profilnummer, beitragsnummer, zeit) VALUES (19, 2445, "2020-10-01 10:07:08");
INSERT INTO gefaellt (profilnummer, beitragsnummer, zeit) VALUES (19, 1120, "2020-10-01 14:31:36");
INSERT INTO gefaellt (profilnummer, beitragsnummer, zeit) VALUES (19, 1243, "2020-10-10 10:21:30");
INSERT INTO gefaellt (profilnummer, beitragsnummer, zeit) VALUES (19, 4446, "2020-10-09 16:45:24");
INSERT INTO gefaellt (profilnummer, beitragsnummer, zeit) VALUES (19, 1668, "2020-10-07 16:41:50");
INSERT INTO gefaellt (profilnummer, beitragsnummer, zeit) VALUES (19, 1882, "2020-10-04 16:00:27");
INSERT INTO gefaellt (profilnummer, beitragsnummer, zeit) VALUES (19, 3668, "2020-10-02 18:48:37");
INSERT INTO gefaellt (profilnummer, beitragsnummer, zeit) VALUES (19, 1183, "2020-10-06 17:24:37");
INSERT INTO gefaellt (profilnummer, beitragsnummer, zeit) VALUES (19, 2217, "2020-10-05 13:31:31");
INSERT INTO gefaellt (profilnummer, beitragsnummer, zeit) VALUES (19, 2890, "2020-10-02 11:14:09");
INSERT INTO gefaellt (profilnummer, beitragsnummer, zeit) VALUES (19, 1894, "2020-10-05 12:13:31");
INSERT INTO gefaellt (profilnummer, beitragsnummer, zeit) VALUES (19, 2049, "2020-10-08 09:01:11");
INSERT INTO gefaellt (profilnummer, beitragsnummer, zeit) VALUES (19, 3425, "2020-10-02 18:21:36");
INSERT INTO gefaellt (profilnummer, beitragsnummer, zeit) VALUES (19, 1796, "2020-10-03 18:03:06");
INSERT INTO gefaellt (profilnummer, beitragsnummer, zeit) VALUES (19, 4482, "2020-10-09 17:21:20");
INSERT INTO gefaellt (profilnummer, beitragsnummer, zeit) VALUES (19, 2554, "2020-10-12 16:39:10");
INSERT INTO gefaellt (profilnummer, beitragsnummer, zeit) VALUES (19, 1085, "2020-10-01 18:47:00");
INSERT INTO gefaellt (profilnummer, beitragsnummer, zeit) VALUES (19, 2777, "2020-10-05 16:55:24");
INSERT INTO gefaellt (profilnummer, beitragsnummer, zeit) VALUES (19, 3880, "2020-10-04 14:18:06");
INSERT INTO gefaellt (profilnummer, beitragsnummer, zeit) VALUES (19, 1647, "2020-10-05 17:49:11");
INSERT INTO gefaellt (profilnummer, beitragsnummer, zeit) VALUES (19, 4271, "2020-10-12 11:52:14");
INSERT INTO gefaellt (profilnummer, beitragsnummer, zeit) VALUES (19, 4360, "2020-10-13 16:09:09");
INSERT INTO gefaellt (profilnummer, beitragsnummer, zeit) VALUES (19, 1739, "2020-10-12 17:36:00");
INSERT INTO gefaellt (profilnummer, beitragsnummer, zeit) VALUES (19, 2245, "2020-10-07 10:40:05");
INSERT INTO gefaellt (profilnummer, beitragsnummer, zeit) VALUES (19, 1144, "2020-10-01 14:13:03");
INSERT INTO gefaellt (profilnummer, beitragsnummer, zeit) VALUES (19, 1045, "2020-10-05 12:42:06");
INSERT INTO gefaellt (profilnummer, beitragsnummer, zeit) VALUES (19, 1235, "2020-10-08 16:19:23");
INSERT INTO gefaellt (profilnummer, beitragsnummer, zeit) VALUES (14, 4814, "2020-10-03 16:04:03");
INSERT INTO gefaellt (profilnummer, beitragsnummer, zeit) VALUES (14, 3548, "2020-10-01 10:53:58");
INSERT INTO gefaellt (profilnummer, beitragsnummer, zeit) VALUES (14, 2873, "2020-10-03 11:33:47");
INSERT INTO gefaellt (profilnummer, beitragsnummer, zeit) VALUES (14, 3455, "2020-10-12 10:02:00");
INSERT INTO gefaellt (profilnummer, beitragsnummer, zeit) VALUES (14, 2479, "2020-10-03 15:39:28");
INSERT INTO gefaellt (profilnummer, beitragsnummer, zeit) VALUES (14, 2384, "2020-10-02 09:31:18");
INSERT INTO gefaellt (profilnummer, beitragsnummer, zeit) VALUES (14, 3568, "2020-10-14 13:01:48");
INSERT INTO gefaellt (profilnummer, beitragsnummer, zeit) VALUES (14, 2403, "2020-10-08 18:50:47");
INSERT INTO gefaellt (profilnummer, beitragsnummer, zeit) VALUES (14, 1139, "2020-10-13 14:09:39");
INSERT INTO gefaellt (profilnummer, beitragsnummer, zeit) VALUES (14, 4488, "2020-10-09 13:08:31");
INSERT INTO gefaellt (profilnummer, beitragsnummer, zeit) VALUES (14, 2691, "2020-10-01 15:38:34");
INSERT INTO gefaellt (profilnummer, beitragsnummer, zeit) VALUES (14, 4946, "2020-10-07 14:56:45");
INSERT INTO gefaellt (profilnummer, beitragsnummer, zeit) VALUES (14, 2454, "2020-10-12 16:24:48");
INSERT INTO gefaellt (profilnummer, beitragsnummer, zeit) VALUES (14, 3100, "2020-10-10 16:35:11");
INSERT INTO gefaellt (profilnummer, beitragsnummer, zeit) VALUES (151, 3961, "2020-10-14 12:18:05");
INSERT INTO gefaellt (profilnummer, beitragsnummer, zeit) VALUES (151, 4163, "2020-10-07 12:55:09");
INSERT INTO gefaellt (profilnummer, beitragsnummer, zeit) VALUES (151, 3568, "2020-10-07 12:17:42");
INSERT INTO gefaellt (profilnummer, beitragsnummer, zeit) VALUES (151, 3959, "2020-10-08 12:16:18");
INSERT INTO gefaellt (profilnummer, beitragsnummer, zeit) VALUES (151, 2777, "2020-10-09 12:38:23");
INSERT INTO gefaellt (profilnummer, beitragsnummer, zeit) VALUES (151, 1243, "2020-10-01 12:23:17");
INSERT INTO gefaellt (profilnummer, beitragsnummer, zeit) VALUES (151, 4360, "2020-10-08 12:05:01");
INSERT INTO gefaellt (profilnummer, beitragsnummer, zeit) VALUES (151, 4049, "2020-10-03 12:25:22");
INSERT INTO gefaellt (profilnummer, beitragsnummer, zeit) VALUES (151, 1045, "2020-10-13 12:20:38");
INSERT INTO gefaellt (profilnummer, beitragsnummer, zeit) VALUES (151, 1874, "2020-10-01 12:30:04");
INSERT INTO gefaellt (profilnummer, beitragsnummer, zeit) VALUES (151, 1584, "2020-10-07 12:38:30");
INSERT INTO gefaellt (profilnummer, beitragsnummer, zeit) VALUES (151, 4410, "2020-10-03 12:33:48");
INSERT INTO gefaellt (profilnummer, beitragsnummer, zeit) VALUES (151, 4478, "2020-10-06 12:47:53");
INSERT INTO gefaellt (profilnummer, beitragsnummer, zeit) VALUES (151, 1683, "2020-10-12 12:57:47");
INSERT INTO gefaellt (profilnummer, beitragsnummer, zeit) VALUES (151, 4482, "2020-10-06 12:40:44");
INSERT INTO gefaellt (profilnummer, beitragsnummer, zeit) VALUES (151, 3669, "2020-10-12 12:42:29");
INSERT INTO gefaellt (profilnummer, beitragsnummer, zeit) VALUES (151, 3548, "2020-10-10 12:05:11");
INSERT INTO gefaellt (profilnummer, beitragsnummer, zeit) VALUES (151, 2548, "2020-10-07 12:32:16");
INSERT INTO gefaellt (profilnummer, beitragsnummer, zeit) VALUES (151, 1607, "2020-10-05 12:38:33");
INSERT INTO gefaellt (profilnummer, beitragsnummer, zeit) VALUES (151, 3847, "2020-10-08 12:15:21");
INSERT INTO gefaellt (profilnummer, beitragsnummer, zeit) VALUES (151, 1057, "2020-10-10 12:49:08");
INSERT INTO gefaellt (profilnummer, beitragsnummer, zeit) VALUES (151, 3464, "2020-10-05 12:00:14");
INSERT INTO gefaellt (profilnummer, beitragsnummer, zeit) VALUES (151, 2454, "2020-10-05 12:49:43");
INSERT INTO gefaellt (profilnummer, beitragsnummer, zeit) VALUES (151, 4827, "2020-10-05 12:54:56");
INSERT INTO gefaellt (profilnummer, beitragsnummer, zeit) VALUES (151, 4201, "2020-10-04 12:37:24");
INSERT INTO gefaellt (profilnummer, beitragsnummer, zeit) VALUES (151, 4324, "2020-10-02 12:11:26");
INSERT INTO gefaellt (profilnummer, beitragsnummer, zeit) VALUES (151, 1120, "2020-10-09 12:00:27");
INSERT INTO gefaellt (profilnummer, beitragsnummer, zeit) VALUES (151, 2713, "2020-10-03 12:47:04");
INSERT INTO gefaellt (profilnummer, beitragsnummer, zeit) VALUES (151, 2804, "2020-10-14 12:18:18");
INSERT INTO gefaellt (profilnummer, beitragsnummer, zeit) VALUES (151, 1827, "2020-10-03 12:00:19");
INSERT INTO gefaellt (profilnummer, beitragsnummer, zeit) VALUES (151, 1022, "2020-10-04 12:08:27");
INSERT INTO gefaellt (profilnummer, beitragsnummer, zeit) VALUES (151, 2554, "2020-10-12 12:49:25");
INSERT INTO gefaellt (profilnummer, beitragsnummer, zeit) VALUES (151, 1195, "2020-10-05 12:22:25");
INSERT INTO gefaellt (profilnummer, beitragsnummer, zeit) VALUES (151, 3880, "2020-10-08 12:10:17");
INSERT INTO gefaellt (profilnummer, beitragsnummer, zeit) VALUES (151, 1894, "2020-10-11 12:33:04");
INSERT INTO gefaellt (profilnummer, beitragsnummer, zeit) VALUES (151, 2692, "2020-10-03 12:12:13");
INSERT INTO gefaellt (profilnummer, beitragsnummer, zeit) VALUES (151, 1650, "2020-10-12 12:23:43");
INSERT INTO gefaellt (profilnummer, beitragsnummer, zeit) VALUES (151, 2415, "2020-10-10 12:43:31");
INSERT INTO gefaellt (profilnummer, beitragsnummer, zeit) VALUES (151, 2049, "2020-10-08 12:56:12");
INSERT INTO gefaellt (profilnummer, beitragsnummer, zeit) VALUES (151, 1739, "2020-10-03 12:05:02");
INSERT INTO gefaellt (profilnummer, beitragsnummer, zeit) VALUES (151, 4271, "2020-10-05 12:54:29");
INSERT INTO gefaellt (profilnummer, beitragsnummer, zeit) VALUES (151, 1367, "2020-10-07 12:42:19");
INSERT INTO gefaellt (profilnummer, beitragsnummer, zeit) VALUES (151, 3941, "2020-10-07 12:29:29");
INSERT INTO gefaellt (profilnummer, beitragsnummer, zeit) VALUES (151, 1144, "2020-10-01 12:43:02");
INSERT INTO gefaellt (profilnummer, beitragsnummer, zeit) VALUES (151, 1994, "2020-10-02 12:07:04");
INSERT INTO gefaellt (profilnummer, beitragsnummer, zeit) VALUES (151, 2902, "2020-10-08 12:22:41");
INSERT INTO gefaellt (profilnummer, beitragsnummer, zeit) VALUES (151, 1149, "2020-10-06 12:20:51");
INSERT INTO gefaellt (profilnummer, beitragsnummer, zeit) VALUES (151, 1882, "2020-10-08 12:42:10");
INSERT INTO gefaellt (profilnummer, beitragsnummer, zeit) VALUES (151, 2480, "2020-10-14 12:34:23");
INSERT INTO gefaellt (profilnummer, beitragsnummer, zeit) VALUES (151, 4858, "2020-10-13 12:57:59");
INSERT INTO gefaellt (profilnummer, beitragsnummer, zeit) VALUES (151, 4765, "2020-10-12 12:18:15");
INSERT INTO gefaellt (profilnummer, beitragsnummer, zeit) VALUES (151, 1746, "2020-10-01 12:54:57");
INSERT INTO gefaellt (profilnummer, beitragsnummer, zeit) VALUES (151, 2384, "2020-10-09 12:50:44");
INSERT INTO gefaellt (profilnummer, beitragsnummer, zeit) VALUES (151, 3455, "2020-10-05 12:52:38");
INSERT INTO gefaellt (profilnummer, beitragsnummer, zeit) VALUES (151, 4446, "2020-10-04 12:55:03");
INSERT INTO gefaellt (profilnummer, beitragsnummer, zeit) VALUES (151, 2479, "2020-10-02 12:07:55");
INSERT INTO gefaellt (profilnummer, beitragsnummer, zeit) VALUES (151, 1668, "2020-10-07 12:22:31");
INSERT INTO gefaellt (profilnummer, beitragsnummer, zeit) VALUES (151, 1110, "2020-10-07 12:07:01");
INSERT INTO gefaellt (profilnummer, beitragsnummer, zeit) VALUES (151, 2854, "2020-10-08 12:07:19");
INSERT INTO gefaellt (profilnummer, beitragsnummer, zeit) VALUES (151, 1085, "2020-10-09 12:08:18");
INSERT INTO gefaellt (profilnummer, beitragsnummer, zeit) VALUES (151, 2088, "2020-10-04 12:09:42");
INSERT INTO gefaellt (profilnummer, beitragsnummer, zeit) VALUES (151, 1338, "2020-10-03 12:54:02");
INSERT INTO gefaellt (profilnummer, beitragsnummer, zeit) VALUES (151, 4210, "2020-10-09 12:35:11");
INSERT INTO gefaellt (profilnummer, beitragsnummer, zeit) VALUES (151, 4814, "2020-10-03 12:26:44");
INSERT INTO gefaellt (profilnummer, beitragsnummer, zeit) VALUES (151, 1076, "2020-10-11 12:17:36");
INSERT INTO gefaellt (profilnummer, beitragsnummer, zeit) VALUES (151, 2873, "2020-10-09 12:01:48");
INSERT INTO gefaellt (profilnummer, beitragsnummer, zeit) VALUES (151, 1235, "2020-10-04 12:50:37");
INSERT INTO gefaellt (profilnummer, beitragsnummer, zeit) VALUES (151, 2535, "2020-10-08 12:15:24");
INSERT INTO gefaellt (profilnummer, beitragsnummer, zeit) VALUES (151, 2890, "2020-10-05 12:14:56");
INSERT INTO gefaellt (profilnummer, beitragsnummer, zeit) VALUES (151, 2986, "2020-10-14 12:52:04");
INSERT INTO gefaellt (profilnummer, beitragsnummer, zeit) VALUES (151, 2996, "2020-10-07 12:37:39");
INSERT INTO gefaellt (profilnummer, beitragsnummer, zeit) VALUES (151, 3668, "2020-10-08 12:04:38");
INSERT INTO gefaellt (profilnummer, beitragsnummer, zeit) VALUES (151, 3639, "2020-10-12 12:17:36");
INSERT INTO gefaellt (profilnummer, beitragsnummer, zeit) VALUES (151, 4204, "2020-10-12 12:08:30");
INSERT INTO gefaellt (profilnummer, beitragsnummer, zeit) VALUES (151, 4184, "2020-10-03 12:48:14");
INSERT INTO gefaellt (profilnummer, beitragsnummer, zeit) VALUES (151, 1738, "2020-10-01 12:04:47");
INSERT INTO gefaellt (profilnummer, beitragsnummer, zeit) VALUES (151, 3871, "2020-10-01 12:48:25");
INSERT INTO gefaellt (profilnummer, beitragsnummer, zeit) VALUES (151, 3425, "2020-10-02 12:00:42");
INSERT INTO gefaellt (profilnummer, beitragsnummer, zeit) VALUES (151, 4946, "2020-10-10 12:25:25");
INSERT INTO gefaellt (profilnummer, beitragsnummer, zeit) VALUES (151, 3216, "2020-10-12 12:14:40");
INSERT INTO gefaellt (profilnummer, beitragsnummer, zeit) VALUES (76, 3959, "2020-10-04 08:04:55");
INSERT INTO gefaellt (profilnummer, beitragsnummer, zeit) VALUES (76, 4446, "2020-10-06 08:25:35");
INSERT INTO gefaellt (profilnummer, beitragsnummer, zeit) VALUES (76, 4814, "2020-10-07 18:54:46");
INSERT INTO gefaellt (profilnummer, beitragsnummer, zeit) VALUES (76, 2049, "2020-10-03 17:32:35");
INSERT INTO gefaellt (profilnummer, beitragsnummer, zeit) VALUES (76, 2454, "2020-10-05 18:09:18");
INSERT INTO gefaellt (profilnummer, beitragsnummer, zeit) VALUES (76, 4724, "2020-10-07 18:09:10");
INSERT INTO gefaellt (profilnummer, beitragsnummer, zeit) VALUES (76, 4324, "2020-10-14 08:22:27");
INSERT INTO gefaellt (profilnummer, beitragsnummer, zeit) VALUES (76, 1120, "2020-10-04 07:40:49");
INSERT INTO gefaellt (profilnummer, beitragsnummer, zeit) VALUES (76, 2890, "2020-10-03 18:25:39");
INSERT INTO gefaellt (profilnummer, beitragsnummer, zeit) VALUES (76, 2554, "2020-10-05 07:24:07");
INSERT INTO gefaellt (profilnummer, beitragsnummer, zeit) VALUES (76, 3669, "2020-10-09 07:34:24");
INSERT INTO gefaellt (profilnummer, beitragsnummer, zeit) VALUES (76, 1045, "2020-10-10 07:25:05");
INSERT INTO gefaellt (profilnummer, beitragsnummer, zeit) VALUES (76, 4192, "2020-10-02 17:27:45");
INSERT INTO gefaellt (profilnummer, beitragsnummer, zeit) VALUES (76, 4827, "2020-10-07 07:06:21");
INSERT INTO gefaellt (profilnummer, beitragsnummer, zeit) VALUES (76, 3464, "2020-10-11 17:14:15");
INSERT INTO gefaellt (profilnummer, beitragsnummer, zeit) VALUES (76, 4049, "2020-10-03 18:23:01");
INSERT INTO gefaellt (profilnummer, beitragsnummer, zeit) VALUES (76, 1367, "2020-10-11 17:32:42");
INSERT INTO gefaellt (profilnummer, beitragsnummer, zeit) VALUES (76, 4210, "2020-10-14 08:46:40");
INSERT INTO gefaellt (profilnummer, beitragsnummer, zeit) VALUES (76, 1746, "2020-10-08 07:04:59");
INSERT INTO gefaellt (profilnummer, beitragsnummer, zeit) VALUES (76, 2548, "2020-10-13 07:33:04");
INSERT INTO gefaellt (profilnummer, beitragsnummer, zeit) VALUES (76, 1877, "2020-10-07 07:36:13");
INSERT INTO gefaellt (profilnummer, beitragsnummer, zeit) VALUES (76, 2741, "2020-10-06 07:38:56");
INSERT INTO gefaellt (profilnummer, beitragsnummer, zeit) VALUES (76, 4482, "2020-10-09 18:23:06");
INSERT INTO gefaellt (profilnummer, beitragsnummer, zeit) VALUES (76, 2821, "2020-10-05 07:54:27");
INSERT INTO gefaellt (profilnummer, beitragsnummer, zeit) VALUES (76, 1235, "2020-10-01 18:14:13");
INSERT INTO gefaellt (profilnummer, beitragsnummer, zeit) VALUES (76, 3568, "2020-10-12 08:17:23");
INSERT INTO gefaellt (profilnummer, beitragsnummer, zeit) VALUES (76, 1195, "2020-10-05 17:05:29");
INSERT INTO gefaellt (profilnummer, beitragsnummer, zeit) VALUES (76, 3171, "2020-10-10 18:02:19");
INSERT INTO gefaellt (profilnummer, beitragsnummer, zeit) VALUES (76, 1110, "2020-10-01 18:26:37");
INSERT INTO gefaellt (profilnummer, beitragsnummer, zeit) VALUES (76, 1338, "2020-10-06 07:40:46");
INSERT INTO gefaellt (profilnummer, beitragsnummer, zeit) VALUES (76, 1796, "2020-10-09 17:51:08");
INSERT INTO gefaellt (profilnummer, beitragsnummer, zeit) VALUES (76, 3961, "2020-10-03 17:08:59");
INSERT INTO gefaellt (profilnummer, beitragsnummer, zeit) VALUES (76, 2691, "2020-10-09 18:07:41");
INSERT INTO gefaellt (profilnummer, beitragsnummer, zeit) VALUES (76, 4204, "2020-10-05 08:02:16");
INSERT INTO gefaellt (profilnummer, beitragsnummer, zeit) VALUES (76, 2996, "2020-10-03 08:45:26");
INSERT INTO gefaellt (profilnummer, beitragsnummer, zeit) VALUES (76, 1085, "2020-10-02 18:36:27");
INSERT INTO gefaellt (profilnummer, beitragsnummer, zeit) VALUES (76, 1668, "2020-10-08 08:44:46");
INSERT INTO gefaellt (profilnummer, beitragsnummer, zeit) VALUES (76, 2483, "2020-10-12 07:37:05");
INSERT INTO gefaellt (profilnummer, beitragsnummer, zeit) VALUES (76, 2854, "2020-10-09 18:07:13");
INSERT INTO gefaellt (profilnummer, beitragsnummer, zeit) VALUES (76, 1874, "2020-10-11 07:25:52");
INSERT INTO gefaellt (profilnummer, beitragsnummer, zeit) VALUES (76, 1183, "2020-10-07 18:24:03");
INSERT INTO gefaellt (profilnummer, beitragsnummer, zeit) VALUES (76, 3110, "2020-10-05 17:43:02");
INSERT INTO gefaellt (profilnummer, beitragsnummer, zeit) VALUES (76, 4410, "2020-10-09 08:48:31");
INSERT INTO gefaellt (profilnummer, beitragsnummer, zeit) VALUES (76, 2245, "2020-10-04 08:47:49");
INSERT INTO gefaellt (profilnummer, beitragsnummer, zeit) VALUES (76, 4478, "2020-10-09 08:23:38");
INSERT INTO gefaellt (profilnummer, beitragsnummer, zeit) VALUES (76, 4858, "2020-10-04 18:21:14");
INSERT INTO gefaellt (profilnummer, beitragsnummer, zeit) VALUES (76, 1650, "2020-10-05 07:43:30");
INSERT INTO gefaellt (profilnummer, beitragsnummer, zeit) VALUES (76, 3425, "2020-10-04 17:14:50");
INSERT INTO gefaellt (profilnummer, beitragsnummer, zeit) VALUES (76, 2384, "2020-10-09 18:34:24");
INSERT INTO gefaellt (profilnummer, beitragsnummer, zeit) VALUES (76, 2873, "2020-10-13 07:28:50");
INSERT INTO gefaellt (profilnummer, beitragsnummer, zeit) VALUES (76, 2535, "2020-10-06 17:21:57");
INSERT INTO gefaellt (profilnummer, beitragsnummer, zeit) VALUES (76, 4488, "2020-10-06 08:08:26");
INSERT INTO gefaellt (profilnummer, beitragsnummer, zeit) VALUES (76, 3847, "2020-10-10 18:12:42");
INSERT INTO gefaellt (profilnummer, beitragsnummer, zeit) VALUES (76, 1584, "2020-10-01 18:47:33");
INSERT INTO gefaellt (profilnummer, beitragsnummer, zeit) VALUES (76, 2902, "2020-10-03 08:22:37");
INSERT INTO gefaellt (profilnummer, beitragsnummer, zeit) VALUES (76, 1738, "2020-10-12 08:17:33");
INSERT INTO gefaellt (profilnummer, beitragsnummer, zeit) VALUES (76, 2804, "2020-10-10 07:03:14");
INSERT INTO gefaellt (profilnummer, beitragsnummer, zeit) VALUES (76, 4360, "2020-10-14 08:18:33");
INSERT INTO gefaellt (profilnummer, beitragsnummer, zeit) VALUES (76, 3668, "2020-10-01 17:53:22");
INSERT INTO gefaellt (profilnummer, beitragsnummer, zeit) VALUES (76, 1022, "2020-10-08 07:31:55");
INSERT INTO gefaellt (profilnummer, beitragsnummer, zeit) VALUES (76, 3455, "2020-10-11 18:43:59");
INSERT INTO gefaellt (profilnummer, beitragsnummer, zeit) VALUES (76, 1683, "2020-10-13 07:02:37");
INSERT INTO gefaellt (profilnummer, beitragsnummer, zeit) VALUES (76, 1174, "2020-10-14 08:10:59");
INSERT INTO gefaellt (profilnummer, beitragsnummer, zeit) VALUES (76, 4460, "2020-10-09 07:52:11");
INSERT INTO gefaellt (profilnummer, beitragsnummer, zeit) VALUES (41, 1235, "2020-10-08 16:02:27");
INSERT INTO gefaellt (profilnummer, beitragsnummer, zeit) VALUES (41, 1174, "2020-10-07 13:04:26");
INSERT INTO gefaellt (profilnummer, beitragsnummer, zeit) VALUES (41, 2511, "2020-10-01 19:02:23");
INSERT INTO gefaellt (profilnummer, beitragsnummer, zeit) VALUES (41, 2741, "2020-10-09 16:03:03");
INSERT INTO gefaellt (profilnummer, beitragsnummer, zeit) VALUES (41, 1650, "2020-10-08 18:03:43");
INSERT INTO gefaellt (profilnummer, beitragsnummer, zeit) VALUES (41, 1110, "2020-10-09 13:02:01");
INSERT INTO gefaellt (profilnummer, beitragsnummer, zeit) VALUES (41, 3639, "2020-10-11 15:00:06");
INSERT INTO gefaellt (profilnummer, beitragsnummer, zeit) VALUES (41, 4482, "2020-10-04 15:00:23");
INSERT INTO gefaellt (profilnummer, beitragsnummer, zeit) VALUES (41, 2384, "2020-10-05 16:02:17");
INSERT INTO gefaellt (profilnummer, beitragsnummer, zeit) VALUES (41, 3110, "2020-10-13 16:01:00");
INSERT INTO gefaellt (profilnummer, beitragsnummer, zeit) VALUES (41, 4827, "2020-10-12 15:00:27");
INSERT INTO gefaellt (profilnummer, beitragsnummer, zeit) VALUES (41, 4946, "2020-10-06 17:02:01");
INSERT INTO gefaellt (profilnummer, beitragsnummer, zeit) VALUES (41, 2942, "2020-10-12 14:01:11");
INSERT INTO gefaellt (profilnummer, beitragsnummer, zeit) VALUES (41, 1144, "2020-10-06 17:04:22");
INSERT INTO gefaellt (profilnummer, beitragsnummer, zeit) VALUES (41, 1045, "2020-10-13 17:03:07");
INSERT INTO gefaellt (profilnummer, beitragsnummer, zeit) VALUES (41, 2777, "2020-10-06 14:01:48");
INSERT INTO gefaellt (profilnummer, beitragsnummer, zeit) VALUES (41, 2691, "2020-10-04 16:02:34");
INSERT INTO gefaellt (profilnummer, beitragsnummer, zeit) VALUES (41, 1746, "2020-10-10 18:02:42");
INSERT INTO gefaellt (profilnummer, beitragsnummer, zeit) VALUES (41, 3871, "2020-10-03 19:01:12");
INSERT INTO gefaellt (profilnummer, beitragsnummer, zeit) VALUES (41, 3100, "2020-10-01 14:00:22");
INSERT INTO gefaellt (profilnummer, beitragsnummer, zeit) VALUES (41, 2245, "2020-10-03 19:03:59");
INSERT INTO gefaellt (profilnummer, beitragsnummer, zeit) VALUES (41, 4049, "2020-10-14 13:00:37");
INSERT INTO gefaellt (profilnummer, beitragsnummer, zeit) VALUES (41, 4724, "2020-10-03 19:04:55");
INSERT INTO gefaellt (profilnummer, beitragsnummer, zeit) VALUES (41, 3860, "2020-10-09 15:02:06");
INSERT INTO gefaellt (profilnummer, beitragsnummer, zeit) VALUES (41, 1057, "2020-10-01 17:02:04");
INSERT INTO gefaellt (profilnummer, beitragsnummer, zeit) VALUES (41, 4814, "2020-10-10 17:04:55");
INSERT INTO gefaellt (profilnummer, beitragsnummer, zeit) VALUES (41, 2480, "2020-10-10 13:01:37");
INSERT INTO gefaellt (profilnummer, beitragsnummer, zeit) VALUES (41, 1882, "2020-10-13 19:00:58");
INSERT INTO gefaellt (profilnummer, beitragsnummer, zeit) VALUES (41, 1607, "2020-10-09 19:00:17");
INSERT INTO gefaellt (profilnummer, beitragsnummer, zeit) VALUES (41, 1994, "2020-10-01 15:03:04");
INSERT INTO gefaellt (profilnummer, beitragsnummer, zeit) VALUES (41, 4488, "2020-10-02 16:00:38");
INSERT INTO gefaellt (profilnummer, beitragsnummer, zeit) VALUES (41, 2403, "2020-10-04 16:00:25");
INSERT INTO gefaellt (profilnummer, beitragsnummer, zeit) VALUES (41, 4410, "2020-10-08 13:04:17");
INSERT INTO gefaellt (profilnummer, beitragsnummer, zeit) VALUES (41, 1584, "2020-10-09 19:00:27");
INSERT INTO gefaellt (profilnummer, beitragsnummer, zeit) VALUES (41, 4360, "2020-10-03 17:02:14");
INSERT INTO gefaellt (profilnummer, beitragsnummer, zeit) VALUES (41, 2483, "2020-10-03 17:02:06");
INSERT INTO gefaellt (profilnummer, beitragsnummer, zeit) VALUES (41, 3455, "2020-10-07 19:02:50");
INSERT INTO gefaellt (profilnummer, beitragsnummer, zeit) VALUES (41, 2548, "2020-10-09 13:03:00");
INSERT INTO gefaellt (profilnummer, beitragsnummer, zeit) VALUES (41, 2873, "2020-10-09 15:00:01");
INSERT INTO gefaellt (profilnummer, beitragsnummer, zeit) VALUES (41, 1288, "2020-10-11 17:03:43");
INSERT INTO gefaellt (profilnummer, beitragsnummer, zeit) VALUES (41, 3464, "2020-10-09 16:01:34");
INSERT INTO gefaellt (profilnummer, beitragsnummer, zeit) VALUES (41, 4204, "2020-10-05 13:02:40");
INSERT INTO gefaellt (profilnummer, beitragsnummer, zeit) VALUES (41, 4210, "2020-10-02 17:00:19");
INSERT INTO gefaellt (profilnummer, beitragsnummer, zeit) VALUES (41, 3961, "2020-10-12 13:00:09");
INSERT INTO gefaellt (profilnummer, beitragsnummer, zeit) VALUES (41, 2890, "2020-10-11 16:02:20");
INSERT INTO gefaellt (profilnummer, beitragsnummer, zeit) VALUES (41, 2713, "2020-10-05 17:03:03");
INSERT INTO gefaellt (profilnummer, beitragsnummer, zeit) VALUES (41, 3171, "2020-10-08 16:04:08");
INSERT INTO gefaellt (profilnummer, beitragsnummer, zeit) VALUES (41, 3941, "2020-10-06 19:04:30");
INSERT INTO gefaellt (profilnummer, beitragsnummer, zeit) VALUES (41, 1120, "2020-10-08 18:03:20");
INSERT INTO gefaellt (profilnummer, beitragsnummer, zeit) VALUES (41, 3847, "2020-10-03 14:02:09");
INSERT INTO gefaellt (profilnummer, beitragsnummer, zeit) VALUES (41, 2100, "2020-10-04 13:01:24");
INSERT INTO gefaellt (profilnummer, beitragsnummer, zeit) VALUES (41, 3668, "2020-10-01 13:04:41");
INSERT INTO gefaellt (profilnummer, beitragsnummer, zeit) VALUES (41, 1243, "2020-10-12 15:03:07");
INSERT INTO gefaellt (profilnummer, beitragsnummer, zeit) VALUES (41, 4163, "2020-10-11 19:03:42");
INSERT INTO gefaellt (profilnummer, beitragsnummer, zeit) VALUES (41, 1954, "2020-10-01 18:01:56");
INSERT INTO gefaellt (profilnummer, beitragsnummer, zeit) VALUES (41, 4080, "2020-10-10 18:00:29");
INSERT INTO gefaellt (profilnummer, beitragsnummer, zeit) VALUES (41, 3959, "2020-10-11 19:02:06");
INSERT INTO gefaellt (profilnummer, beitragsnummer, zeit) VALUES (41, 4324, "2020-10-07 13:01:34");
INSERT INTO gefaellt (profilnummer, beitragsnummer, zeit) VALUES (41, 4460, "2020-10-08 19:00:50");
INSERT INTO gefaellt (profilnummer, beitragsnummer, zeit) VALUES (41, 2088, "2020-10-11 14:04:06");
INSERT INTO gefaellt (profilnummer, beitragsnummer, zeit) VALUES (41, 1195, "2020-10-10 18:00:19");
INSERT INTO gefaellt (profilnummer, beitragsnummer, zeit) VALUES (41, 1668, "2020-10-03 17:01:03");
INSERT INTO gefaellt (profilnummer, beitragsnummer, zeit) VALUES (41, 2986, "2020-10-03 15:04:49");
INSERT INTO gefaellt (profilnummer, beitragsnummer, zeit) VALUES (41, 3874, "2020-10-12 15:02:28");
INSERT INTO gefaellt (profilnummer, beitragsnummer, zeit) VALUES (113, 1894, "2020-10-12 20:02:29");
INSERT INTO gefaellt (profilnummer, beitragsnummer, zeit) VALUES (113, 2479, "2020-10-05 23:03:22");
INSERT INTO gefaellt (profilnummer, beitragsnummer, zeit) VALUES (113, 2741, "2020-10-03 21:02:37");
INSERT INTO gefaellt (profilnummer, beitragsnummer, zeit) VALUES (113, 4946, "2020-10-13 20:01:48");
INSERT INTO gefaellt (profilnummer, beitragsnummer, zeit) VALUES (113, 1057, "2020-10-13 23:04:50");
INSERT INTO gefaellt (profilnummer, beitragsnummer, zeit) VALUES (113, 2996, "2020-10-07 20:02:32");
INSERT INTO gefaellt (profilnummer, beitragsnummer, zeit) VALUES (113, 2511, "2020-10-11 20:01:23");
INSERT INTO gefaellt (profilnummer, beitragsnummer, zeit) VALUES (113, 1994, "2020-10-05 20:04:09");
INSERT INTO gefaellt (profilnummer, beitragsnummer, zeit) VALUES (113, 2217, "2020-10-09 22:02:55");
INSERT INTO gefaellt (profilnummer, beitragsnummer, zeit) VALUES (113, 4201, "2020-10-11 21:03:42");
INSERT INTO gefaellt (profilnummer, beitragsnummer, zeit) VALUES (113, 1954, "2020-10-06 21:02:48");
INSERT INTO gefaellt (profilnummer, beitragsnummer, zeit) VALUES (113, 3425, "2020-10-10 20:01:47");
INSERT INTO gefaellt (profilnummer, beitragsnummer, zeit) VALUES (113, 1874, "2020-10-08 20:00:55");
INSERT INTO gefaellt (profilnummer, beitragsnummer, zeit) VALUES (113, 1204, "2020-10-07 20:00:11");
INSERT INTO gefaellt (profilnummer, beitragsnummer, zeit) VALUES (113, 4192, "2020-10-02 20:02:42");
INSERT INTO gefaellt (profilnummer, beitragsnummer, zeit) VALUES (113, 2548, "2020-10-05 21:03:48");
INSERT INTO gefaellt (profilnummer, beitragsnummer, zeit) VALUES (113, 4271, "2020-10-10 22:01:49");
INSERT INTO gefaellt (profilnummer, beitragsnummer, zeit) VALUES (113, 4482, "2020-10-04 20:03:37");
INSERT INTO gefaellt (profilnummer, beitragsnummer, zeit) VALUES (113, 1739, "2020-10-11 22:01:53");
INSERT INTO gefaellt (profilnummer, beitragsnummer, zeit) VALUES (113, 3639, "2020-10-03 21:03:46");
INSERT INTO gefaellt (profilnummer, beitragsnummer, zeit) VALUES (113, 1120, "2020-10-07 21:00:21");
INSERT INTO gefaellt (profilnummer, beitragsnummer, zeit) VALUES (113, 4460, "2020-10-06 19:01:08");
INSERT INTO gefaellt (profilnummer, beitragsnummer, zeit) VALUES (113, 1235, "2020-10-07 23:02:03");
INSERT INTO gefaellt (profilnummer, beitragsnummer, zeit) VALUES (113, 4184, "2020-10-09 21:00:46");
INSERT INTO gefaellt (profilnummer, beitragsnummer, zeit) VALUES (113, 4224, "2020-10-03 19:04:24");
INSERT INTO gefaellt (profilnummer, beitragsnummer, zeit) VALUES (113, 2804, "2020-10-13 23:00:13");
INSERT INTO gefaellt (profilnummer, beitragsnummer, zeit) VALUES (113, 1195, "2020-10-07 23:03:22");
INSERT INTO gefaellt (profilnummer, beitragsnummer, zeit) VALUES (113, 1144, "2020-10-05 19:02:24");
INSERT INTO gefaellt (profilnummer, beitragsnummer, zeit) VALUES (113, 1746, "2020-10-01 20:03:27");
INSERT INTO gefaellt (profilnummer, beitragsnummer, zeit) VALUES (113, 2692, "2020-10-07 22:01:53");
INSERT INTO gefaellt (profilnummer, beitragsnummer, zeit) VALUES (113, 4446, "2020-10-03 23:00:28");
INSERT INTO gefaellt (profilnummer, beitragsnummer, zeit) VALUES (113, 3171, "2020-10-06 21:02:23");
INSERT INTO gefaellt (profilnummer, beitragsnummer, zeit) VALUES (113, 2777, "2020-10-08 22:04:01");
INSERT INTO gefaellt (profilnummer, beitragsnummer, zeit) VALUES (113, 2902, "2020-10-03 23:03:14");
INSERT INTO gefaellt (profilnummer, beitragsnummer, zeit) VALUES (113, 1183, "2020-10-04 19:02:56");
INSERT INTO gefaellt (profilnummer, beitragsnummer, zeit) VALUES (113, 1607, "2020-10-07 20:03:31");
INSERT INTO gefaellt (profilnummer, beitragsnummer, zeit) VALUES (113, 3668, "2020-10-12 20:03:09");
INSERT INTO gefaellt (profilnummer, beitragsnummer, zeit) VALUES (113, 1139, "2020-10-11 22:04:27");
INSERT INTO gefaellt (profilnummer, beitragsnummer, zeit) VALUES (113, 4765, "2020-10-07 19:04:40");
INSERT INTO gefaellt (profilnummer, beitragsnummer, zeit) VALUES (113, 3871, "2020-10-03 23:02:37");
INSERT INTO gefaellt (profilnummer, beitragsnummer, zeit) VALUES (113, 2554, "2020-10-08 21:03:23");
INSERT INTO gefaellt (profilnummer, beitragsnummer, zeit) VALUES (113, 1243, "2020-10-09 21:00:08");
INSERT INTO gefaellt (profilnummer, beitragsnummer, zeit) VALUES (113, 1877, "2020-10-03 22:01:34");
INSERT INTO gefaellt (profilnummer, beitragsnummer, zeit) VALUES (113, 4080, "2020-10-04 22:03:55");
INSERT INTO gefaellt (profilnummer, beitragsnummer, zeit) VALUES (113, 1149, "2020-10-01 23:00:33");
INSERT INTO gefaellt (profilnummer, beitragsnummer, zeit) VALUES (113, 3847, "2020-10-06 22:02:07");
INSERT INTO gefaellt (profilnummer, beitragsnummer, zeit) VALUES (113, 3110, "2020-10-07 22:02:11");
INSERT INTO gefaellt (profilnummer, beitragsnummer, zeit) VALUES (113, 3874, "2020-10-01 21:00:13");
INSERT INTO gefaellt (profilnummer, beitragsnummer, zeit) VALUES (70, 4478, "2020-10-05 06:29:56");
INSERT INTO gefaellt (profilnummer, beitragsnummer, zeit) VALUES (70, 2741, "2020-10-05 06:29:57");
INSERT INTO gefaellt (profilnummer, beitragsnummer, zeit) VALUES (70, 2854, "2020-10-05 06:29:58");
INSERT INTO gefaellt (profilnummer, beitragsnummer, zeit) VALUES (70, 2445, "2020-10-05 06:29:59");
INSERT INTO gefaellt (profilnummer, beitragsnummer, zeit) VALUES (70, 1120, "2020-10-05 06:30:00");
INSERT INTO gefaellt (profilnummer, beitragsnummer, zeit) VALUES (70, 1243, "2020-10-05 06:30:01");
INSERT INTO gefaellt (profilnummer, beitragsnummer, zeit) VALUES (70, 4446, "2020-10-05 06:30:02");
INSERT INTO gefaellt (profilnummer, beitragsnummer, zeit) VALUES (70, 1668, "2020-10-05 06:30:03");
INSERT INTO gefaellt (profilnummer, beitragsnummer, zeit) VALUES (70, 1882, "2020-10-05 06:30:04");
INSERT INTO gefaellt (profilnummer, beitragsnummer, zeit) VALUES (70, 3668, "2020-10-05 06:30:05");
INSERT INTO gefaellt (profilnummer, beitragsnummer, zeit) VALUES (70, 1183, "2020-10-05 06:30:06");
INSERT INTO gefaellt (profilnummer, beitragsnummer, zeit) VALUES (70, 2217, "2020-10-05 06:30:07");
INSERT INTO gefaellt (profilnummer, beitragsnummer, zeit) VALUES (70, 2890, "2020-10-05 06:30:08");
INSERT INTO gefaellt (profilnummer, beitragsnummer, zeit) VALUES (70, 1894, "2020-10-05 06:30:09");
INSERT INTO gefaellt (profilnummer, beitragsnummer, zeit) VALUES (70, 2049, "2020-10-05 06:30:10");
INSERT INTO gefaellt (profilnummer, beitragsnummer, zeit) VALUES (70, 3425, "2020-10-05 06:30:11");
INSERT INTO gefaellt (profilnummer, beitragsnummer, zeit) VALUES (70, 1796, "2020-10-05 06:30:12");
INSERT INTO gefaellt (profilnummer, beitragsnummer, zeit) VALUES (70, 4482, "2020-10-05 06:30:13");
INSERT INTO gefaellt (profilnummer, beitragsnummer, zeit) VALUES (70, 2554, "2020-10-05 06:30:14");
INSERT INTO gefaellt (profilnummer, beitragsnummer, zeit) VALUES (70, 1085, "2020-10-05 06:30:15");
INSERT INTO gefaellt (profilnummer, beitragsnummer, zeit) VALUES (70, 2777, "2020-10-05 06:30:16");
INSERT INTO gefaellt (profilnummer, beitragsnummer, zeit) VALUES (70, 3880, "2020-10-05 06:30:17");
INSERT INTO gefaellt (profilnummer, beitragsnummer, zeit) VALUES (70, 2996, "2020-10-06 05:26:30");
INSERT INTO gefaellt (profilnummer, beitragsnummer, zeit) VALUES (70, 1607, "2020-10-06 05:26:31");
INSERT INTO gefaellt (profilnummer, beitragsnummer, zeit) VALUES (70, 1827, "2020-10-06 05:26:32");
INSERT INTO gefaellt (profilnummer, beitragsnummer, zeit) VALUES (70, 1288, "2020-10-06 05:26:33");
INSERT INTO gefaellt (profilnummer, beitragsnummer, zeit) VALUES (70, 4192, "2020-10-06 05:26:34");
INSERT INTO gefaellt (profilnummer, beitragsnummer, zeit) VALUES (70, 4201, "2020-10-06 05:26:35");
INSERT INTO gefaellt (profilnummer, beitragsnummer, zeit) VALUES (70, 3639, "2020-10-06 05:26:36");
INSERT INTO gefaellt (profilnummer, beitragsnummer, zeit) VALUES (70, 1874, "2020-10-06 05:26:37");
INSERT INTO gefaellt (profilnummer, beitragsnummer, zeit) VALUES (70, 4224, "2020-10-06 05:26:38");
INSERT INTO gefaellt (profilnummer, beitragsnummer, zeit) VALUES (70, 4827, "2020-10-06 05:26:39");
INSERT INTO gefaellt (profilnummer, beitragsnummer, zeit) VALUES (70, 1057, "2020-10-06 05:26:40");
INSERT INTO gefaellt (profilnummer, beitragsnummer, zeit) VALUES (70, 2692, "2020-10-06 05:26:41");
INSERT INTO gefaellt (profilnummer, beitragsnummer, zeit) VALUES (70, 3464, "2020-10-06 05:26:42");
INSERT INTO gefaellt (profilnummer, beitragsnummer, zeit) VALUES (70, 4080, "2020-10-06 05:26:43");
INSERT INTO gefaellt (profilnummer, beitragsnummer, zeit) VALUES (70, 1650, "2020-10-06 05:26:44");
INSERT INTO gefaellt (profilnummer, beitragsnummer, zeit) VALUES (70, 4724, "2020-10-06 05:26:45");
INSERT INTO gefaellt (profilnummer, beitragsnummer, zeit) VALUES (70, 3961, "2020-10-06 05:26:46");
INSERT INTO gefaellt (profilnummer, beitragsnummer, zeit) VALUES (70, 2100, "2020-10-06 05:26:47");
INSERT INTO gefaellt (profilnummer, beitragsnummer, zeit) VALUES (70, 1954, "2020-10-06 05:26:48");
INSERT INTO gefaellt (profilnummer, beitragsnummer, zeit) VALUES (70, 1877, "2020-10-06 05:26:49");
INSERT INTO gefaellt (profilnummer, beitragsnummer, zeit) VALUES (70, 2902, "2020-10-06 05:26:50");
INSERT INTO gefaellt (profilnummer, beitragsnummer, zeit) VALUES (70, 2713, "2020-10-06 05:26:51");
INSERT INTO gefaellt (profilnummer, beitragsnummer, zeit) VALUES (70, 1994, "2020-10-06 05:26:52");
INSERT INTO gefaellt (profilnummer, beitragsnummer, zeit) VALUES (70, 3959, "2020-10-06 05:26:53");
INSERT INTO gefaellt (profilnummer, beitragsnummer, zeit) VALUES (70, 1174, "2020-10-06 05:26:54");
INSERT INTO gefaellt (profilnummer, beitragsnummer, zeit) VALUES (70, 1076, "2020-10-06 05:26:55");
INSERT INTO gefaellt (profilnummer, beitragsnummer, zeit) VALUES (70, 4022, "2020-10-06 05:26:56");
INSERT INTO gefaellt (profilnummer, beitragsnummer, zeit) VALUES (70, 3860, "2020-10-06 05:26:57");
INSERT INTO gefaellt (profilnummer, beitragsnummer, zeit) VALUES (70, 4460, "2020-10-06 05:26:58");
INSERT INTO gefaellt (profilnummer, beitragsnummer, zeit) VALUES (70, 1584, "2020-10-06 05:26:59");
INSERT INTO gefaellt (profilnummer, beitragsnummer, zeit) VALUES (70, 2535, "2020-10-06 05:27:00");
INSERT INTO gefaellt (profilnummer, beitragsnummer, zeit) VALUES (70, 2480, "2020-10-06 05:27:01");
INSERT INTO gefaellt (profilnummer, beitragsnummer, zeit) VALUES (70, 3171, "2020-10-06 05:27:02");
INSERT INTO gefaellt (profilnummer, beitragsnummer, zeit) VALUES (70, 1338, "2020-10-06 05:27:03");
