DELETE FROM profil; 
DELETE FROM beitrag; 
DELETE FROM gefaellt; 
INSERT INTO profil (profilnummer) VALUES (130);
INSERT INTO profil (profilnummer) VALUES (181);
INSERT INTO profil (profilnummer) VALUES (19);
INSERT INTO profil (profilnummer) VALUES (86);
INSERT INTO profil (profilnummer) VALUES (14);
INSERT INTO profil (profilnummer) VALUES (151);
INSERT INTO profil (profilnummer) VALUES (76);
INSERT INTO profil (profilnummer) VALUES (41);
INSERT INTO profil (profilnummer) VALUES (113);
INSERT INTO profil (profilnummer) VALUES (70);
INSERT INTO beitrag (beitragsnummer, autor_profilnummer) VALUES (4537, 130);
INSERT INTO beitrag (beitragsnummer, autor_profilnummer) VALUES (2948, 130);
INSERT INTO beitrag (beitragsnummer, autor_profilnummer) VALUES (2120, 130);
INSERT INTO beitrag (beitragsnummer, autor_profilnummer) VALUES (3585, 130);
INSERT INTO beitrag (beitragsnummer, autor_profilnummer) VALUES (2731, 130);
INSERT INTO beitrag (beitragsnummer, autor_profilnummer) VALUES (2666, 130);
INSERT INTO beitrag (beitragsnummer, autor_profilnummer) VALUES (2166, 130);
INSERT INTO beitrag (beitragsnummer, autor_profilnummer) VALUES (3069, 130);
INSERT INTO beitrag (beitragsnummer, autor_profilnummer) VALUES (2127, 130);
INSERT INTO beitrag (beitragsnummer, autor_profilnummer) VALUES (4229, 130);
INSERT INTO beitrag (beitragsnummer, autor_profilnummer) VALUES (3475, 130);
INSERT INTO beitrag (beitragsnummer, autor_profilnummer) VALUES (3779, 181);
INSERT INTO beitrag (beitragsnummer, autor_profilnummer) VALUES (3775, 181);
INSERT INTO beitrag (beitragsnummer, autor_profilnummer) VALUES (1443, 19);
INSERT INTO beitrag (beitragsnummer, autor_profilnummer) VALUES (4301, 19);
INSERT INTO beitrag (beitragsnummer, autor_profilnummer) VALUES (1919, 19);
INSERT INTO beitrag (beitragsnummer, autor_profilnummer) VALUES (2724, 19);
INSERT INTO beitrag (beitragsnummer, autor_profilnummer) VALUES (3642, 19);
INSERT INTO beitrag (beitragsnummer, autor_profilnummer) VALUES (4249, 19);
INSERT INTO beitrag (beitragsnummer, autor_profilnummer) VALUES (2435, 19);
INSERT INTO beitrag (beitragsnummer, autor_profilnummer) VALUES (4523, 19);
INSERT INTO beitrag (beitragsnummer, autor_profilnummer) VALUES (4476, 19);
INSERT INTO beitrag (beitragsnummer, autor_profilnummer) VALUES (3589, 19);
INSERT INTO beitrag (beitragsnummer, autor_profilnummer) VALUES (2022, 19);
INSERT INTO beitrag (beitragsnummer, autor_profilnummer) VALUES (2036, 86);
INSERT INTO beitrag (beitragsnummer, autor_profilnummer) VALUES (1905, 86);
INSERT INTO beitrag (beitragsnummer, autor_profilnummer) VALUES (2421, 86);
INSERT INTO beitrag (beitragsnummer, autor_profilnummer) VALUES (4349, 86);
INSERT INTO beitrag (beitragsnummer, autor_profilnummer) VALUES (1238, 86);
INSERT INTO beitrag (beitragsnummer, autor_profilnummer) VALUES (1900, 86);
INSERT INTO beitrag (beitragsnummer, autor_profilnummer) VALUES (1757, 86);
INSERT INTO beitrag (beitragsnummer, autor_profilnummer) VALUES (3523, 86);
INSERT INTO beitrag (beitragsnummer, autor_profilnummer) VALUES (2813, 86);
INSERT INTO beitrag (beitragsnummer, autor_profilnummer) VALUES (3128, 86);
INSERT INTO beitrag (beitragsnummer, autor_profilnummer) VALUES (4878, 86);
INSERT INTO beitrag (beitragsnummer, autor_profilnummer) VALUES (2563, 86);
INSERT INTO beitrag (beitragsnummer, autor_profilnummer) VALUES (4117, 86);
INSERT INTO beitrag (beitragsnummer, autor_profilnummer) VALUES (3814, 86);
INSERT INTO beitrag (beitragsnummer, autor_profilnummer) VALUES (3172, 86);
INSERT INTO beitrag (beitragsnummer, autor_profilnummer) VALUES (3127, 86);
INSERT INTO beitrag (beitragsnummer, autor_profilnummer) VALUES (4980, 86);
INSERT INTO beitrag (beitragsnummer, autor_profilnummer) VALUES (1556, 86);
INSERT INTO beitrag (beitragsnummer, autor_profilnummer) VALUES (2914, 86);
INSERT INTO beitrag (beitragsnummer, autor_profilnummer) VALUES (2583, 86);
INSERT INTO beitrag (beitragsnummer, autor_profilnummer) VALUES (4059, 86);
INSERT INTO beitrag (beitragsnummer, autor_profilnummer) VALUES (2751, 86);
INSERT INTO beitrag (beitragsnummer, autor_profilnummer) VALUES (4675, 86);
INSERT INTO beitrag (beitragsnummer, autor_profilnummer) VALUES (1508, 86);
INSERT INTO beitrag (beitragsnummer, autor_profilnummer) VALUES (3683, 86);
INSERT INTO beitrag (beitragsnummer, autor_profilnummer) VALUES (1126, 14);
INSERT INTO beitrag (beitragsnummer, autor_profilnummer) VALUES (3703, 14);
INSERT INTO beitrag (beitragsnummer, autor_profilnummer) VALUES (3743, 14);
INSERT INTO beitrag (beitragsnummer, autor_profilnummer) VALUES (2140, 14);
INSERT INTO beitrag (beitragsnummer, autor_profilnummer) VALUES (3546, 14);
INSERT INTO beitrag (beitragsnummer, autor_profilnummer) VALUES (4730, 14);
INSERT INTO beitrag (beitragsnummer, autor_profilnummer) VALUES (4186, 14);
INSERT INTO beitrag (beitragsnummer, autor_profilnummer) VALUES (2462, 14);
INSERT INTO beitrag (beitragsnummer, autor_profilnummer) VALUES (2188, 14);
INSERT INTO beitrag (beitragsnummer, autor_profilnummer) VALUES (2259, 14);
INSERT INTO beitrag (beitragsnummer, autor_profilnummer) VALUES (2247, 14);
INSERT INTO beitrag (beitragsnummer, autor_profilnummer) VALUES (3889, 14);
INSERT INTO beitrag (beitragsnummer, autor_profilnummer) VALUES (2076, 14);
INSERT INTO beitrag (beitragsnummer, autor_profilnummer) VALUES (1717, 151);
INSERT INTO beitrag (beitragsnummer, autor_profilnummer) VALUES (1522, 151);
INSERT INTO beitrag (beitragsnummer, autor_profilnummer) VALUES (1135, 151);
INSERT INTO beitrag (beitragsnummer, autor_profilnummer) VALUES (1992, 151);
INSERT INTO beitrag (beitragsnummer, autor_profilnummer) VALUES (1263, 76);
INSERT INTO beitrag (beitragsnummer, autor_profilnummer) VALUES (4176, 76);
INSERT INTO beitrag (beitragsnummer, autor_profilnummer) VALUES (2786, 76);
INSERT INTO beitrag (beitragsnummer, autor_profilnummer) VALUES (2160, 76);
INSERT INTO beitrag (beitragsnummer, autor_profilnummer) VALUES (1090, 76);
INSERT INTO beitrag (beitragsnummer, autor_profilnummer) VALUES (4302, 76);
INSERT INTO beitrag (beitragsnummer, autor_profilnummer) VALUES (1351, 76);
INSERT INTO beitrag (beitragsnummer, autor_profilnummer) VALUES (4179, 76);
INSERT INTO beitrag (beitragsnummer, autor_profilnummer) VALUES (3378, 76);
INSERT INTO beitrag (beitragsnummer, autor_profilnummer) VALUES (4596, 41);
INSERT INTO beitrag (beitragsnummer, autor_profilnummer) VALUES (1360, 41);
INSERT INTO beitrag (beitragsnummer, autor_profilnummer) VALUES (4912, 41);
INSERT INTO beitrag (beitragsnummer, autor_profilnummer) VALUES (3763, 41);
INSERT INTO beitrag (beitragsnummer, autor_profilnummer) VALUES (3352, 41);
INSERT INTO beitrag (beitragsnummer, autor_profilnummer) VALUES (4621, 41);
INSERT INTO beitrag (beitragsnummer, autor_profilnummer) VALUES (3381, 41);
INSERT INTO beitrag (beitragsnummer, autor_profilnummer) VALUES (3210, 41);
INSERT INTO beitrag (beitragsnummer, autor_profilnummer) VALUES (1771, 41);
INSERT INTO beitrag (beitragsnummer, autor_profilnummer) VALUES (1070, 41);
INSERT INTO beitrag (beitragsnummer, autor_profilnummer) VALUES (1592, 41);
INSERT INTO beitrag (beitragsnummer, autor_profilnummer) VALUES (3750, 41);
INSERT INTO beitrag (beitragsnummer, autor_profilnummer) VALUES (3194, 41);
INSERT INTO beitrag (beitragsnummer, autor_profilnummer) VALUES (4144, 113);
INSERT INTO beitrag (beitragsnummer, autor_profilnummer) VALUES (1696, 113);
INSERT INTO beitrag (beitragsnummer, autor_profilnummer) VALUES (2617, 113);
INSERT INTO beitrag (beitragsnummer, autor_profilnummer) VALUES (3479, 113);
INSERT INTO beitrag (beitragsnummer, autor_profilnummer) VALUES (3309, 113);
INSERT INTO beitrag (beitragsnummer, autor_profilnummer) VALUES (1399, 113);
INSERT INTO beitrag (beitragsnummer, autor_profilnummer) VALUES (4363, 113);
INSERT INTO beitrag (beitragsnummer, autor_profilnummer) VALUES (3466, 113);
INSERT INTO beitrag (beitragsnummer, autor_profilnummer) VALUES (3525, 70);
INSERT INTO beitrag (beitragsnummer, autor_profilnummer) VALUES (1768, 70);
INSERT INTO gefaellt (profilnummer, beitragsnummer, zeit) VALUES (130, 2036, "2020-10-12 10:21:07");
INSERT INTO gefaellt (profilnummer, beitragsnummer, zeit) VALUES (130, 1905, "2020-10-10 08:21:55");
INSERT INTO gefaellt (profilnummer, beitragsnummer, zeit) VALUES (130, 2421, "2020-10-03 23:06:49");
INSERT INTO gefaellt (profilnummer, beitragsnummer, zeit) VALUES (130, 4349, "2020-10-04 23:56:56");
INSERT INTO gefaellt (profilnummer, beitragsnummer, zeit) VALUES (130, 1238, "2020-10-13 16:57:40");
INSERT INTO gefaellt (profilnummer, beitragsnummer, zeit) VALUES (130, 1900, "2020-10-12 18:42:07");
INSERT INTO gefaellt (profilnummer, beitragsnummer, zeit) VALUES (130, 1757, "2020-10-12 09:55:16");
INSERT INTO gefaellt (profilnummer, beitragsnummer, zeit) VALUES (130, 3523, "2020-10-05 20:06:21");
INSERT INTO gefaellt (profilnummer, beitragsnummer, zeit) VALUES (130, 2813, "2020-10-05 23:36:55");
INSERT INTO gefaellt (profilnummer, beitragsnummer, zeit) VALUES (130, 3128, "2020-10-14 11:56:39");
INSERT INTO gefaellt (profilnummer, beitragsnummer, zeit) VALUES (130, 4878, "2020-10-01 15:08:24");
INSERT INTO gefaellt (profilnummer, beitragsnummer, zeit) VALUES (130, 2563, "2020-10-12 22:45:30");
INSERT INTO gefaellt (profilnummer, beitragsnummer, zeit) VALUES (130, 4117, "2020-10-05 15:56:26");
INSERT INTO gefaellt (profilnummer, beitragsnummer, zeit) VALUES (130, 3814, "2020-10-08 14:27:05");
INSERT INTO gefaellt (profilnummer, beitragsnummer, zeit) VALUES (130, 3172, "2020-10-09 22:04:36");
INSERT INTO gefaellt (profilnummer, beitragsnummer, zeit) VALUES (130, 3127, "2020-10-03 20:54:54");
INSERT INTO gefaellt (profilnummer, beitragsnummer, zeit) VALUES (130, 4980, "2020-10-04 11:45:28");
INSERT INTO gefaellt (profilnummer, beitragsnummer, zeit) VALUES (130, 1556, "2020-10-02 15:01:26");
INSERT INTO gefaellt (profilnummer, beitragsnummer, zeit) VALUES (130, 2914, "2020-10-12 12:46:02");
INSERT INTO gefaellt (profilnummer, beitragsnummer, zeit) VALUES (130, 2583, "2020-10-11 09:38:24");
INSERT INTO gefaellt (profilnummer, beitragsnummer, zeit) VALUES (130, 4059, "2020-10-13 18:02:04");
INSERT INTO gefaellt (profilnummer, beitragsnummer, zeit) VALUES (130, 2751, "2020-10-11 21:57:25");
INSERT INTO gefaellt (profilnummer, beitragsnummer, zeit) VALUES (130, 4675, "2020-10-06 22:14:35");
INSERT INTO gefaellt (profilnummer, beitragsnummer, zeit) VALUES (130, 1508, "2020-10-06 18:19:23");
INSERT INTO gefaellt (profilnummer, beitragsnummer, zeit) VALUES (130, 3683, "2020-10-04 17:04:54");
INSERT INTO gefaellt (profilnummer, beitragsnummer, zeit) VALUES (181, 2036, "2020-09-19 12:00:00");
INSERT INTO gefaellt (profilnummer, beitragsnummer, zeit) VALUES (181, 1905, "2020-09-20 12:00:00");
INSERT INTO gefaellt (profilnummer, beitragsnummer, zeit) VALUES (181, 2421, "2020-09-21 12:00:00");
INSERT INTO gefaellt (profilnummer, beitragsnummer, zeit) VALUES (181, 4349, "2020-09-22 12:00:00");
INSERT INTO gefaellt (profilnummer, beitragsnummer, zeit) VALUES (181, 1238, "2020-09-23 12:00:00");
INSERT INTO gefaellt (profilnummer, beitragsnummer, zeit) VALUES (181, 1900, "2020-09-24 12:00:00");
INSERT INTO gefaellt (profilnummer, beitragsnummer, zeit) VALUES (181, 1757, "2020-09-25 12:00:00");
INSERT INTO gefaellt (profilnummer, beitragsnummer, zeit) VALUES (181, 3523, "2020-09-26 12:00:00");
INSERT INTO gefaellt (profilnummer, beitragsnummer, zeit) VALUES (181, 2813, "2020-09-27 12:00:00");
INSERT INTO gefaellt (profilnummer, beitragsnummer, zeit) VALUES (181, 3128, "2020-09-28 12:00:00");
INSERT INTO gefaellt (profilnummer, beitragsnummer, zeit) VALUES (181, 4878, "2020-09-29 12:00:00");
INSERT INTO gefaellt (profilnummer, beitragsnummer, zeit) VALUES (181, 2563, "2020-09-30 12:00:00");
INSERT INTO gefaellt (profilnummer, beitragsnummer, zeit) VALUES (181, 4117, "2020-10-01 12:00:00");
INSERT INTO gefaellt (profilnummer, beitragsnummer, zeit) VALUES (181, 3814, "2020-10-02 12:00:00");
INSERT INTO gefaellt (profilnummer, beitragsnummer, zeit) VALUES (181, 3172, "2020-10-03 12:00:00");
INSERT INTO gefaellt (profilnummer, beitragsnummer, zeit) VALUES (181, 3127, "2020-10-04 12:00:00");
INSERT INTO gefaellt (profilnummer, beitragsnummer, zeit) VALUES (181, 4980, "2020-10-05 12:00:00");
INSERT INTO gefaellt (profilnummer, beitragsnummer, zeit) VALUES (181, 1556, "2020-10-06 12:00:00");
INSERT INTO gefaellt (profilnummer, beitragsnummer, zeit) VALUES (181, 2914, "2020-10-07 12:00:00");
INSERT INTO gefaellt (profilnummer, beitragsnummer, zeit) VALUES (181, 2583, "2020-10-08 12:00:00");
INSERT INTO gefaellt (profilnummer, beitragsnummer, zeit) VALUES (181, 4059, "2020-10-09 12:00:00");
INSERT INTO gefaellt (profilnummer, beitragsnummer, zeit) VALUES (181, 2751, "2020-10-10 12:00:00");
INSERT INTO gefaellt (profilnummer, beitragsnummer, zeit) VALUES (181, 4675, "2020-10-11 12:00:00");
INSERT INTO gefaellt (profilnummer, beitragsnummer, zeit) VALUES (181, 1508, "2020-10-12 12:00:00");
INSERT INTO gefaellt (profilnummer, beitragsnummer, zeit) VALUES (181, 3683, "2020-10-13 12:00:00");
INSERT INTO gefaellt (profilnummer, beitragsnummer, zeit) VALUES (19, 4537, "2020-10-09 16:46:16");
INSERT INTO gefaellt (profilnummer, beitragsnummer, zeit) VALUES (19, 2948, "2020-10-04 13:58:10");
INSERT INTO gefaellt (profilnummer, beitragsnummer, zeit) VALUES (19, 2120, "2020-10-12 11:07:11");
INSERT INTO gefaellt (profilnummer, beitragsnummer, zeit) VALUES (19, 3585, "2020-10-13 15:03:49");
INSERT INTO gefaellt (profilnummer, beitragsnummer, zeit) VALUES (19, 2731, "2020-10-12 11:39:54");
INSERT INTO gefaellt (profilnummer, beitragsnummer, zeit) VALUES (19, 2666, "2020-10-02 14:44:02");
INSERT INTO gefaellt (profilnummer, beitragsnummer, zeit) VALUES (19, 2166, "2020-10-02 14:05:18");
INSERT INTO gefaellt (profilnummer, beitragsnummer, zeit) VALUES (19, 3069, "2020-10-13 16:13:51");
INSERT INTO gefaellt (profilnummer, beitragsnummer, zeit) VALUES (19, 2127, "2020-10-12 18:36:48");
INSERT INTO gefaellt (profilnummer, beitragsnummer, zeit) VALUES (19, 4229, "2020-10-07 10:18:37");
INSERT INTO gefaellt (profilnummer, beitragsnummer, zeit) VALUES (19, 3475, "2020-10-07 09:12:10");
INSERT INTO gefaellt (profilnummer, beitragsnummer, zeit) VALUES (19, 3779, "2020-10-14 09:24:33");
INSERT INTO gefaellt (profilnummer, beitragsnummer, zeit) VALUES (19, 3775, "2020-10-08 10:02:47");
INSERT INTO gefaellt (profilnummer, beitragsnummer, zeit) VALUES (19, 1443, "2020-10-04 12:40:38");
INSERT INTO gefaellt (profilnummer, beitragsnummer, zeit) VALUES (19, 4301, "2020-10-07 11:33:23");
INSERT INTO gefaellt (profilnummer, beitragsnummer, zeit) VALUES (19, 1919, "2020-10-04 10:50:35");
INSERT INTO gefaellt (profilnummer, beitragsnummer, zeit) VALUES (19, 2724, "2020-10-10 09:31:17");
INSERT INTO gefaellt (profilnummer, beitragsnummer, zeit) VALUES (19, 3642, "2020-10-08 18:22:59");
INSERT INTO gefaellt (profilnummer, beitragsnummer, zeit) VALUES (19, 4249, "2020-10-02 10:49:29");
INSERT INTO gefaellt (profilnummer, beitragsnummer, zeit) VALUES (19, 2435, "2020-10-04 13:55:32");
INSERT INTO gefaellt (profilnummer, beitragsnummer, zeit) VALUES (19, 4523, "2020-10-05 10:33:50");
INSERT INTO gefaellt (profilnummer, beitragsnummer, zeit) VALUES (19, 4476, "2020-10-13 18:06:15");
INSERT INTO gefaellt (profilnummer, beitragsnummer, zeit) VALUES (19, 3589, "2020-10-12 12:37:28");
INSERT INTO gefaellt (profilnummer, beitragsnummer, zeit) VALUES (19, 2022, "2020-10-04 17:10:15");
INSERT INTO gefaellt (profilnummer, beitragsnummer, zeit) VALUES (19, 2036, "2020-10-10 17:52:18");
INSERT INTO gefaellt (profilnummer, beitragsnummer, zeit) VALUES (19, 1905, "2020-10-12 11:40:43");
INSERT INTO gefaellt (profilnummer, beitragsnummer, zeit) VALUES (19, 2421, "2020-10-02 09:21:27");
INSERT INTO gefaellt (profilnummer, beitragsnummer, zeit) VALUES (19, 4349, "2020-10-09 09:14:08");
INSERT INTO gefaellt (profilnummer, beitragsnummer, zeit) VALUES (19, 1238, "2020-10-02 14:42:06");
INSERT INTO gefaellt (profilnummer, beitragsnummer, zeit) VALUES (19, 1900, "2020-10-09 16:40:53");
INSERT INTO gefaellt (profilnummer, beitragsnummer, zeit) VALUES (19, 1757, "2020-10-09 17:32:15");
INSERT INTO gefaellt (profilnummer, beitragsnummer, zeit) VALUES (19, 3523, "2020-10-05 11:18:44");
INSERT INTO gefaellt (profilnummer, beitragsnummer, zeit) VALUES (19, 2813, "2020-10-02 09:05:39");
INSERT INTO gefaellt (profilnummer, beitragsnummer, zeit) VALUES (19, 3128, "2020-10-04 09:19:53");
INSERT INTO gefaellt (profilnummer, beitragsnummer, zeit) VALUES (19, 4878, "2020-10-12 15:26:27");
INSERT INTO gefaellt (profilnummer, beitragsnummer, zeit) VALUES (19, 2563, "2020-10-03 14:16:22");
INSERT INTO gefaellt (profilnummer, beitragsnummer, zeit) VALUES (19, 4117, "2020-10-01 11:45:14");
INSERT INTO gefaellt (profilnummer, beitragsnummer, zeit) VALUES (19, 3814, "2020-10-13 14:36:09");
INSERT INTO gefaellt (profilnummer, beitragsnummer, zeit) VALUES (19, 3172, "2020-10-04 09:03:26");
INSERT INTO gefaellt (profilnummer, beitragsnummer, zeit) VALUES (19, 3127, "2020-10-04 14:06:23");
INSERT INTO gefaellt (profilnummer, beitragsnummer, zeit) VALUES (19, 4980, "2020-10-13 15:35:56");
INSERT INTO gefaellt (profilnummer, beitragsnummer, zeit) VALUES (19, 1556, "2020-10-09 09:33:59");
INSERT INTO gefaellt (profilnummer, beitragsnummer, zeit) VALUES (19, 2914, "2020-10-07 09:24:34");
INSERT INTO gefaellt (profilnummer, beitragsnummer, zeit) VALUES (19, 2583, "2020-10-11 12:48:35");
INSERT INTO gefaellt (profilnummer, beitragsnummer, zeit) VALUES (19, 4059, "2020-10-11 09:37:06");
INSERT INTO gefaellt (profilnummer, beitragsnummer, zeit) VALUES (19, 2751, "2020-10-03 09:01:01");
INSERT INTO gefaellt (profilnummer, beitragsnummer, zeit) VALUES (19, 4675, "2020-10-05 16:15:02");
INSERT INTO gefaellt (profilnummer, beitragsnummer, zeit) VALUES (19, 1508, "2020-10-03 17:55:07");
INSERT INTO gefaellt (profilnummer, beitragsnummer, zeit) VALUES (19, 3683, "2020-10-12 17:06:18");
INSERT INTO gefaellt (profilnummer, beitragsnummer, zeit) VALUES (19, 1126, "2020-10-11 17:29:56");
INSERT INTO gefaellt (profilnummer, beitragsnummer, zeit) VALUES (19, 3703, "2020-10-03 12:24:25");
INSERT INTO gefaellt (profilnummer, beitragsnummer, zeit) VALUES (19, 3743, "2020-10-05 10:40:34");
INSERT INTO gefaellt (profilnummer, beitragsnummer, zeit) VALUES (19, 2140, "2020-10-09 17:56:34");
INSERT INTO gefaellt (profilnummer, beitragsnummer, zeit) VALUES (19, 3546, "2020-10-13 16:19:13");
INSERT INTO gefaellt (profilnummer, beitragsnummer, zeit) VALUES (19, 4730, "2020-10-08 16:35:13");
INSERT INTO gefaellt (profilnummer, beitragsnummer, zeit) VALUES (19, 4186, "2020-10-10 18:45:10");
INSERT INTO gefaellt (profilnummer, beitragsnummer, zeit) VALUES (19, 2462, "2020-10-08 16:50:45");
INSERT INTO gefaellt (profilnummer, beitragsnummer, zeit) VALUES (19, 2188, "2020-10-09 09:52:21");
INSERT INTO gefaellt (profilnummer, beitragsnummer, zeit) VALUES (19, 2259, "2020-10-11 09:08:20");
INSERT INTO gefaellt (profilnummer, beitragsnummer, zeit) VALUES (19, 2247, "2020-10-08 12:35:54");
INSERT INTO gefaellt (profilnummer, beitragsnummer, zeit) VALUES (19, 3889, "2020-10-09 15:20:44");
INSERT INTO gefaellt (profilnummer, beitragsnummer, zeit) VALUES (19, 2076, "2020-10-12 15:53:50");
INSERT INTO gefaellt (profilnummer, beitragsnummer, zeit) VALUES (19, 1717, "2020-10-09 09:15:13");
INSERT INTO gefaellt (profilnummer, beitragsnummer, zeit) VALUES (19, 1522, "2020-10-06 15:05:52");
INSERT INTO gefaellt (profilnummer, beitragsnummer, zeit) VALUES (19, 1135, "2020-10-13 16:05:00");
INSERT INTO gefaellt (profilnummer, beitragsnummer, zeit) VALUES (19, 1992, "2020-10-12 13:43:23");
INSERT INTO gefaellt (profilnummer, beitragsnummer, zeit) VALUES (19, 1263, "2020-10-01 18:42:50");
INSERT INTO gefaellt (profilnummer, beitragsnummer, zeit) VALUES (19, 4176, "2020-10-04 11:10:02");
INSERT INTO gefaellt (profilnummer, beitragsnummer, zeit) VALUES (19, 2786, "2020-10-12 16:18:28");
INSERT INTO gefaellt (profilnummer, beitragsnummer, zeit) VALUES (19, 2160, "2020-10-04 11:13:26");
INSERT INTO gefaellt (profilnummer, beitragsnummer, zeit) VALUES (19, 1090, "2020-10-12 18:57:50");
INSERT INTO gefaellt (profilnummer, beitragsnummer, zeit) VALUES (19, 4302, "2020-10-11 13:43:20");
INSERT INTO gefaellt (profilnummer, beitragsnummer, zeit) VALUES (19, 1351, "2020-10-02 14:55:50");
INSERT INTO gefaellt (profilnummer, beitragsnummer, zeit) VALUES (19, 4179, "2020-10-13 16:11:58");
INSERT INTO gefaellt (profilnummer, beitragsnummer, zeit) VALUES (19, 3378, "2020-10-12 17:10:43");
INSERT INTO gefaellt (profilnummer, beitragsnummer, zeit) VALUES (19, 4596, "2020-10-07 11:04:39");
INSERT INTO gefaellt (profilnummer, beitragsnummer, zeit) VALUES (19, 1360, "2020-10-05 11:19:49");
INSERT INTO gefaellt (profilnummer, beitragsnummer, zeit) VALUES (19, 4912, "2020-10-12 13:48:32");
INSERT INTO gefaellt (profilnummer, beitragsnummer, zeit) VALUES (19, 3763, "2020-10-12 11:48:31");
INSERT INTO gefaellt (profilnummer, beitragsnummer, zeit) VALUES (19, 3352, "2020-10-09 14:02:26");
INSERT INTO gefaellt (profilnummer, beitragsnummer, zeit) VALUES (19, 4621, "2020-10-06 18:31:20");
INSERT INTO gefaellt (profilnummer, beitragsnummer, zeit) VALUES (19, 3381, "2020-10-12 15:51:25");
INSERT INTO gefaellt (profilnummer, beitragsnummer, zeit) VALUES (19, 3210, "2020-10-02 12:08:58");
INSERT INTO gefaellt (profilnummer, beitragsnummer, zeit) VALUES (19, 1771, "2020-10-13 11:13:37");
INSERT INTO gefaellt (profilnummer, beitragsnummer, zeit) VALUES (19, 1070, "2020-10-11 12:20:44");
INSERT INTO gefaellt (profilnummer, beitragsnummer, zeit) VALUES (19, 1592, "2020-10-05 14:47:42");
INSERT INTO gefaellt (profilnummer, beitragsnummer, zeit) VALUES (19, 3750, "2020-10-03 12:01:58");
INSERT INTO gefaellt (profilnummer, beitragsnummer, zeit) VALUES (19, 3194, "2020-10-14 09:22:54");
INSERT INTO gefaellt (profilnummer, beitragsnummer, zeit) VALUES (19, 4144, "2020-10-01 15:05:02");
INSERT INTO gefaellt (profilnummer, beitragsnummer, zeit) VALUES (19, 1696, "2020-10-10 16:09:54");
INSERT INTO gefaellt (profilnummer, beitragsnummer, zeit) VALUES (19, 2617, "2020-10-01 18:14:16");
INSERT INTO gefaellt (profilnummer, beitragsnummer, zeit) VALUES (19, 3479, "2020-10-09 14:29:21");
INSERT INTO gefaellt (profilnummer, beitragsnummer, zeit) VALUES (19, 3309, "2020-10-04 17:49:22");
INSERT INTO gefaellt (profilnummer, beitragsnummer, zeit) VALUES (19, 1399, "2020-10-12 16:19:29");
INSERT INTO gefaellt (profilnummer, beitragsnummer, zeit) VALUES (19, 4363, "2020-10-04 11:30:29");
INSERT INTO gefaellt (profilnummer, beitragsnummer, zeit) VALUES (19, 3466, "2020-10-11 15:03:50");
INSERT INTO gefaellt (profilnummer, beitragsnummer, zeit) VALUES (19, 3525, "2020-10-08 15:37:12");
INSERT INTO gefaellt (profilnummer, beitragsnummer, zeit) VALUES (19, 1768, "2020-10-09 16:30:01");
INSERT INTO gefaellt (profilnummer, beitragsnummer, zeit) VALUES (14, 1126, "2020-10-04 18:16:40");
INSERT INTO gefaellt (profilnummer, beitragsnummer, zeit) VALUES (14, 3703, "2020-10-07 17:16:36");
INSERT INTO gefaellt (profilnummer, beitragsnummer, zeit) VALUES (14, 3743, "2020-10-07 11:05:39");
INSERT INTO gefaellt (profilnummer, beitragsnummer, zeit) VALUES (14, 2140, "2020-10-01 15:43:50");
INSERT INTO gefaellt (profilnummer, beitragsnummer, zeit) VALUES (14, 3546, "2020-10-08 12:06:08");
INSERT INTO gefaellt (profilnummer, beitragsnummer, zeit) VALUES (14, 4730, "2020-10-11 14:02:37");
INSERT INTO gefaellt (profilnummer, beitragsnummer, zeit) VALUES (14, 4186, "2020-10-05 09:50:00");
INSERT INTO gefaellt (profilnummer, beitragsnummer, zeit) VALUES (14, 2462, "2020-10-01 17:08:01");
INSERT INTO gefaellt (profilnummer, beitragsnummer, zeit) VALUES (14, 2188, "2020-10-05 18:00:16");
INSERT INTO gefaellt (profilnummer, beitragsnummer, zeit) VALUES (14, 2259, "2020-10-12 10:32:37");
INSERT INTO gefaellt (profilnummer, beitragsnummer, zeit) VALUES (14, 2247, "2020-10-05 11:46:32");
INSERT INTO gefaellt (profilnummer, beitragsnummer, zeit) VALUES (14, 3889, "2020-10-13 16:46:41");
INSERT INTO gefaellt (profilnummer, beitragsnummer, zeit) VALUES (14, 2076, "2020-10-12 14:54:18");
INSERT INTO gefaellt (profilnummer, beitragsnummer, zeit) VALUES (151, 2076, "2020-10-09 12:19:51");
INSERT INTO gefaellt (profilnummer, beitragsnummer, zeit) VALUES (151, 2435, "2020-10-08 12:41:01");
INSERT INTO gefaellt (profilnummer, beitragsnummer, zeit) VALUES (151, 4878, "2020-10-04 12:04:51");
INSERT INTO gefaellt (profilnummer, beitragsnummer, zeit) VALUES (151, 4302, "2020-10-13 12:20:55");
INSERT INTO gefaellt (profilnummer, beitragsnummer, zeit) VALUES (151, 1919, "2020-10-09 12:03:04");
INSERT INTO gefaellt (profilnummer, beitragsnummer, zeit) VALUES (151, 2120, "2020-10-03 12:35:40");
INSERT INTO gefaellt (profilnummer, beitragsnummer, zeit) VALUES (151, 2188, "2020-10-09 12:40:59");
INSERT INTO gefaellt (profilnummer, beitragsnummer, zeit) VALUES (151, 3683, "2020-10-11 12:16:55");
INSERT INTO gefaellt (profilnummer, beitragsnummer, zeit) VALUES (151, 3750, "2020-10-10 12:51:50");
INSERT INTO gefaellt (profilnummer, beitragsnummer, zeit) VALUES (151, 2160, "2020-10-11 12:21:32");
INSERT INTO gefaellt (profilnummer, beitragsnummer, zeit) VALUES (151, 3378, "2020-10-13 12:26:01");
INSERT INTO gefaellt (profilnummer, beitragsnummer, zeit) VALUES (151, 3814, "2020-10-10 12:00:44");
INSERT INTO gefaellt (profilnummer, beitragsnummer, zeit) VALUES (151, 1360, "2020-10-03 12:16:36");
INSERT INTO gefaellt (profilnummer, beitragsnummer, zeit) VALUES (151, 3763, "2020-10-07 12:32:12");
INSERT INTO gefaellt (profilnummer, beitragsnummer, zeit) VALUES (151, 3309, "2020-10-11 12:02:45");
INSERT INTO gefaellt (profilnummer, beitragsnummer, zeit) VALUES (151, 4730, "2020-10-06 12:25:32");
INSERT INTO gefaellt (profilnummer, beitragsnummer, zeit) VALUES (151, 1399, "2020-10-14 12:13:51");
INSERT INTO gefaellt (profilnummer, beitragsnummer, zeit) VALUES (151, 1592, "2020-10-08 12:19:01");
INSERT INTO gefaellt (profilnummer, beitragsnummer, zeit) VALUES (151, 4476, "2020-10-11 12:20:46");
INSERT INTO gefaellt (profilnummer, beitragsnummer, zeit) VALUES (151, 4229, "2020-10-01 12:56:14");
INSERT INTO gefaellt (profilnummer, beitragsnummer, zeit) VALUES (151, 3589, "2020-10-11 12:53:58");
INSERT INTO gefaellt (profilnummer, beitragsnummer, zeit) VALUES (151, 2259, "2020-10-13 12:57:42");
INSERT INTO gefaellt (profilnummer, beitragsnummer, zeit) VALUES (151, 4301, "2020-10-07 12:26:28");
INSERT INTO gefaellt (profilnummer, beitragsnummer, zeit) VALUES (151, 3585, "2020-10-14 12:13:45");
INSERT INTO gefaellt (profilnummer, beitragsnummer, zeit) VALUES (151, 4363, "2020-10-08 12:23:03");
INSERT INTO gefaellt (profilnummer, beitragsnummer, zeit) VALUES (151, 1696, "2020-10-07 12:06:01");
INSERT INTO gefaellt (profilnummer, beitragsnummer, zeit) VALUES (151, 2127, "2020-10-02 12:51:33");
INSERT INTO gefaellt (profilnummer, beitragsnummer, zeit) VALUES (151, 1522, "2020-10-06 12:42:56");
INSERT INTO gefaellt (profilnummer, beitragsnummer, zeit) VALUES (151, 3889, "2020-10-08 12:45:26");
INSERT INTO gefaellt (profilnummer, beitragsnummer, zeit) VALUES (151, 3352, "2020-10-06 12:20:37");
INSERT INTO gefaellt (profilnummer, beitragsnummer, zeit) VALUES (151, 2036, "2020-10-04 12:19:41");
INSERT INTO gefaellt (profilnummer, beitragsnummer, zeit) VALUES (151, 4186, "2020-10-13 12:21:32");
INSERT INTO gefaellt (profilnummer, beitragsnummer, zeit) VALUES (151, 2022, "2020-10-10 12:01:21");
INSERT INTO gefaellt (profilnummer, beitragsnummer, zeit) VALUES (151, 3775, "2020-10-03 12:42:45");
INSERT INTO gefaellt (profilnummer, beitragsnummer, zeit) VALUES (151, 1992, "2020-10-08 12:27:18");
INSERT INTO gefaellt (profilnummer, beitragsnummer, zeit) VALUES (151, 3466, "2020-10-03 12:52:59");
INSERT INTO gefaellt (profilnummer, beitragsnummer, zeit) VALUES (151, 4596, "2020-10-13 12:54:27");
INSERT INTO gefaellt (profilnummer, beitragsnummer, zeit) VALUES (151, 4144, "2020-10-01 12:55:58");
INSERT INTO gefaellt (profilnummer, beitragsnummer, zeit) VALUES (151, 4349, "2020-10-04 12:17:29");
INSERT INTO gefaellt (profilnummer, beitragsnummer, zeit) VALUES (151, 1508, "2020-10-04 12:28:52");
INSERT INTO gefaellt (profilnummer, beitragsnummer, zeit) VALUES (151, 1771, "2020-10-01 12:50:39");
INSERT INTO gefaellt (profilnummer, beitragsnummer, zeit) VALUES (151, 4980, "2020-10-07 12:59:51");
INSERT INTO gefaellt (profilnummer, beitragsnummer, zeit) VALUES (151, 1238, "2020-10-04 12:30:22");
INSERT INTO gefaellt (profilnummer, beitragsnummer, zeit) VALUES (151, 2247, "2020-10-12 12:33:22");
INSERT INTO gefaellt (profilnummer, beitragsnummer, zeit) VALUES (151, 3525, "2020-10-03 12:07:57");
INSERT INTO gefaellt (profilnummer, beitragsnummer, zeit) VALUES (151, 1757, "2020-10-09 12:51:10");
INSERT INTO gefaellt (profilnummer, beitragsnummer, zeit) VALUES (151, 2462, "2020-10-04 12:58:05");
INSERT INTO gefaellt (profilnummer, beitragsnummer, zeit) VALUES (151, 4059, "2020-10-12 12:31:23");
INSERT INTO gefaellt (profilnummer, beitragsnummer, zeit) VALUES (151, 2813, "2020-10-14 12:37:37");
INSERT INTO gefaellt (profilnummer, beitragsnummer, zeit) VALUES (151, 3069, "2020-10-09 12:46:15");
INSERT INTO gefaellt (profilnummer, beitragsnummer, zeit) VALUES (151, 3479, "2020-10-01 12:10:39");
INSERT INTO gefaellt (profilnummer, beitragsnummer, zeit) VALUES (151, 3210, "2020-10-05 12:13:31");
INSERT INTO gefaellt (profilnummer, beitragsnummer, zeit) VALUES (151, 4621, "2020-10-04 12:37:56");
INSERT INTO gefaellt (profilnummer, beitragsnummer, zeit) VALUES (151, 3703, "2020-10-12 12:56:31");
INSERT INTO gefaellt (profilnummer, beitragsnummer, zeit) VALUES (151, 1900, "2020-10-06 12:18:43");
INSERT INTO gefaellt (profilnummer, beitragsnummer, zeit) VALUES (151, 2724, "2020-10-02 12:04:34");
INSERT INTO gefaellt (profilnummer, beitragsnummer, zeit) VALUES (151, 2666, "2020-10-06 12:36:38");
INSERT INTO gefaellt (profilnummer, beitragsnummer, zeit) VALUES (151, 3523, "2020-10-13 12:18:06");
INSERT INTO gefaellt (profilnummer, beitragsnummer, zeit) VALUES (151, 3172, "2020-10-11 12:54:19");
INSERT INTO gefaellt (profilnummer, beitragsnummer, zeit) VALUES (151, 2731, "2020-10-10 12:10:50");
INSERT INTO gefaellt (profilnummer, beitragsnummer, zeit) VALUES (151, 3194, "2020-10-14 12:34:44");
INSERT INTO gefaellt (profilnummer, beitragsnummer, zeit) VALUES (151, 3475, "2020-10-04 12:13:31");
INSERT INTO gefaellt (profilnummer, beitragsnummer, zeit) VALUES (151, 2914, "2020-10-13 12:39:05");
INSERT INTO gefaellt (profilnummer, beitragsnummer, zeit) VALUES (151, 2583, "2020-10-09 12:58:23");
INSERT INTO gefaellt (profilnummer, beitragsnummer, zeit) VALUES (151, 4176, "2020-10-10 12:57:11");
INSERT INTO gefaellt (profilnummer, beitragsnummer, zeit) VALUES (151, 2786, "2020-10-05 12:31:35");
INSERT INTO gefaellt (profilnummer, beitragsnummer, zeit) VALUES (151, 1126, "2020-10-11 12:25:25");
INSERT INTO gefaellt (profilnummer, beitragsnummer, zeit) VALUES (151, 4249, "2020-10-13 12:54:41");
INSERT INTO gefaellt (profilnummer, beitragsnummer, zeit) VALUES (151, 3779, "2020-10-13 12:02:21");
INSERT INTO gefaellt (profilnummer, beitragsnummer, zeit) VALUES (151, 4179, "2020-10-06 12:22:38");
INSERT INTO gefaellt (profilnummer, beitragsnummer, zeit) VALUES (76, 2914, "2020-10-08 08:45:04");
INSERT INTO gefaellt (profilnummer, beitragsnummer, zeit) VALUES (76, 4179, "2020-10-03 17:57:54");
INSERT INTO gefaellt (profilnummer, beitragsnummer, zeit) VALUES (76, 3703, "2020-10-09 08:37:05");
INSERT INTO gefaellt (profilnummer, beitragsnummer, zeit) VALUES (76, 3763, "2020-10-03 08:28:26");
INSERT INTO gefaellt (profilnummer, beitragsnummer, zeit) VALUES (76, 4621, "2020-10-08 08:40:45");
INSERT INTO gefaellt (profilnummer, beitragsnummer, zeit) VALUES (76, 1757, "2020-10-05 07:14:11");
INSERT INTO gefaellt (profilnummer, beitragsnummer, zeit) VALUES (76, 2421, "2020-10-12 18:48:53");
INSERT INTO gefaellt (profilnummer, beitragsnummer, zeit) VALUES (76, 1919, "2020-10-07 17:50:45");
INSERT INTO gefaellt (profilnummer, beitragsnummer, zeit) VALUES (76, 4363, "2020-10-07 18:17:59");
INSERT INTO gefaellt (profilnummer, beitragsnummer, zeit) VALUES (76, 3642, "2020-10-04 17:30:57");
INSERT INTO gefaellt (profilnummer, beitragsnummer, zeit) VALUES (76, 2948, "2020-10-12 07:29:52");
INSERT INTO gefaellt (profilnummer, beitragsnummer, zeit) VALUES (76, 3525, "2020-10-01 07:06:44");
INSERT INTO gefaellt (profilnummer, beitragsnummer, zeit) VALUES (76, 4537, "2020-10-02 08:24:17");
INSERT INTO gefaellt (profilnummer, beitragsnummer, zeit) VALUES (76, 2127, "2020-10-04 18:57:14");
INSERT INTO gefaellt (profilnummer, beitragsnummer, zeit) VALUES (76, 1238, "2020-10-08 07:45:43");
INSERT INTO gefaellt (profilnummer, beitragsnummer, zeit) VALUES (76, 3889, "2020-10-07 17:28:02");
INSERT INTO gefaellt (profilnummer, beitragsnummer, zeit) VALUES (76, 1900, "2020-10-07 07:30:52");
INSERT INTO gefaellt (profilnummer, beitragsnummer, zeit) VALUES (76, 1508, "2020-10-08 07:51:21");
INSERT INTO gefaellt (profilnummer, beitragsnummer, zeit) VALUES (76, 1126, "2020-10-09 07:07:41");
INSERT INTO gefaellt (profilnummer, beitragsnummer, zeit) VALUES (76, 3775, "2020-10-11 17:04:45");
INSERT INTO gefaellt (profilnummer, beitragsnummer, zeit) VALUES (76, 1360, "2020-10-04 18:53:28");
INSERT INTO gefaellt (profilnummer, beitragsnummer, zeit) VALUES (76, 4229, "2020-10-01 08:23:25");
INSERT INTO gefaellt (profilnummer, beitragsnummer, zeit) VALUES (76, 2583, "2020-10-13 08:01:52");
INSERT INTO gefaellt (profilnummer, beitragsnummer, zeit) VALUES (76, 3523, "2020-10-10 17:48:25");
INSERT INTO gefaellt (profilnummer, beitragsnummer, zeit) VALUES (76, 2247, "2020-10-14 07:06:59");
INSERT INTO gefaellt (profilnummer, beitragsnummer, zeit) VALUES (76, 1090, "2020-10-14 07:44:18");
INSERT INTO gefaellt (profilnummer, beitragsnummer, zeit) VALUES (76, 2022, "2020-10-13 07:03:33");
INSERT INTO gefaellt (profilnummer, beitragsnummer, zeit) VALUES (76, 2462, "2020-10-06 08:30:59");
INSERT INTO gefaellt (profilnummer, beitragsnummer, zeit) VALUES (76, 4675, "2020-10-02 07:04:42");
INSERT INTO gefaellt (profilnummer, beitragsnummer, zeit) VALUES (76, 2786, "2020-10-06 17:15:00");
INSERT INTO gefaellt (profilnummer, beitragsnummer, zeit) VALUES (76, 4980, "2020-10-03 17:32:24");
INSERT INTO gefaellt (profilnummer, beitragsnummer, zeit) VALUES (76, 3210, "2020-10-12 08:02:39");
INSERT INTO gefaellt (profilnummer, beitragsnummer, zeit) VALUES (76, 3378, "2020-10-13 08:49:16");
INSERT INTO gefaellt (profilnummer, beitragsnummer, zeit) VALUES (76, 3479, "2020-10-04 07:00:57");
INSERT INTO gefaellt (profilnummer, beitragsnummer, zeit) VALUES (76, 2435, "2020-10-13 18:19:22");
INSERT INTO gefaellt (profilnummer, beitragsnummer, zeit) VALUES (76, 3546, "2020-10-06 07:59:55");
INSERT INTO gefaellt (profilnummer, beitragsnummer, zeit) VALUES (76, 3309, "2020-10-03 17:11:09");
INSERT INTO gefaellt (profilnummer, beitragsnummer, zeit) VALUES (76, 4476, "2020-10-09 07:13:22");
INSERT INTO gefaellt (profilnummer, beitragsnummer, zeit) VALUES (76, 4301, "2020-10-11 07:01:42");
INSERT INTO gefaellt (profilnummer, beitragsnummer, zeit) VALUES (76, 1768, "2020-10-03 18:12:02");
INSERT INTO gefaellt (profilnummer, beitragsnummer, zeit) VALUES (76, 1070, "2020-10-10 17:24:56");
INSERT INTO gefaellt (profilnummer, beitragsnummer, zeit) VALUES (76, 2724, "2020-10-08 18:50:14");
INSERT INTO gefaellt (profilnummer, beitragsnummer, zeit) VALUES (76, 4144, "2020-10-09 07:52:50");
INSERT INTO gefaellt (profilnummer, beitragsnummer, zeit) VALUES (76, 2259, "2020-10-04 07:33:16");
INSERT INTO gefaellt (profilnummer, beitragsnummer, zeit) VALUES (76, 1771, "2020-10-08 18:53:00");
INSERT INTO gefaellt (profilnummer, beitragsnummer, zeit) VALUES (76, 1556, "2020-10-07 18:08:37");
INSERT INTO gefaellt (profilnummer, beitragsnummer, zeit) VALUES (76, 3743, "2020-10-04 07:55:50");
INSERT INTO gefaellt (profilnummer, beitragsnummer, zeit) VALUES (76, 1992, "2020-10-08 17:06:46");
INSERT INTO gefaellt (profilnummer, beitragsnummer, zeit) VALUES (76, 2036, "2020-10-07 17:58:23");
INSERT INTO gefaellt (profilnummer, beitragsnummer, zeit) VALUES (76, 4186, "2020-10-09 18:32:52");
INSERT INTO gefaellt (profilnummer, beitragsnummer, zeit) VALUES (76, 1351, "2020-10-13 17:06:40");
INSERT INTO gefaellt (profilnummer, beitragsnummer, zeit) VALUES (76, 3352, "2020-10-06 17:48:53");
INSERT INTO gefaellt (profilnummer, beitragsnummer, zeit) VALUES (76, 3683, "2020-10-01 18:25:52");
INSERT INTO gefaellt (profilnummer, beitragsnummer, zeit) VALUES (76, 1905, "2020-10-13 08:54:45");
INSERT INTO gefaellt (profilnummer, beitragsnummer, zeit) VALUES (76, 2120, "2020-10-10 18:23:58");
INSERT INTO gefaellt (profilnummer, beitragsnummer, zeit) VALUES (76, 4878, "2020-10-01 18:38:28");
INSERT INTO gefaellt (profilnummer, beitragsnummer, zeit) VALUES (41, 3750, "2020-10-12 15:00:54");
INSERT INTO gefaellt (profilnummer, beitragsnummer, zeit) VALUES (41, 4117, "2020-10-12 18:01:02");
INSERT INTO gefaellt (profilnummer, beitragsnummer, zeit) VALUES (41, 3210, "2020-10-12 13:02:23");
INSERT INTO gefaellt (profilnummer, beitragsnummer, zeit) VALUES (41, 4349, "2020-10-07 13:04:18");
INSERT INTO gefaellt (profilnummer, beitragsnummer, zeit) VALUES (41, 1508, "2020-10-07 13:03:16");
INSERT INTO gefaellt (profilnummer, beitragsnummer, zeit) VALUES (41, 1768, "2020-10-13 16:02:15");
INSERT INTO gefaellt (profilnummer, beitragsnummer, zeit) VALUES (41, 3703, "2020-10-12 19:02:35");
INSERT INTO gefaellt (profilnummer, beitragsnummer, zeit) VALUES (41, 4596, "2020-10-08 15:01:03");
INSERT INTO gefaellt (profilnummer, beitragsnummer, zeit) VALUES (41, 4301, "2020-10-12 16:03:07");
INSERT INTO gefaellt (profilnummer, beitragsnummer, zeit) VALUES (41, 1443, "2020-10-03 18:00:48");
INSERT INTO gefaellt (profilnummer, beitragsnummer, zeit) VALUES (41, 3546, "2020-10-13 13:02:27");
INSERT INTO gefaellt (profilnummer, beitragsnummer, zeit) VALUES (41, 2786, "2020-10-11 15:02:05");
INSERT INTO gefaellt (profilnummer, beitragsnummer, zeit) VALUES (41, 2166, "2020-10-01 14:03:40");
INSERT INTO gefaellt (profilnummer, beitragsnummer, zeit) VALUES (41, 1126, "2020-10-06 16:02:14");
INSERT INTO gefaellt (profilnummer, beitragsnummer, zeit) VALUES (41, 3775, "2020-10-02 16:03:41");
INSERT INTO gefaellt (profilnummer, beitragsnummer, zeit) VALUES (41, 1992, "2020-10-06 16:00:50");
INSERT INTO gefaellt (profilnummer, beitragsnummer, zeit) VALUES (41, 1757, "2020-10-03 14:04:18");
INSERT INTO gefaellt (profilnummer, beitragsnummer, zeit) VALUES (41, 3814, "2020-10-04 13:03:39");
INSERT INTO gefaellt (profilnummer, beitragsnummer, zeit) VALUES (41, 3479, "2020-10-04 17:04:16");
INSERT INTO gefaellt (profilnummer, beitragsnummer, zeit) VALUES (41, 2583, "2020-10-10 18:03:35");
INSERT INTO gefaellt (profilnummer, beitragsnummer, zeit) VALUES (41, 4730, "2020-10-07 14:03:36");
INSERT INTO gefaellt (profilnummer, beitragsnummer, zeit) VALUES (41, 3779, "2020-10-12 19:01:24");
INSERT INTO gefaellt (profilnummer, beitragsnummer, zeit) VALUES (41, 2140, "2020-10-05 18:03:38");
INSERT INTO gefaellt (profilnummer, beitragsnummer, zeit) VALUES (41, 4980, "2020-10-12 18:04:37");
INSERT INTO gefaellt (profilnummer, beitragsnummer, zeit) VALUES (41, 1592, "2020-10-03 13:00:02");
INSERT INTO gefaellt (profilnummer, beitragsnummer, zeit) VALUES (41, 3523, "2020-10-13 13:04:15");
INSERT INTO gefaellt (profilnummer, beitragsnummer, zeit) VALUES (41, 1696, "2020-10-02 15:03:44");
INSERT INTO gefaellt (profilnummer, beitragsnummer, zeit) VALUES (41, 2731, "2020-10-13 15:04:36");
INSERT INTO gefaellt (profilnummer, beitragsnummer, zeit) VALUES (41, 2120, "2020-10-12 13:04:05");
INSERT INTO gefaellt (profilnummer, beitragsnummer, zeit) VALUES (41, 1263, "2020-10-02 14:01:48");
INSERT INTO gefaellt (profilnummer, beitragsnummer, zeit) VALUES (41, 3466, "2020-10-05 13:03:03");
INSERT INTO gefaellt (profilnummer, beitragsnummer, zeit) VALUES (41, 3194, "2020-10-01 15:01:38");
INSERT INTO gefaellt (profilnummer, beitragsnummer, zeit) VALUES (41, 3889, "2020-10-07 19:00:24");
INSERT INTO gefaellt (profilnummer, beitragsnummer, zeit) VALUES (41, 1771, "2020-10-11 13:01:38");
INSERT INTO gefaellt (profilnummer, beitragsnummer, zeit) VALUES (41, 4912, "2020-10-06 16:02:06");
INSERT INTO gefaellt (profilnummer, beitragsnummer, zeit) VALUES (41, 1905, "2020-10-06 17:01:43");
INSERT INTO gefaellt (profilnummer, beitragsnummer, zeit) VALUES (41, 1717, "2020-10-07 18:02:41");
INSERT INTO gefaellt (profilnummer, beitragsnummer, zeit) VALUES (41, 3378, "2020-10-13 17:04:58");
INSERT INTO gefaellt (profilnummer, beitragsnummer, zeit) VALUES (41, 4176, "2020-10-05 16:00:40");
INSERT INTO gefaellt (profilnummer, beitragsnummer, zeit) VALUES (41, 4229, "2020-10-01 14:01:17");
INSERT INTO gefaellt (profilnummer, beitragsnummer, zeit) VALUES (41, 2914, "2020-10-10 13:04:26");
INSERT INTO gefaellt (profilnummer, beitragsnummer, zeit) VALUES (41, 1900, "2020-10-02 15:04:26");
INSERT INTO gefaellt (profilnummer, beitragsnummer, zeit) VALUES (41, 2462, "2020-10-12 17:04:59");
INSERT INTO gefaellt (profilnummer, beitragsnummer, zeit) VALUES (41, 2022, "2020-10-07 17:02:32");
INSERT INTO gefaellt (profilnummer, beitragsnummer, zeit) VALUES (41, 1135, "2020-10-03 13:02:27");
INSERT INTO gefaellt (profilnummer, beitragsnummer, zeit) VALUES (41, 3172, "2020-10-01 13:00:50");
INSERT INTO gefaellt (profilnummer, beitragsnummer, zeit) VALUES (41, 1360, "2020-10-10 13:04:41");
INSERT INTO gefaellt (profilnummer, beitragsnummer, zeit) VALUES (41, 1522, "2020-10-03 16:03:32");
INSERT INTO gefaellt (profilnummer, beitragsnummer, zeit) VALUES (41, 3642, "2020-10-07 15:00:53");
INSERT INTO gefaellt (profilnummer, beitragsnummer, zeit) VALUES (41, 3743, "2020-10-06 17:03:37");
INSERT INTO gefaellt (profilnummer, beitragsnummer, zeit) VALUES (41, 4186, "2020-10-04 17:04:23");
INSERT INTO gefaellt (profilnummer, beitragsnummer, zeit) VALUES (41, 1090, "2020-10-04 15:02:15");
INSERT INTO gefaellt (profilnummer, beitragsnummer, zeit) VALUES (41, 4675, "2020-10-03 15:01:22");
INSERT INTO gefaellt (profilnummer, beitragsnummer, zeit) VALUES (41, 4249, "2020-10-01 13:04:10");
INSERT INTO gefaellt (profilnummer, beitragsnummer, zeit) VALUES (41, 4144, "2020-10-13 14:02:58");
INSERT INTO gefaellt (profilnummer, beitragsnummer, zeit) VALUES (41, 1919, "2020-10-03 13:01:46");
INSERT INTO gefaellt (profilnummer, beitragsnummer, zeit) VALUES (113, 2036, "2020-10-03 22:01:52");
INSERT INTO gefaellt (profilnummer, beitragsnummer, zeit) VALUES (113, 3546, "2020-10-08 22:04:52");
INSERT INTO gefaellt (profilnummer, beitragsnummer, zeit) VALUES (113, 3814, "2020-10-06 21:03:32");
INSERT INTO gefaellt (profilnummer, beitragsnummer, zeit) VALUES (113, 1351, "2020-10-03 19:03:18");
INSERT INTO gefaellt (profilnummer, beitragsnummer, zeit) VALUES (113, 1070, "2020-10-07 22:04:25");
INSERT INTO gefaellt (profilnummer, beitragsnummer, zeit) VALUES (113, 2120, "2020-10-08 23:02:51");
INSERT INTO gefaellt (profilnummer, beitragsnummer, zeit) VALUES (113, 1757, "2020-10-02 19:02:46");
INSERT INTO gefaellt (profilnummer, beitragsnummer, zeit) VALUES (113, 3210, "2020-10-09 20:04:39");
INSERT INTO gefaellt (profilnummer, beitragsnummer, zeit) VALUES (113, 4302, "2020-10-11 21:04:22");
INSERT INTO gefaellt (profilnummer, beitragsnummer, zeit) VALUES (113, 1900, "2020-10-07 23:02:53");
INSERT INTO gefaellt (profilnummer, beitragsnummer, zeit) VALUES (113, 2617, "2020-10-09 20:04:56");
INSERT INTO gefaellt (profilnummer, beitragsnummer, zeit) VALUES (113, 3378, "2020-10-03 20:02:51");
INSERT INTO gefaellt (profilnummer, beitragsnummer, zeit) VALUES (113, 4363, "2020-10-13 23:02:15");
INSERT INTO gefaellt (profilnummer, beitragsnummer, zeit) VALUES (113, 1992, "2020-10-12 22:03:34");
INSERT INTO gefaellt (profilnummer, beitragsnummer, zeit) VALUES (113, 4675, "2020-10-11 23:00:52");
INSERT INTO gefaellt (profilnummer, beitragsnummer, zeit) VALUES (113, 3775, "2020-10-03 23:03:58");
INSERT INTO gefaellt (profilnummer, beitragsnummer, zeit) VALUES (113, 2731, "2020-10-03 19:01:36");
INSERT INTO gefaellt (profilnummer, beitragsnummer, zeit) VALUES (113, 2127, "2020-10-10 19:04:22");
INSERT INTO gefaellt (profilnummer, beitragsnummer, zeit) VALUES (113, 2786, "2020-10-11 21:04:40");
INSERT INTO gefaellt (profilnummer, beitragsnummer, zeit) VALUES (113, 2421, "2020-10-01 20:01:09");
INSERT INTO gefaellt (profilnummer, beitragsnummer, zeit) VALUES (113, 1090, "2020-10-13 19:02:57");
INSERT INTO gefaellt (profilnummer, beitragsnummer, zeit) VALUES (113, 4596, "2020-10-06 21:01:25");
INSERT INTO gefaellt (profilnummer, beitragsnummer, zeit) VALUES (113, 1263, "2020-10-08 21:02:40");
INSERT INTO gefaellt (profilnummer, beitragsnummer, zeit) VALUES (113, 4476, "2020-10-12 23:02:29");
INSERT INTO gefaellt (profilnummer, beitragsnummer, zeit) VALUES (113, 4537, "2020-10-12 21:04:49");
INSERT INTO gefaellt (profilnummer, beitragsnummer, zeit) VALUES (113, 4730, "2020-10-04 20:00:50");
INSERT INTO gefaellt (profilnummer, beitragsnummer, zeit) VALUES (113, 2563, "2020-10-09 19:02:54");
INSERT INTO gefaellt (profilnummer, beitragsnummer, zeit) VALUES (113, 3475, "2020-10-13 22:02:18");
INSERT INTO gefaellt (profilnummer, beitragsnummer, zeit) VALUES (113, 2583, "2020-10-06 22:04:38");
INSERT INTO gefaellt (profilnummer, beitragsnummer, zeit) VALUES (113, 3309, "2020-10-01 19:04:59");
INSERT INTO gefaellt (profilnummer, beitragsnummer, zeit) VALUES (113, 3381, "2020-10-07 23:02:32");
INSERT INTO gefaellt (profilnummer, beitragsnummer, zeit) VALUES (113, 4912, "2020-10-12 21:04:24");
INSERT INTO gefaellt (profilnummer, beitragsnummer, zeit) VALUES (113, 1126, "2020-10-12 23:02:42");
INSERT INTO gefaellt (profilnummer, beitragsnummer, zeit) VALUES (113, 3069, "2020-10-11 21:02:57");
INSERT INTO gefaellt (profilnummer, beitragsnummer, zeit) VALUES (113, 3128, "2020-10-09 19:03:24");
INSERT INTO gefaellt (profilnummer, beitragsnummer, zeit) VALUES (113, 2076, "2020-10-02 22:02:03");
INSERT INTO gefaellt (profilnummer, beitragsnummer, zeit) VALUES (113, 2188, "2020-10-03 21:01:42");
INSERT INTO gefaellt (profilnummer, beitragsnummer, zeit) VALUES (113, 1768, "2020-10-12 19:01:32");
INSERT INTO gefaellt (profilnummer, beitragsnummer, zeit) VALUES (113, 4186, "2020-10-12 22:04:50");
INSERT INTO gefaellt (profilnummer, beitragsnummer, zeit) VALUES (113, 2022, "2020-10-11 23:03:50");
INSERT INTO gefaellt (profilnummer, beitragsnummer, zeit) VALUES (113, 4117, "2020-10-13 19:04:48");
INSERT INTO gefaellt (profilnummer, beitragsnummer, zeit) VALUES (113, 4249, "2020-10-04 19:00:13");
INSERT INTO gefaellt (profilnummer, beitragsnummer, zeit) VALUES (70, 4596, "2020-10-06 07:47:31");
INSERT INTO gefaellt (profilnummer, beitragsnummer, zeit) VALUES (70, 1360, "2020-10-06 07:47:32");
INSERT INTO gefaellt (profilnummer, beitragsnummer, zeit) VALUES (70, 4912, "2020-10-06 07:47:33");
INSERT INTO gefaellt (profilnummer, beitragsnummer, zeit) VALUES (70, 3763, "2020-10-06 07:47:34");
INSERT INTO gefaellt (profilnummer, beitragsnummer, zeit) VALUES (70, 3352, "2020-10-06 07:47:35");
INSERT INTO gefaellt (profilnummer, beitragsnummer, zeit) VALUES (70, 4621, "2020-10-06 07:47:36");
INSERT INTO gefaellt (profilnummer, beitragsnummer, zeit) VALUES (70, 3381, "2020-10-06 07:47:37");
INSERT INTO gefaellt (profilnummer, beitragsnummer, zeit) VALUES (70, 3210, "2020-10-06 07:47:38");
INSERT INTO gefaellt (profilnummer, beitragsnummer, zeit) VALUES (70, 1771, "2020-10-06 07:47:39");
INSERT INTO gefaellt (profilnummer, beitragsnummer, zeit) VALUES (70, 1070, "2020-10-06 07:47:40");
INSERT INTO gefaellt (profilnummer, beitragsnummer, zeit) VALUES (70, 1592, "2020-10-06 07:47:41");
INSERT INTO gefaellt (profilnummer, beitragsnummer, zeit) VALUES (70, 3750, "2020-10-06 07:47:42");
INSERT INTO gefaellt (profilnummer, beitragsnummer, zeit) VALUES (70, 3194, "2020-10-06 07:47:43");
INSERT INTO gefaellt (profilnummer, beitragsnummer, zeit) VALUES (70, 2036, "2020-10-02 03:53:56");
INSERT INTO gefaellt (profilnummer, beitragsnummer, zeit) VALUES (70, 1905, "2020-10-02 03:53:57");
INSERT INTO gefaellt (profilnummer, beitragsnummer, zeit) VALUES (70, 2421, "2020-10-02 03:53:58");
INSERT INTO gefaellt (profilnummer, beitragsnummer, zeit) VALUES (70, 4349, "2020-10-02 03:53:59");
INSERT INTO gefaellt (profilnummer, beitragsnummer, zeit) VALUES (70, 1238, "2020-10-02 03:54:00");
INSERT INTO gefaellt (profilnummer, beitragsnummer, zeit) VALUES (70, 1900, "2020-10-02 03:54:01");
INSERT INTO gefaellt (profilnummer, beitragsnummer, zeit) VALUES (70, 1757, "2020-10-02 03:54:02");
INSERT INTO gefaellt (profilnummer, beitragsnummer, zeit) VALUES (70, 3523, "2020-10-02 03:54:03");
INSERT INTO gefaellt (profilnummer, beitragsnummer, zeit) VALUES (70, 2813, "2020-10-02 03:54:04");
INSERT INTO gefaellt (profilnummer, beitragsnummer, zeit) VALUES (70, 3128, "2020-10-02 03:54:05");
INSERT INTO gefaellt (profilnummer, beitragsnummer, zeit) VALUES (70, 4878, "2020-10-02 03:54:06");
INSERT INTO gefaellt (profilnummer, beitragsnummer, zeit) VALUES (70, 2563, "2020-10-02 03:54:07");
INSERT INTO gefaellt (profilnummer, beitragsnummer, zeit) VALUES (70, 4117, "2020-10-02 03:54:08");
INSERT INTO gefaellt (profilnummer, beitragsnummer, zeit) VALUES (70, 3814, "2020-10-02 03:54:09");
INSERT INTO gefaellt (profilnummer, beitragsnummer, zeit) VALUES (70, 3172, "2020-10-02 03:54:10");
INSERT INTO gefaellt (profilnummer, beitragsnummer, zeit) VALUES (70, 3127, "2020-10-02 03:54:11");
INSERT INTO gefaellt (profilnummer, beitragsnummer, zeit) VALUES (70, 4980, "2020-10-02 03:54:12");
INSERT INTO gefaellt (profilnummer, beitragsnummer, zeit) VALUES (70, 1556, "2020-10-02 03:54:13");
INSERT INTO gefaellt (profilnummer, beitragsnummer, zeit) VALUES (70, 2914, "2020-10-02 03:54:14");
INSERT INTO gefaellt (profilnummer, beitragsnummer, zeit) VALUES (70, 2583, "2020-10-02 03:54:15");
INSERT INTO gefaellt (profilnummer, beitragsnummer, zeit) VALUES (70, 4059, "2020-10-02 03:54:16");
INSERT INTO gefaellt (profilnummer, beitragsnummer, zeit) VALUES (70, 2751, "2020-10-02 03:54:17");
INSERT INTO gefaellt (profilnummer, beitragsnummer, zeit) VALUES (70, 4675, "2020-10-02 03:54:18");
INSERT INTO gefaellt (profilnummer, beitragsnummer, zeit) VALUES (70, 1508, "2020-10-02 03:54:19");
INSERT INTO gefaellt (profilnummer, beitragsnummer, zeit) VALUES (70, 3683, "2020-10-02 03:54:20");
