DELETE FROM profil; 
DELETE FROM beitrag; 
DELETE FROM gefaellt; 
INSERT INTO profil (profilnummer) VALUES (130);
INSERT INTO profil (profilnummer) VALUES (181);
INSERT INTO profil (profilnummer) VALUES (19);
INSERT INTO profil (profilnummer) VALUES (86);
INSERT INTO profil (profilnummer) VALUES (14);
INSERT INTO profil (profilnummer) VALUES (151);
INSERT INTO profil (profilnummer) VALUES (76);
INSERT INTO profil (profilnummer) VALUES (41);
INSERT INTO profil (profilnummer) VALUES (113);
INSERT INTO profil (profilnummer) VALUES (70);
INSERT INTO beitrag (beitragsnummer, autor_profilnummer) VALUES (2720, 130);
INSERT INTO beitrag (beitragsnummer, autor_profilnummer) VALUES (4041, 130);
INSERT INTO beitrag (beitragsnummer, autor_profilnummer) VALUES (3706, 130);
INSERT INTO beitrag (beitragsnummer, autor_profilnummer) VALUES (2326, 130);
INSERT INTO beitrag (beitragsnummer, autor_profilnummer) VALUES (2103, 130);
INSERT INTO beitrag (beitragsnummer, autor_profilnummer) VALUES (1457, 130);
INSERT INTO beitrag (beitragsnummer, autor_profilnummer) VALUES (2598, 130);
INSERT INTO beitrag (beitragsnummer, autor_profilnummer) VALUES (2959, 130);
INSERT INTO beitrag (beitragsnummer, autor_profilnummer) VALUES (4952, 130);
INSERT INTO beitrag (beitragsnummer, autor_profilnummer) VALUES (1307, 181);
INSERT INTO beitrag (beitragsnummer, autor_profilnummer) VALUES (2476, 181);
INSERT INTO beitrag (beitragsnummer, autor_profilnummer) VALUES (4275, 19);
INSERT INTO beitrag (beitragsnummer, autor_profilnummer) VALUES (1155, 19);
INSERT INTO beitrag (beitragsnummer, autor_profilnummer) VALUES (3060, 19);
INSERT INTO beitrag (beitragsnummer, autor_profilnummer) VALUES (1332, 19);
INSERT INTO beitrag (beitragsnummer, autor_profilnummer) VALUES (2785, 19);
INSERT INTO beitrag (beitragsnummer, autor_profilnummer) VALUES (2309, 19);
INSERT INTO beitrag (beitragsnummer, autor_profilnummer) VALUES (1906, 19);
INSERT INTO beitrag (beitragsnummer, autor_profilnummer) VALUES (2234, 19);
INSERT INTO beitrag (beitragsnummer, autor_profilnummer) VALUES (2322, 19);
INSERT INTO beitrag (beitragsnummer, autor_profilnummer) VALUES (4236, 19);
INSERT INTO beitrag (beitragsnummer, autor_profilnummer) VALUES (3918, 19);
INSERT INTO beitrag (beitragsnummer, autor_profilnummer) VALUES (4866, 19);
INSERT INTO beitrag (beitragsnummer, autor_profilnummer) VALUES (2213, 19);
INSERT INTO beitrag (beitragsnummer, autor_profilnummer) VALUES (1143, 19);
INSERT INTO beitrag (beitragsnummer, autor_profilnummer) VALUES (2518, 86);
INSERT INTO beitrag (beitragsnummer, autor_profilnummer) VALUES (2122, 86);
INSERT INTO beitrag (beitragsnummer, autor_profilnummer) VALUES (3953, 86);
INSERT INTO beitrag (beitragsnummer, autor_profilnummer) VALUES (4035, 86);
INSERT INTO beitrag (beitragsnummer, autor_profilnummer) VALUES (1390, 86);
INSERT INTO beitrag (beitragsnummer, autor_profilnummer) VALUES (2251, 86);
INSERT INTO beitrag (beitragsnummer, autor_profilnummer) VALUES (2819, 86);
INSERT INTO beitrag (beitragsnummer, autor_profilnummer) VALUES (1185, 86);
INSERT INTO beitrag (beitragsnummer, autor_profilnummer) VALUES (3346, 86);
INSERT INTO beitrag (beitragsnummer, autor_profilnummer) VALUES (3571, 86);
INSERT INTO beitrag (beitragsnummer, autor_profilnummer) VALUES (3393, 86);
INSERT INTO beitrag (beitragsnummer, autor_profilnummer) VALUES (4933, 86);
INSERT INTO beitrag (beitragsnummer, autor_profilnummer) VALUES (3619, 86);
INSERT INTO beitrag (beitragsnummer, autor_profilnummer) VALUES (2432, 86);
INSERT INTO beitrag (beitragsnummer, autor_profilnummer) VALUES (4389, 86);
INSERT INTO beitrag (beitragsnummer, autor_profilnummer) VALUES (3974, 86);
INSERT INTO beitrag (beitragsnummer, autor_profilnummer) VALUES (3480, 86);
INSERT INTO beitrag (beitragsnummer, autor_profilnummer) VALUES (3232, 86);
INSERT INTO beitrag (beitragsnummer, autor_profilnummer) VALUES (1362, 86);
INSERT INTO beitrag (beitragsnummer, autor_profilnummer) VALUES (2656, 86);
INSERT INTO beitrag (beitragsnummer, autor_profilnummer) VALUES (2319, 86);
INSERT INTO beitrag (beitragsnummer, autor_profilnummer) VALUES (3126, 86);
INSERT INTO beitrag (beitragsnummer, autor_profilnummer) VALUES (1092, 86);
INSERT INTO beitrag (beitragsnummer, autor_profilnummer) VALUES (1006, 86);
INSERT INTO beitrag (beitragsnummer, autor_profilnummer) VALUES (3488, 86);
INSERT INTO beitrag (beitragsnummer, autor_profilnummer) VALUES (1742, 86);
INSERT INTO beitrag (beitragsnummer, autor_profilnummer) VALUES (1383, 86);
INSERT INTO beitrag (beitragsnummer, autor_profilnummer) VALUES (2474, 86);
INSERT INTO beitrag (beitragsnummer, autor_profilnummer) VALUES (2999, 86);
INSERT INTO beitrag (beitragsnummer, autor_profilnummer) VALUES (3026, 86);
INSERT INTO beitrag (beitragsnummer, autor_profilnummer) VALUES (2814, 86);
INSERT INTO beitrag (beitragsnummer, autor_profilnummer) VALUES (1915, 86);
INSERT INTO beitrag (beitragsnummer, autor_profilnummer) VALUES (3590, 86);
INSERT INTO beitrag (beitragsnummer, autor_profilnummer) VALUES (1053, 86);
INSERT INTO beitrag (beitragsnummer, autor_profilnummer) VALUES (3995, 86);
INSERT INTO beitrag (beitragsnummer, autor_profilnummer) VALUES (3524, 86);
INSERT INTO beitrag (beitragsnummer, autor_profilnummer) VALUES (2756, 86);
INSERT INTO beitrag (beitragsnummer, autor_profilnummer) VALUES (3925, 86);
INSERT INTO beitrag (beitragsnummer, autor_profilnummer) VALUES (1066, 14);
INSERT INTO beitrag (beitragsnummer, autor_profilnummer) VALUES (4999, 14);
INSERT INTO beitrag (beitragsnummer, autor_profilnummer) VALUES (2456, 14);
INSERT INTO beitrag (beitragsnummer, autor_profilnummer) VALUES (4829, 14);
INSERT INTO beitrag (beitragsnummer, autor_profilnummer) VALUES (3671, 14);
INSERT INTO beitrag (beitragsnummer, autor_profilnummer) VALUES (3783, 14);
INSERT INTO beitrag (beitragsnummer, autor_profilnummer) VALUES (4891, 14);
INSERT INTO beitrag (beitragsnummer, autor_profilnummer) VALUES (1031, 14);
INSERT INTO beitrag (beitragsnummer, autor_profilnummer) VALUES (3883, 14);
INSERT INTO beitrag (beitragsnummer, autor_profilnummer) VALUES (2849, 14);
INSERT INTO beitrag (beitragsnummer, autor_profilnummer) VALUES (2165, 151);
INSERT INTO beitrag (beitragsnummer, autor_profilnummer) VALUES (2629, 151);
INSERT INTO beitrag (beitragsnummer, autor_profilnummer) VALUES (1258, 151);
INSERT INTO beitrag (beitragsnummer, autor_profilnummer) VALUES (2048, 151);
INSERT INTO beitrag (beitragsnummer, autor_profilnummer) VALUES (2631, 76);
INSERT INTO beitrag (beitragsnummer, autor_profilnummer) VALUES (2600, 76);
INSERT INTO beitrag (beitragsnummer, autor_profilnummer) VALUES (4311, 76);
INSERT INTO beitrag (beitragsnummer, autor_profilnummer) VALUES (2293, 76);
INSERT INTO beitrag (beitragsnummer, autor_profilnummer) VALUES (1828, 76);
INSERT INTO beitrag (beitragsnummer, autor_profilnummer) VALUES (4819, 76);
INSERT INTO beitrag (beitragsnummer, autor_profilnummer) VALUES (1795, 76);
INSERT INTO beitrag (beitragsnummer, autor_profilnummer) VALUES (2335, 76);
INSERT INTO beitrag (beitragsnummer, autor_profilnummer) VALUES (1803, 76);
INSERT INTO beitrag (beitragsnummer, autor_profilnummer) VALUES (4855, 41);
INSERT INTO beitrag (beitragsnummer, autor_profilnummer) VALUES (2359, 41);
INSERT INTO beitrag (beitragsnummer, autor_profilnummer) VALUES (2316, 41);
INSERT INTO beitrag (beitragsnummer, autor_profilnummer) VALUES (1305, 41);
INSERT INTO beitrag (beitragsnummer, autor_profilnummer) VALUES (1973, 41);
INSERT INTO beitrag (beitragsnummer, autor_profilnummer) VALUES (4409, 41);
INSERT INTO beitrag (beitragsnummer, autor_profilnummer) VALUES (4251, 41);
INSERT INTO beitrag (beitragsnummer, autor_profilnummer) VALUES (3901, 41);
INSERT INTO beitrag (beitragsnummer, autor_profilnummer) VALUES (4660, 41);
INSERT INTO beitrag (beitragsnummer, autor_profilnummer) VALUES (4401, 41);
INSERT INTO beitrag (beitragsnummer, autor_profilnummer) VALUES (1536, 41);
INSERT INTO beitrag (beitragsnummer, autor_profilnummer) VALUES (3036, 41);
INSERT INTO beitrag (beitragsnummer, autor_profilnummer) VALUES (4736, 41);
INSERT INTO beitrag (beitragsnummer, autor_profilnummer) VALUES (4108, 41);
INSERT INTO beitrag (beitragsnummer, autor_profilnummer) VALUES (2870, 41);
INSERT INTO beitrag (beitragsnummer, autor_profilnummer) VALUES (3861, 41);
INSERT INTO beitrag (beitragsnummer, autor_profilnummer) VALUES (4293, 41);
INSERT INTO beitrag (beitragsnummer, autor_profilnummer) VALUES (4314, 41);
INSERT INTO beitrag (beitragsnummer, autor_profilnummer) VALUES (1943, 41);
INSERT INTO beitrag (beitragsnummer, autor_profilnummer) VALUES (4637, 41);
INSERT INTO beitrag (beitragsnummer, autor_profilnummer) VALUES (4695, 41);
INSERT INTO beitrag (beitragsnummer, autor_profilnummer) VALUES (3842, 41);
INSERT INTO beitrag (beitragsnummer, autor_profilnummer) VALUES (1439, 113);
INSERT INTO beitrag (beitragsnummer, autor_profilnummer) VALUES (4743, 113);
INSERT INTO beitrag (beitragsnummer, autor_profilnummer) VALUES (3292, 113);
INSERT INTO beitrag (beitragsnummer, autor_profilnummer) VALUES (3399, 113);
INSERT INTO beitrag (beitragsnummer, autor_profilnummer) VALUES (2045, 113);
INSERT INTO beitrag (beitragsnummer, autor_profilnummer) VALUES (1767, 113);
INSERT INTO beitrag (beitragsnummer, autor_profilnummer) VALUES (4813, 113);
INSERT INTO beitrag (beitragsnummer, autor_profilnummer) VALUES (2334, 113);
INSERT INTO beitrag (beitragsnummer, autor_profilnummer) VALUES (2198, 113);
INSERT INTO beitrag (beitragsnummer, autor_profilnummer) VALUES (3522, 70);
INSERT INTO gefaellt (profilnummer, beitragsnummer, zeit) VALUES (130, 2518, "2020-10-07 16:09:26");
INSERT INTO gefaellt (profilnummer, beitragsnummer, zeit) VALUES (130, 2122, "2020-10-09 09:57:56");
INSERT INTO gefaellt (profilnummer, beitragsnummer, zeit) VALUES (130, 3953, "2020-10-08 16:30:32");
INSERT INTO gefaellt (profilnummer, beitragsnummer, zeit) VALUES (130, 4035, "2020-10-09 11:40:14");
INSERT INTO gefaellt (profilnummer, beitragsnummer, zeit) VALUES (130, 1390, "2020-10-02 20:53:06");
INSERT INTO gefaellt (profilnummer, beitragsnummer, zeit) VALUES (130, 2251, "2020-10-09 10:38:30");
INSERT INTO gefaellt (profilnummer, beitragsnummer, zeit) VALUES (130, 2819, "2020-10-13 07:27:40");
INSERT INTO gefaellt (profilnummer, beitragsnummer, zeit) VALUES (130, 1185, "2020-10-08 08:53:12");
INSERT INTO gefaellt (profilnummer, beitragsnummer, zeit) VALUES (130, 3346, "2020-10-08 19:47:07");
INSERT INTO gefaellt (profilnummer, beitragsnummer, zeit) VALUES (130, 3571, "2020-10-08 23:31:47");
INSERT INTO gefaellt (profilnummer, beitragsnummer, zeit) VALUES (130, 3393, "2020-10-05 09:26:41");
INSERT INTO gefaellt (profilnummer, beitragsnummer, zeit) VALUES (130, 4933, "2020-10-02 18:34:50");
INSERT INTO gefaellt (profilnummer, beitragsnummer, zeit) VALUES (130, 3619, "2020-10-13 23:20:20");
INSERT INTO gefaellt (profilnummer, beitragsnummer, zeit) VALUES (130, 2432, "2020-10-02 13:07:20");
INSERT INTO gefaellt (profilnummer, beitragsnummer, zeit) VALUES (130, 4389, "2020-10-12 17:18:49");
INSERT INTO gefaellt (profilnummer, beitragsnummer, zeit) VALUES (130, 3974, "2020-10-04 17:43:00");
INSERT INTO gefaellt (profilnummer, beitragsnummer, zeit) VALUES (130, 3480, "2020-10-06 20:29:53");
INSERT INTO gefaellt (profilnummer, beitragsnummer, zeit) VALUES (130, 3232, "2020-10-04 13:45:32");
INSERT INTO gefaellt (profilnummer, beitragsnummer, zeit) VALUES (130, 1362, "2020-10-05 23:03:32");
INSERT INTO gefaellt (profilnummer, beitragsnummer, zeit) VALUES (130, 2656, "2020-10-03 14:29:33");
INSERT INTO gefaellt (profilnummer, beitragsnummer, zeit) VALUES (130, 2319, "2020-10-07 19:43:09");
INSERT INTO gefaellt (profilnummer, beitragsnummer, zeit) VALUES (130, 3126, "2020-10-08 23:09:10");
INSERT INTO gefaellt (profilnummer, beitragsnummer, zeit) VALUES (130, 1092, "2020-10-03 19:23:52");
INSERT INTO gefaellt (profilnummer, beitragsnummer, zeit) VALUES (130, 1006, "2020-10-11 22:47:48");
INSERT INTO gefaellt (profilnummer, beitragsnummer, zeit) VALUES (130, 3488, "2020-10-06 21:56:30");
INSERT INTO gefaellt (profilnummer, beitragsnummer, zeit) VALUES (130, 1742, "2020-10-03 13:39:38");
INSERT INTO gefaellt (profilnummer, beitragsnummer, zeit) VALUES (130, 1383, "2020-10-11 20:57:40");
INSERT INTO gefaellt (profilnummer, beitragsnummer, zeit) VALUES (130, 2474, "2020-10-12 12:37:27");
INSERT INTO gefaellt (profilnummer, beitragsnummer, zeit) VALUES (130, 2999, "2020-10-11 18:25:08");
INSERT INTO gefaellt (profilnummer, beitragsnummer, zeit) VALUES (130, 3026, "2020-10-08 19:37:18");
INSERT INTO gefaellt (profilnummer, beitragsnummer, zeit) VALUES (130, 2814, "2020-10-05 21:49:42");
INSERT INTO gefaellt (profilnummer, beitragsnummer, zeit) VALUES (130, 1915, "2020-10-03 18:10:33");
INSERT INTO gefaellt (profilnummer, beitragsnummer, zeit) VALUES (130, 3590, "2020-10-02 22:10:08");
INSERT INTO gefaellt (profilnummer, beitragsnummer, zeit) VALUES (130, 1053, "2020-10-04 07:53:15");
INSERT INTO gefaellt (profilnummer, beitragsnummer, zeit) VALUES (130, 3995, "2020-10-02 13:26:48");
INSERT INTO gefaellt (profilnummer, beitragsnummer, zeit) VALUES (130, 3524, "2020-10-04 07:16:47");
INSERT INTO gefaellt (profilnummer, beitragsnummer, zeit) VALUES (130, 2756, "2020-10-01 18:40:32");
INSERT INTO gefaellt (profilnummer, beitragsnummer, zeit) VALUES (130, 3925, "2020-10-01 07:36:29");
INSERT INTO gefaellt (profilnummer, beitragsnummer, zeit) VALUES (181, 2518, "2020-09-06 12:00:00");
INSERT INTO gefaellt (profilnummer, beitragsnummer, zeit) VALUES (181, 2122, "2020-09-07 12:00:00");
INSERT INTO gefaellt (profilnummer, beitragsnummer, zeit) VALUES (181, 3953, "2020-09-08 12:00:00");
INSERT INTO gefaellt (profilnummer, beitragsnummer, zeit) VALUES (181, 4035, "2020-09-09 12:00:00");
INSERT INTO gefaellt (profilnummer, beitragsnummer, zeit) VALUES (181, 1390, "2020-09-10 12:00:00");
INSERT INTO gefaellt (profilnummer, beitragsnummer, zeit) VALUES (181, 2251, "2020-09-11 12:00:00");
INSERT INTO gefaellt (profilnummer, beitragsnummer, zeit) VALUES (181, 2819, "2020-09-12 12:00:00");
INSERT INTO gefaellt (profilnummer, beitragsnummer, zeit) VALUES (181, 1185, "2020-09-13 12:00:00");
INSERT INTO gefaellt (profilnummer, beitragsnummer, zeit) VALUES (181, 3346, "2020-09-14 12:00:00");
INSERT INTO gefaellt (profilnummer, beitragsnummer, zeit) VALUES (181, 3571, "2020-09-15 12:00:00");
INSERT INTO gefaellt (profilnummer, beitragsnummer, zeit) VALUES (181, 3393, "2020-09-16 12:00:00");
INSERT INTO gefaellt (profilnummer, beitragsnummer, zeit) VALUES (181, 4933, "2020-09-17 12:00:00");
INSERT INTO gefaellt (profilnummer, beitragsnummer, zeit) VALUES (181, 3619, "2020-09-18 12:00:00");
INSERT INTO gefaellt (profilnummer, beitragsnummer, zeit) VALUES (181, 2432, "2020-09-19 12:00:00");
INSERT INTO gefaellt (profilnummer, beitragsnummer, zeit) VALUES (181, 4389, "2020-09-20 12:00:00");
INSERT INTO gefaellt (profilnummer, beitragsnummer, zeit) VALUES (181, 3974, "2020-09-21 12:00:00");
INSERT INTO gefaellt (profilnummer, beitragsnummer, zeit) VALUES (181, 3480, "2020-09-22 12:00:00");
INSERT INTO gefaellt (profilnummer, beitragsnummer, zeit) VALUES (181, 3232, "2020-09-23 12:00:00");
INSERT INTO gefaellt (profilnummer, beitragsnummer, zeit) VALUES (181, 1362, "2020-09-24 12:00:00");
INSERT INTO gefaellt (profilnummer, beitragsnummer, zeit) VALUES (181, 2656, "2020-09-25 12:00:00");
INSERT INTO gefaellt (profilnummer, beitragsnummer, zeit) VALUES (181, 2319, "2020-09-26 12:00:00");
INSERT INTO gefaellt (profilnummer, beitragsnummer, zeit) VALUES (181, 3126, "2020-09-27 12:00:00");
INSERT INTO gefaellt (profilnummer, beitragsnummer, zeit) VALUES (181, 1092, "2020-09-28 12:00:00");
INSERT INTO gefaellt (profilnummer, beitragsnummer, zeit) VALUES (181, 1006, "2020-09-29 12:00:00");
INSERT INTO gefaellt (profilnummer, beitragsnummer, zeit) VALUES (181, 3488, "2020-09-30 12:00:00");
INSERT INTO gefaellt (profilnummer, beitragsnummer, zeit) VALUES (181, 1742, "2020-10-01 12:00:00");
INSERT INTO gefaellt (profilnummer, beitragsnummer, zeit) VALUES (181, 1383, "2020-10-02 12:00:00");
INSERT INTO gefaellt (profilnummer, beitragsnummer, zeit) VALUES (181, 2474, "2020-10-03 12:00:00");
INSERT INTO gefaellt (profilnummer, beitragsnummer, zeit) VALUES (181, 2999, "2020-10-04 12:00:00");
INSERT INTO gefaellt (profilnummer, beitragsnummer, zeit) VALUES (181, 3026, "2020-10-05 12:00:00");
INSERT INTO gefaellt (profilnummer, beitragsnummer, zeit) VALUES (181, 2814, "2020-10-06 12:00:00");
INSERT INTO gefaellt (profilnummer, beitragsnummer, zeit) VALUES (181, 1915, "2020-10-07 12:00:00");
INSERT INTO gefaellt (profilnummer, beitragsnummer, zeit) VALUES (181, 3590, "2020-10-08 12:00:00");
INSERT INTO gefaellt (profilnummer, beitragsnummer, zeit) VALUES (181, 1053, "2020-10-09 12:00:00");
INSERT INTO gefaellt (profilnummer, beitragsnummer, zeit) VALUES (181, 3995, "2020-10-10 12:00:00");
INSERT INTO gefaellt (profilnummer, beitragsnummer, zeit) VALUES (181, 3524, "2020-10-11 12:00:00");
INSERT INTO gefaellt (profilnummer, beitragsnummer, zeit) VALUES (181, 2756, "2020-10-12 12:00:00");
INSERT INTO gefaellt (profilnummer, beitragsnummer, zeit) VALUES (181, 3925, "2020-10-13 12:00:00");
INSERT INTO gefaellt (profilnummer, beitragsnummer, zeit) VALUES (19, 2720, "2020-10-02 09:15:08");
INSERT INTO gefaellt (profilnummer, beitragsnummer, zeit) VALUES (19, 4041, "2020-10-13 18:29:30");
INSERT INTO gefaellt (profilnummer, beitragsnummer, zeit) VALUES (19, 3706, "2020-10-09 11:54:28");
INSERT INTO gefaellt (profilnummer, beitragsnummer, zeit) VALUES (19, 2326, "2020-10-03 16:59:30");
INSERT INTO gefaellt (profilnummer, beitragsnummer, zeit) VALUES (19, 2103, "2020-10-13 17:15:29");
INSERT INTO gefaellt (profilnummer, beitragsnummer, zeit) VALUES (19, 1457, "2020-10-04 09:18:19");
INSERT INTO gefaellt (profilnummer, beitragsnummer, zeit) VALUES (19, 2598, "2020-10-04 15:43:20");
INSERT INTO gefaellt (profilnummer, beitragsnummer, zeit) VALUES (19, 2959, "2020-10-03 15:48:40");
INSERT INTO gefaellt (profilnummer, beitragsnummer, zeit) VALUES (19, 4952, "2020-10-08 13:58:01");
INSERT INTO gefaellt (profilnummer, beitragsnummer, zeit) VALUES (19, 1307, "2020-10-09 15:30:26");
INSERT INTO gefaellt (profilnummer, beitragsnummer, zeit) VALUES (19, 2476, "2020-10-04 09:43:07");
INSERT INTO gefaellt (profilnummer, beitragsnummer, zeit) VALUES (19, 4275, "2020-10-03 17:43:25");
INSERT INTO gefaellt (profilnummer, beitragsnummer, zeit) VALUES (19, 1155, "2020-10-11 11:19:57");
INSERT INTO gefaellt (profilnummer, beitragsnummer, zeit) VALUES (19, 3060, "2020-10-03 17:10:44");
INSERT INTO gefaellt (profilnummer, beitragsnummer, zeit) VALUES (19, 1332, "2020-10-02 18:48:28");
INSERT INTO gefaellt (profilnummer, beitragsnummer, zeit) VALUES (19, 2785, "2020-10-14 11:40:21");
INSERT INTO gefaellt (profilnummer, beitragsnummer, zeit) VALUES (19, 2309, "2020-10-05 14:43:14");
INSERT INTO gefaellt (profilnummer, beitragsnummer, zeit) VALUES (19, 1906, "2020-10-02 14:36:34");
INSERT INTO gefaellt (profilnummer, beitragsnummer, zeit) VALUES (19, 2234, "2020-10-02 13:40:07");
INSERT INTO gefaellt (profilnummer, beitragsnummer, zeit) VALUES (19, 2322, "2020-10-04 09:10:48");
INSERT INTO gefaellt (profilnummer, beitragsnummer, zeit) VALUES (19, 4236, "2020-10-11 18:06:30");
INSERT INTO gefaellt (profilnummer, beitragsnummer, zeit) VALUES (19, 3918, "2020-10-13 12:03:13");
INSERT INTO gefaellt (profilnummer, beitragsnummer, zeit) VALUES (19, 4866, "2020-10-07 18:12:20");
INSERT INTO gefaellt (profilnummer, beitragsnummer, zeit) VALUES (19, 2213, "2020-10-09 12:20:57");
INSERT INTO gefaellt (profilnummer, beitragsnummer, zeit) VALUES (19, 1143, "2020-10-01 12:49:11");
INSERT INTO gefaellt (profilnummer, beitragsnummer, zeit) VALUES (19, 2518, "2020-10-08 16:20:18");
INSERT INTO gefaellt (profilnummer, beitragsnummer, zeit) VALUES (19, 2122, "2020-10-04 14:45:24");
INSERT INTO gefaellt (profilnummer, beitragsnummer, zeit) VALUES (19, 3953, "2020-10-03 13:40:25");
INSERT INTO gefaellt (profilnummer, beitragsnummer, zeit) VALUES (19, 4035, "2020-10-07 09:12:47");
INSERT INTO gefaellt (profilnummer, beitragsnummer, zeit) VALUES (19, 1390, "2020-10-10 14:20:38");
INSERT INTO gefaellt (profilnummer, beitragsnummer, zeit) VALUES (19, 2251, "2020-10-12 17:04:48");
INSERT INTO gefaellt (profilnummer, beitragsnummer, zeit) VALUES (19, 2819, "2020-10-13 14:08:41");
INSERT INTO gefaellt (profilnummer, beitragsnummer, zeit) VALUES (19, 1185, "2020-10-06 14:44:50");
INSERT INTO gefaellt (profilnummer, beitragsnummer, zeit) VALUES (19, 3346, "2020-10-14 13:28:44");
INSERT INTO gefaellt (profilnummer, beitragsnummer, zeit) VALUES (19, 3571, "2020-10-04 12:11:23");
INSERT INTO gefaellt (profilnummer, beitragsnummer, zeit) VALUES (19, 3393, "2020-10-10 18:30:27");
INSERT INTO gefaellt (profilnummer, beitragsnummer, zeit) VALUES (19, 4933, "2020-10-03 18:27:01");
INSERT INTO gefaellt (profilnummer, beitragsnummer, zeit) VALUES (19, 3619, "2020-10-02 18:43:42");
INSERT INTO gefaellt (profilnummer, beitragsnummer, zeit) VALUES (19, 2432, "2020-10-03 10:07:50");
INSERT INTO gefaellt (profilnummer, beitragsnummer, zeit) VALUES (19, 4389, "2020-10-08 13:10:37");
INSERT INTO gefaellt (profilnummer, beitragsnummer, zeit) VALUES (19, 3974, "2020-10-13 12:50:02");
INSERT INTO gefaellt (profilnummer, beitragsnummer, zeit) VALUES (19, 3480, "2020-10-02 17:02:18");
INSERT INTO gefaellt (profilnummer, beitragsnummer, zeit) VALUES (19, 3232, "2020-10-07 10:44:59");
INSERT INTO gefaellt (profilnummer, beitragsnummer, zeit) VALUES (19, 1362, "2020-10-08 17:23:30");
INSERT INTO gefaellt (profilnummer, beitragsnummer, zeit) VALUES (19, 2656, "2020-10-01 09:41:38");
INSERT INTO gefaellt (profilnummer, beitragsnummer, zeit) VALUES (19, 2319, "2020-10-01 14:17:05");
INSERT INTO gefaellt (profilnummer, beitragsnummer, zeit) VALUES (19, 3126, "2020-10-02 16:24:52");
INSERT INTO gefaellt (profilnummer, beitragsnummer, zeit) VALUES (19, 1092, "2020-10-07 15:23:58");
INSERT INTO gefaellt (profilnummer, beitragsnummer, zeit) VALUES (19, 1006, "2020-10-02 14:21:04");
INSERT INTO gefaellt (profilnummer, beitragsnummer, zeit) VALUES (19, 3488, "2020-10-04 17:11:31");
INSERT INTO gefaellt (profilnummer, beitragsnummer, zeit) VALUES (19, 1742, "2020-10-06 09:03:15");
INSERT INTO gefaellt (profilnummer, beitragsnummer, zeit) VALUES (19, 1383, "2020-10-07 09:11:23");
INSERT INTO gefaellt (profilnummer, beitragsnummer, zeit) VALUES (19, 2474, "2020-10-06 15:07:29");
INSERT INTO gefaellt (profilnummer, beitragsnummer, zeit) VALUES (19, 2999, "2020-10-05 16:57:29");
INSERT INTO gefaellt (profilnummer, beitragsnummer, zeit) VALUES (19, 3026, "2020-10-14 09:10:15");
INSERT INTO gefaellt (profilnummer, beitragsnummer, zeit) VALUES (19, 2814, "2020-10-12 09:00:21");
INSERT INTO gefaellt (profilnummer, beitragsnummer, zeit) VALUES (19, 1915, "2020-10-13 16:11:52");
INSERT INTO gefaellt (profilnummer, beitragsnummer, zeit) VALUES (19, 3590, "2020-10-06 17:07:56");
INSERT INTO gefaellt (profilnummer, beitragsnummer, zeit) VALUES (19, 1053, "2020-10-08 10:41:59");
INSERT INTO gefaellt (profilnummer, beitragsnummer, zeit) VALUES (19, 3995, "2020-10-02 10:30:08");
INSERT INTO gefaellt (profilnummer, beitragsnummer, zeit) VALUES (19, 3524, "2020-10-08 10:15:44");
INSERT INTO gefaellt (profilnummer, beitragsnummer, zeit) VALUES (19, 2756, "2020-10-05 11:17:54");
INSERT INTO gefaellt (profilnummer, beitragsnummer, zeit) VALUES (19, 3925, "2020-10-11 16:18:20");
INSERT INTO gefaellt (profilnummer, beitragsnummer, zeit) VALUES (19, 1066, "2020-10-09 10:28:48");
INSERT INTO gefaellt (profilnummer, beitragsnummer, zeit) VALUES (19, 4999, "2020-10-07 11:11:07");
INSERT INTO gefaellt (profilnummer, beitragsnummer, zeit) VALUES (19, 2456, "2020-10-09 12:02:46");
INSERT INTO gefaellt (profilnummer, beitragsnummer, zeit) VALUES (19, 4829, "2020-10-08 11:14:37");
INSERT INTO gefaellt (profilnummer, beitragsnummer, zeit) VALUES (19, 3671, "2020-10-13 16:59:19");
INSERT INTO gefaellt (profilnummer, beitragsnummer, zeit) VALUES (19, 3783, "2020-10-11 17:38:10");
INSERT INTO gefaellt (profilnummer, beitragsnummer, zeit) VALUES (19, 4891, "2020-10-04 10:02:57");
INSERT INTO gefaellt (profilnummer, beitragsnummer, zeit) VALUES (19, 1031, "2020-10-02 10:49:05");
INSERT INTO gefaellt (profilnummer, beitragsnummer, zeit) VALUES (19, 3883, "2020-10-11 12:57:48");
INSERT INTO gefaellt (profilnummer, beitragsnummer, zeit) VALUES (19, 2849, "2020-10-12 10:53:28");
INSERT INTO gefaellt (profilnummer, beitragsnummer, zeit) VALUES (19, 2165, "2020-10-04 10:48:37");
INSERT INTO gefaellt (profilnummer, beitragsnummer, zeit) VALUES (19, 2629, "2020-10-08 09:12:27");
INSERT INTO gefaellt (profilnummer, beitragsnummer, zeit) VALUES (19, 1258, "2020-10-13 14:30:23");
INSERT INTO gefaellt (profilnummer, beitragsnummer, zeit) VALUES (19, 2048, "2020-10-12 16:04:51");
INSERT INTO gefaellt (profilnummer, beitragsnummer, zeit) VALUES (19, 2631, "2020-10-02 17:01:15");
INSERT INTO gefaellt (profilnummer, beitragsnummer, zeit) VALUES (19, 2600, "2020-10-05 18:03:39");
INSERT INTO gefaellt (profilnummer, beitragsnummer, zeit) VALUES (19, 4311, "2020-10-11 18:56:19");
INSERT INTO gefaellt (profilnummer, beitragsnummer, zeit) VALUES (19, 2293, "2020-10-11 17:34:01");
INSERT INTO gefaellt (profilnummer, beitragsnummer, zeit) VALUES (19, 1828, "2020-10-11 10:31:58");
INSERT INTO gefaellt (profilnummer, beitragsnummer, zeit) VALUES (19, 4819, "2020-10-14 10:15:25");
INSERT INTO gefaellt (profilnummer, beitragsnummer, zeit) VALUES (19, 1795, "2020-10-11 16:56:18");
INSERT INTO gefaellt (profilnummer, beitragsnummer, zeit) VALUES (19, 2335, "2020-10-05 16:37:48");
INSERT INTO gefaellt (profilnummer, beitragsnummer, zeit) VALUES (19, 1803, "2020-10-09 10:20:31");
INSERT INTO gefaellt (profilnummer, beitragsnummer, zeit) VALUES (19, 4855, "2020-10-05 12:31:28");
INSERT INTO gefaellt (profilnummer, beitragsnummer, zeit) VALUES (19, 2359, "2020-10-13 14:52:51");
INSERT INTO gefaellt (profilnummer, beitragsnummer, zeit) VALUES (19, 2316, "2020-10-01 16:19:13");
INSERT INTO gefaellt (profilnummer, beitragsnummer, zeit) VALUES (19, 1305, "2020-10-11 17:35:12");
INSERT INTO gefaellt (profilnummer, beitragsnummer, zeit) VALUES (19, 1973, "2020-10-11 09:20:13");
INSERT INTO gefaellt (profilnummer, beitragsnummer, zeit) VALUES (19, 4409, "2020-10-12 18:18:40");
INSERT INTO gefaellt (profilnummer, beitragsnummer, zeit) VALUES (19, 4251, "2020-10-02 12:51:53");
INSERT INTO gefaellt (profilnummer, beitragsnummer, zeit) VALUES (19, 3901, "2020-10-08 17:43:44");
INSERT INTO gefaellt (profilnummer, beitragsnummer, zeit) VALUES (19, 4660, "2020-10-02 16:32:23");
INSERT INTO gefaellt (profilnummer, beitragsnummer, zeit) VALUES (19, 4401, "2020-10-13 09:01:53");
INSERT INTO gefaellt (profilnummer, beitragsnummer, zeit) VALUES (19, 1536, "2020-10-04 11:37:57");
INSERT INTO gefaellt (profilnummer, beitragsnummer, zeit) VALUES (19, 3036, "2020-10-09 13:47:50");
INSERT INTO gefaellt (profilnummer, beitragsnummer, zeit) VALUES (19, 4736, "2020-10-10 17:23:21");
INSERT INTO gefaellt (profilnummer, beitragsnummer, zeit) VALUES (19, 4108, "2020-10-04 11:06:22");
INSERT INTO gefaellt (profilnummer, beitragsnummer, zeit) VALUES (19, 2870, "2020-10-11 11:50:04");
INSERT INTO gefaellt (profilnummer, beitragsnummer, zeit) VALUES (19, 3861, "2020-10-13 15:18:25");
INSERT INTO gefaellt (profilnummer, beitragsnummer, zeit) VALUES (19, 4293, "2020-10-10 16:14:51");
INSERT INTO gefaellt (profilnummer, beitragsnummer, zeit) VALUES (19, 4314, "2020-10-03 18:02:48");
INSERT INTO gefaellt (profilnummer, beitragsnummer, zeit) VALUES (19, 1943, "2020-10-10 15:54:24");
INSERT INTO gefaellt (profilnummer, beitragsnummer, zeit) VALUES (19, 4637, "2020-10-06 14:54:33");
INSERT INTO gefaellt (profilnummer, beitragsnummer, zeit) VALUES (19, 4695, "2020-10-11 17:38:14");
INSERT INTO gefaellt (profilnummer, beitragsnummer, zeit) VALUES (19, 3842, "2020-10-12 09:41:00");
INSERT INTO gefaellt (profilnummer, beitragsnummer, zeit) VALUES (19, 1439, "2020-10-01 10:24:10");
INSERT INTO gefaellt (profilnummer, beitragsnummer, zeit) VALUES (19, 4743, "2020-10-13 14:12:32");
INSERT INTO gefaellt (profilnummer, beitragsnummer, zeit) VALUES (19, 3292, "2020-10-03 14:32:57");
INSERT INTO gefaellt (profilnummer, beitragsnummer, zeit) VALUES (19, 3399, "2020-10-01 11:38:22");
INSERT INTO gefaellt (profilnummer, beitragsnummer, zeit) VALUES (19, 2045, "2020-10-04 10:06:56");
INSERT INTO gefaellt (profilnummer, beitragsnummer, zeit) VALUES (19, 1767, "2020-10-08 15:50:51");
INSERT INTO gefaellt (profilnummer, beitragsnummer, zeit) VALUES (19, 4813, "2020-10-08 14:48:00");
INSERT INTO gefaellt (profilnummer, beitragsnummer, zeit) VALUES (19, 2334, "2020-10-02 17:08:31");
INSERT INTO gefaellt (profilnummer, beitragsnummer, zeit) VALUES (19, 2198, "2020-10-04 17:22:00");
INSERT INTO gefaellt (profilnummer, beitragsnummer, zeit) VALUES (19, 3522, "2020-10-10 17:45:14");
INSERT INTO gefaellt (profilnummer, beitragsnummer, zeit) VALUES (14, 1066, "2020-10-01 17:19:48");
INSERT INTO gefaellt (profilnummer, beitragsnummer, zeit) VALUES (14, 4999, "2020-10-03 13:25:08");
INSERT INTO gefaellt (profilnummer, beitragsnummer, zeit) VALUES (14, 2456, "2020-10-14 13:41:00");
INSERT INTO gefaellt (profilnummer, beitragsnummer, zeit) VALUES (14, 4829, "2020-10-06 18:56:32");
INSERT INTO gefaellt (profilnummer, beitragsnummer, zeit) VALUES (14, 3671, "2020-10-14 11:13:40");
INSERT INTO gefaellt (profilnummer, beitragsnummer, zeit) VALUES (14, 3783, "2020-10-04 11:43:43");
INSERT INTO gefaellt (profilnummer, beitragsnummer, zeit) VALUES (14, 4891, "2020-10-04 13:07:45");
INSERT INTO gefaellt (profilnummer, beitragsnummer, zeit) VALUES (14, 1031, "2020-10-10 12:12:42");
INSERT INTO gefaellt (profilnummer, beitragsnummer, zeit) VALUES (14, 3883, "2020-10-01 10:14:39");
INSERT INTO gefaellt (profilnummer, beitragsnummer, zeit) VALUES (14, 2849, "2020-10-04 12:04:22");
INSERT INTO gefaellt (profilnummer, beitragsnummer, zeit) VALUES (151, 1383, "2020-10-10 12:49:40");
INSERT INTO gefaellt (profilnummer, beitragsnummer, zeit) VALUES (151, 3036, "2020-10-10 12:44:12");
INSERT INTO gefaellt (profilnummer, beitragsnummer, zeit) VALUES (151, 3842, "2020-10-02 12:47:21");
INSERT INTO gefaellt (profilnummer, beitragsnummer, zeit) VALUES (151, 4891, "2020-10-14 12:58:04");
INSERT INTO gefaellt (profilnummer, beitragsnummer, zeit) VALUES (151, 2456, "2020-10-06 12:45:14");
INSERT INTO gefaellt (profilnummer, beitragsnummer, zeit) VALUES (151, 2048, "2020-10-14 12:08:06");
INSERT INTO gefaellt (profilnummer, beitragsnummer, zeit) VALUES (151, 2326, "2020-10-08 12:53:03");
INSERT INTO gefaellt (profilnummer, beitragsnummer, zeit) VALUES (151, 4275, "2020-10-04 12:21:38");
INSERT INTO gefaellt (profilnummer, beitragsnummer, zeit) VALUES (151, 3861, "2020-10-05 12:40:00");
INSERT INTO gefaellt (profilnummer, beitragsnummer, zeit) VALUES (151, 4401, "2020-10-02 12:26:02");
INSERT INTO gefaellt (profilnummer, beitragsnummer, zeit) VALUES (151, 2629, "2020-10-13 12:33:26");
INSERT INTO gefaellt (profilnummer, beitragsnummer, zeit) VALUES (151, 2322, "2020-10-07 12:30:34");
INSERT INTO gefaellt (profilnummer, beitragsnummer, zeit) VALUES (151, 1742, "2020-10-02 12:48:24");
INSERT INTO gefaellt (profilnummer, beitragsnummer, zeit) VALUES (151, 4035, "2020-10-02 12:41:04");
INSERT INTO gefaellt (profilnummer, beitragsnummer, zeit) VALUES (151, 2756, "2020-10-14 12:06:09");
INSERT INTO gefaellt (profilnummer, beitragsnummer, zeit) VALUES (151, 3393, "2020-10-01 12:07:55");
INSERT INTO gefaellt (profilnummer, beitragsnummer, zeit) VALUES (151, 4695, "2020-10-12 12:52:34");
INSERT INTO gefaellt (profilnummer, beitragsnummer, zeit) VALUES (151, 2432, "2020-10-11 12:16:07");
INSERT INTO gefaellt (profilnummer, beitragsnummer, zeit) VALUES (151, 4637, "2020-10-09 12:22:16");
INSERT INTO gefaellt (profilnummer, beitragsnummer, zeit) VALUES (151, 1143, "2020-10-06 12:52:48");
INSERT INTO gefaellt (profilnummer, beitragsnummer, zeit) VALUES (151, 2598, "2020-10-05 12:11:33");
INSERT INTO gefaellt (profilnummer, beitragsnummer, zeit) VALUES (151, 3060, "2020-10-07 12:16:20");
INSERT INTO gefaellt (profilnummer, beitragsnummer, zeit) VALUES (151, 1155, "2020-10-05 12:03:07");
INSERT INTO gefaellt (profilnummer, beitragsnummer, zeit) VALUES (151, 2849, "2020-10-02 12:20:10");
INSERT INTO gefaellt (profilnummer, beitragsnummer, zeit) VALUES (151, 4829, "2020-10-07 12:56:31");
INSERT INTO gefaellt (profilnummer, beitragsnummer, zeit) VALUES (151, 1307, "2020-10-13 12:15:02");
INSERT INTO gefaellt (profilnummer, beitragsnummer, zeit) VALUES (151, 4952, "2020-10-11 12:59:03");
INSERT INTO gefaellt (profilnummer, beitragsnummer, zeit) VALUES (151, 1803, "2020-10-08 12:37:55");
INSERT INTO gefaellt (profilnummer, beitragsnummer, zeit) VALUES (151, 4236, "2020-10-06 12:36:44");
INSERT INTO gefaellt (profilnummer, beitragsnummer, zeit) VALUES (151, 3399, "2020-10-12 12:04:57");
INSERT INTO gefaellt (profilnummer, beitragsnummer, zeit) VALUES (151, 1066, "2020-10-08 12:29:03");
INSERT INTO gefaellt (profilnummer, beitragsnummer, zeit) VALUES (151, 3571, "2020-10-12 12:31:01");
INSERT INTO gefaellt (profilnummer, beitragsnummer, zeit) VALUES (151, 1536, "2020-10-04 12:08:47");
INSERT INTO gefaellt (profilnummer, beitragsnummer, zeit) VALUES (151, 1390, "2020-10-09 12:41:57");
INSERT INTO gefaellt (profilnummer, beitragsnummer, zeit) VALUES (151, 2359, "2020-10-06 12:04:52");
INSERT INTO gefaellt (profilnummer, beitragsnummer, zeit) VALUES (151, 4866, "2020-10-10 12:41:14");
INSERT INTO gefaellt (profilnummer, beitragsnummer, zeit) VALUES (151, 2316, "2020-10-04 12:03:13");
INSERT INTO gefaellt (profilnummer, beitragsnummer, zeit) VALUES (151, 2122, "2020-10-04 12:17:35");
INSERT INTO gefaellt (profilnummer, beitragsnummer, zeit) VALUES (151, 3974, "2020-10-10 12:47:25");
INSERT INTO gefaellt (profilnummer, beitragsnummer, zeit) VALUES (151, 1906, "2020-10-04 12:27:00");
INSERT INTO gefaellt (profilnummer, beitragsnummer, zeit) VALUES (151, 3026, "2020-10-01 12:39:43");
INSERT INTO gefaellt (profilnummer, beitragsnummer, zeit) VALUES (151, 2335, "2020-10-07 12:05:32");
INSERT INTO gefaellt (profilnummer, beitragsnummer, zeit) VALUES (151, 3524, "2020-10-12 12:00:13");
INSERT INTO gefaellt (profilnummer, beitragsnummer, zeit) VALUES (151, 2334, "2020-10-11 12:30:13");
INSERT INTO gefaellt (profilnummer, beitragsnummer, zeit) VALUES (151, 3488, "2020-10-04 12:24:07");
INSERT INTO gefaellt (profilnummer, beitragsnummer, zeit) VALUES (151, 3783, "2020-10-08 12:07:15");
INSERT INTO gefaellt (profilnummer, beitragsnummer, zeit) VALUES (151, 2103, "2020-10-11 12:28:45");
INSERT INTO gefaellt (profilnummer, beitragsnummer, zeit) VALUES (151, 1185, "2020-10-10 12:12:23");
INSERT INTO gefaellt (profilnummer, beitragsnummer, zeit) VALUES (151, 3918, "2020-10-09 12:51:35");
INSERT INTO gefaellt (profilnummer, beitragsnummer, zeit) VALUES (151, 2870, "2020-10-12 12:22:29");
INSERT INTO gefaellt (profilnummer, beitragsnummer, zeit) VALUES (151, 2309, "2020-10-10 12:21:13");
INSERT INTO gefaellt (profilnummer, beitragsnummer, zeit) VALUES (151, 3480, "2020-10-12 12:34:40");
INSERT INTO gefaellt (profilnummer, beitragsnummer, zeit) VALUES (151, 1915, "2020-10-09 12:03:45");
INSERT INTO gefaellt (profilnummer, beitragsnummer, zeit) VALUES (151, 2234, "2020-10-12 12:11:37");
INSERT INTO gefaellt (profilnummer, beitragsnummer, zeit) VALUES (151, 3995, "2020-10-01 12:49:29");
INSERT INTO gefaellt (profilnummer, beitragsnummer, zeit) VALUES (151, 1943, "2020-10-13 12:48:05");
INSERT INTO gefaellt (profilnummer, beitragsnummer, zeit) VALUES (151, 2474, "2020-10-07 12:41:18");
INSERT INTO gefaellt (profilnummer, beitragsnummer, zeit) VALUES (151, 3346, "2020-10-01 12:22:07");
INSERT INTO gefaellt (profilnummer, beitragsnummer, zeit) VALUES (151, 2251, "2020-10-08 12:18:45");
INSERT INTO gefaellt (profilnummer, beitragsnummer, zeit) VALUES (151, 2165, "2020-10-06 12:50:36");
INSERT INTO gefaellt (profilnummer, beitragsnummer, zeit) VALUES (151, 1439, "2020-10-06 12:21:15");
INSERT INTO gefaellt (profilnummer, beitragsnummer, zeit) VALUES (151, 1795, "2020-10-05 12:48:17");
INSERT INTO gefaellt (profilnummer, beitragsnummer, zeit) VALUES (151, 1053, "2020-10-09 12:35:29");
INSERT INTO gefaellt (profilnummer, beitragsnummer, zeit) VALUES (151, 2656, "2020-10-14 12:44:22");
INSERT INTO gefaellt (profilnummer, beitragsnummer, zeit) VALUES (151, 2476, "2020-10-03 12:35:41");
INSERT INTO gefaellt (profilnummer, beitragsnummer, zeit) VALUES (151, 1258, "2020-10-06 12:17:21");
INSERT INTO gefaellt (profilnummer, beitragsnummer, zeit) VALUES (151, 4855, "2020-10-08 12:52:25");
INSERT INTO gefaellt (profilnummer, beitragsnummer, zeit) VALUES (151, 3901, "2020-10-11 12:15:19");
INSERT INTO gefaellt (profilnummer, beitragsnummer, zeit) VALUES (151, 2720, "2020-10-11 12:19:42");
INSERT INTO gefaellt (profilnummer, beitragsnummer, zeit) VALUES (151, 3232, "2020-10-05 12:11:39");
INSERT INTO gefaellt (profilnummer, beitragsnummer, zeit) VALUES (151, 2959, "2020-10-06 12:12:41");
INSERT INTO gefaellt (profilnummer, beitragsnummer, zeit) VALUES (151, 4819, "2020-10-03 12:32:00");
INSERT INTO gefaellt (profilnummer, beitragsnummer, zeit) VALUES (151, 3590, "2020-10-05 12:43:38");
INSERT INTO gefaellt (profilnummer, beitragsnummer, zeit) VALUES (151, 2045, "2020-10-14 12:57:27");
INSERT INTO gefaellt (profilnummer, beitragsnummer, zeit) VALUES (151, 1332, "2020-10-13 12:47:17");
INSERT INTO gefaellt (profilnummer, beitragsnummer, zeit) VALUES (151, 3883, "2020-10-11 12:09:26");
INSERT INTO gefaellt (profilnummer, beitragsnummer, zeit) VALUES (151, 4813, "2020-10-07 12:28:48");
INSERT INTO gefaellt (profilnummer, beitragsnummer, zeit) VALUES (151, 1031, "2020-10-01 12:13:43");
INSERT INTO gefaellt (profilnummer, beitragsnummer, zeit) VALUES (151, 3925, "2020-10-12 12:25:36");
INSERT INTO gefaellt (profilnummer, beitragsnummer, zeit) VALUES (151, 4736, "2020-10-14 12:22:15");
INSERT INTO gefaellt (profilnummer, beitragsnummer, zeit) VALUES (76, 1305, "2020-10-03 18:37:28");
INSERT INTO gefaellt (profilnummer, beitragsnummer, zeit) VALUES (76, 3842, "2020-10-09 08:18:48");
INSERT INTO gefaellt (profilnummer, beitragsnummer, zeit) VALUES (76, 1362, "2020-10-02 08:52:18");
INSERT INTO gefaellt (profilnummer, beitragsnummer, zeit) VALUES (76, 3036, "2020-10-07 18:47:04");
INSERT INTO gefaellt (profilnummer, beitragsnummer, zeit) VALUES (76, 2849, "2020-10-02 08:59:28");
INSERT INTO gefaellt (profilnummer, beitragsnummer, zeit) VALUES (76, 2959, "2020-10-08 08:19:53");
INSERT INTO gefaellt (profilnummer, beitragsnummer, zeit) VALUES (76, 2359, "2020-10-01 18:29:07");
INSERT INTO gefaellt (profilnummer, beitragsnummer, zeit) VALUES (76, 4251, "2020-10-07 18:00:46");
INSERT INTO gefaellt (profilnummer, beitragsnummer, zeit) VALUES (76, 2213, "2020-10-13 17:03:35");
INSERT INTO gefaellt (profilnummer, beitragsnummer, zeit) VALUES (76, 4813, "2020-10-07 17:36:35");
INSERT INTO gefaellt (profilnummer, beitragsnummer, zeit) VALUES (76, 1803, "2020-10-11 08:56:23");
INSERT INTO gefaellt (profilnummer, beitragsnummer, zeit) VALUES (76, 2334, "2020-10-02 08:04:59");
INSERT INTO gefaellt (profilnummer, beitragsnummer, zeit) VALUES (76, 4819, "2020-10-03 07:35:59");
INSERT INTO gefaellt (profilnummer, beitragsnummer, zeit) VALUES (76, 4933, "2020-10-08 18:44:05");
INSERT INTO gefaellt (profilnummer, beitragsnummer, zeit) VALUES (76, 2309, "2020-10-06 08:45:13");
INSERT INTO gefaellt (profilnummer, beitragsnummer, zeit) VALUES (76, 3393, "2020-10-08 08:58:34");
INSERT INTO gefaellt (profilnummer, beitragsnummer, zeit) VALUES (76, 4293, "2020-10-02 08:56:38");
INSERT INTO gefaellt (profilnummer, beitragsnummer, zeit) VALUES (76, 1943, "2020-10-06 17:25:45");
INSERT INTO gefaellt (profilnummer, beitragsnummer, zeit) VALUES (76, 2432, "2020-10-11 08:58:44");
INSERT INTO gefaellt (profilnummer, beitragsnummer, zeit) VALUES (76, 1536, "2020-10-07 18:37:26");
INSERT INTO gefaellt (profilnummer, beitragsnummer, zeit) VALUES (76, 4311, "2020-10-07 07:03:29");
INSERT INTO gefaellt (profilnummer, beitragsnummer, zeit) VALUES (76, 3292, "2020-10-14 07:30:45");
INSERT INTO gefaellt (profilnummer, beitragsnummer, zeit) VALUES (76, 4236, "2020-10-12 08:59:29");
INSERT INTO gefaellt (profilnummer, beitragsnummer, zeit) VALUES (76, 1143, "2020-10-05 08:05:07");
INSERT INTO gefaellt (profilnummer, beitragsnummer, zeit) VALUES (76, 1439, "2020-10-08 18:06:22");
INSERT INTO gefaellt (profilnummer, beitragsnummer, zeit) VALUES (76, 2819, "2020-10-04 08:10:20");
INSERT INTO gefaellt (profilnummer, beitragsnummer, zeit) VALUES (76, 2122, "2020-10-13 07:32:42");
INSERT INTO gefaellt (profilnummer, beitragsnummer, zeit) VALUES (76, 1457, "2020-10-02 07:55:15");
INSERT INTO gefaellt (profilnummer, beitragsnummer, zeit) VALUES (76, 4035, "2020-10-11 17:49:03");
INSERT INTO gefaellt (profilnummer, beitragsnummer, zeit) VALUES (76, 3995, "2020-10-08 18:38:23");
INSERT INTO gefaellt (profilnummer, beitragsnummer, zeit) VALUES (76, 4041, "2020-10-05 08:51:46");
INSERT INTO gefaellt (profilnummer, beitragsnummer, zeit) VALUES (76, 3026, "2020-10-04 18:35:53");
INSERT INTO gefaellt (profilnummer, beitragsnummer, zeit) VALUES (76, 2476, "2020-10-05 08:18:13");
INSERT INTO gefaellt (profilnummer, beitragsnummer, zeit) VALUES (76, 2048, "2020-10-01 07:09:18");
INSERT INTO gefaellt (profilnummer, beitragsnummer, zeit) VALUES (76, 3060, "2020-10-07 08:38:18");
INSERT INTO gefaellt (profilnummer, beitragsnummer, zeit) VALUES (76, 2518, "2020-10-11 08:44:36");
INSERT INTO gefaellt (profilnummer, beitragsnummer, zeit) VALUES (76, 2600, "2020-10-10 07:29:06");
INSERT INTO gefaellt (profilnummer, beitragsnummer, zeit) VALUES (76, 2319, "2020-10-03 17:05:32");
INSERT INTO gefaellt (profilnummer, beitragsnummer, zeit) VALUES (76, 3671, "2020-10-05 18:10:28");
INSERT INTO gefaellt (profilnummer, beitragsnummer, zeit) VALUES (76, 4855, "2020-10-01 17:29:21");
INSERT INTO gefaellt (profilnummer, beitragsnummer, zeit) VALUES (76, 4401, "2020-10-10 07:30:12");
INSERT INTO gefaellt (profilnummer, beitragsnummer, zeit) VALUES (76, 4637, "2020-10-09 17:38:49");
INSERT INTO gefaellt (profilnummer, beitragsnummer, zeit) VALUES (76, 3953, "2020-10-13 17:15:47");
INSERT INTO gefaellt (profilnummer, beitragsnummer, zeit) VALUES (76, 1915, "2020-10-10 18:47:56");
INSERT INTO gefaellt (profilnummer, beitragsnummer, zeit) VALUES (76, 1332, "2020-10-02 08:48:44");
INSERT INTO gefaellt (profilnummer, beitragsnummer, zeit) VALUES (76, 3571, "2020-10-06 17:14:22");
INSERT INTO gefaellt (profilnummer, beitragsnummer, zeit) VALUES (76, 3883, "2020-10-07 07:11:47");
INSERT INTO gefaellt (profilnummer, beitragsnummer, zeit) VALUES (76, 2870, "2020-10-10 08:48:15");
INSERT INTO gefaellt (profilnummer, beitragsnummer, zeit) VALUES (76, 1006, "2020-10-06 17:24:52");
INSERT INTO gefaellt (profilnummer, beitragsnummer, zeit) VALUES (76, 3901, "2020-10-03 08:25:05");
INSERT INTO gefaellt (profilnummer, beitragsnummer, zeit) VALUES (76, 4314, "2020-10-05 07:45:06");
INSERT INTO gefaellt (profilnummer, beitragsnummer, zeit) VALUES (76, 3783, "2020-10-04 07:06:14");
INSERT INTO gefaellt (profilnummer, beitragsnummer, zeit) VALUES (76, 3861, "2020-10-03 17:55:03");
INSERT INTO gefaellt (profilnummer, beitragsnummer, zeit) VALUES (76, 4891, "2020-10-12 07:19:35");
INSERT INTO gefaellt (profilnummer, beitragsnummer, zeit) VALUES (76, 1742, "2020-10-13 08:49:13");
INSERT INTO gefaellt (profilnummer, beitragsnummer, zeit) VALUES (76, 2631, "2020-10-13 07:04:23");
INSERT INTO gefaellt (profilnummer, beitragsnummer, zeit) VALUES (76, 4108, "2020-10-11 18:01:57");
INSERT INTO gefaellt (profilnummer, beitragsnummer, zeit) VALUES (76, 4743, "2020-10-08 07:34:34");
INSERT INTO gefaellt (profilnummer, beitragsnummer, zeit) VALUES (76, 1092, "2020-10-08 08:33:45");
INSERT INTO gefaellt (profilnummer, beitragsnummer, zeit) VALUES (76, 4829, "2020-10-07 07:10:24");
INSERT INTO gefaellt (profilnummer, beitragsnummer, zeit) VALUES (76, 1383, "2020-10-13 07:40:19");
INSERT INTO gefaellt (profilnummer, beitragsnummer, zeit) VALUES (76, 1906, "2020-10-09 18:38:59");
INSERT INTO gefaellt (profilnummer, beitragsnummer, zeit) VALUES (76, 4275, "2020-10-07 07:24:25");
INSERT INTO gefaellt (profilnummer, beitragsnummer, zeit) VALUES (76, 4952, "2020-10-09 07:18:02");
INSERT INTO gefaellt (profilnummer, beitragsnummer, zeit) VALUES (41, 2432, "2020-10-05 15:02:51");
INSERT INTO gefaellt (profilnummer, beitragsnummer, zeit) VALUES (41, 4829, "2020-10-03 13:04:25");
INSERT INTO gefaellt (profilnummer, beitragsnummer, zeit) VALUES (41, 2456, "2020-10-05 14:02:14");
INSERT INTO gefaellt (profilnummer, beitragsnummer, zeit) VALUES (41, 4251, "2020-10-13 17:04:10");
INSERT INTO gefaellt (profilnummer, beitragsnummer, zeit) VALUES (41, 4236, "2020-10-01 17:04:54");
INSERT INTO gefaellt (profilnummer, beitragsnummer, zeit) VALUES (41, 1006, "2020-10-06 15:03:35");
INSERT INTO gefaellt (profilnummer, beitragsnummer, zeit) VALUES (41, 1943, "2020-10-03 15:00:25");
INSERT INTO gefaellt (profilnummer, beitragsnummer, zeit) VALUES (41, 1439, "2020-10-08 18:03:55");
INSERT INTO gefaellt (profilnummer, beitragsnummer, zeit) VALUES (41, 1305, "2020-10-01 14:03:34");
INSERT INTO gefaellt (profilnummer, beitragsnummer, zeit) VALUES (41, 3918, "2020-10-08 14:00:48");
INSERT INTO gefaellt (profilnummer, beitragsnummer, zeit) VALUES (41, 2319, "2020-10-02 14:01:26");
INSERT INTO gefaellt (profilnummer, beitragsnummer, zeit) VALUES (41, 3524, "2020-10-08 15:02:15");
INSERT INTO gefaellt (profilnummer, beitragsnummer, zeit) VALUES (41, 3953, "2020-10-07 13:03:16");
INSERT INTO gefaellt (profilnummer, beitragsnummer, zeit) VALUES (41, 2213, "2020-10-01 14:02:14");
INSERT INTO gefaellt (profilnummer, beitragsnummer, zeit) VALUES (41, 1031, "2020-10-08 13:00:12");
INSERT INTO gefaellt (profilnummer, beitragsnummer, zeit) VALUES (41, 4275, "2020-10-13 15:04:21");
INSERT INTO gefaellt (profilnummer, beitragsnummer, zeit) VALUES (41, 4293, "2020-10-07 18:02:52");
INSERT INTO gefaellt (profilnummer, beitragsnummer, zeit) VALUES (41, 3671, "2020-10-04 14:03:47");
INSERT INTO gefaellt (profilnummer, beitragsnummer, zeit) VALUES (41, 4743, "2020-10-14 13:03:45");
INSERT INTO gefaellt (profilnummer, beitragsnummer, zeit) VALUES (41, 2959, "2020-10-12 14:02:21");
INSERT INTO gefaellt (profilnummer, beitragsnummer, zeit) VALUES (41, 1307, "2020-10-03 16:04:26");
INSERT INTO gefaellt (profilnummer, beitragsnummer, zeit) VALUES (41, 1795, "2020-10-07 15:02:08");
INSERT INTO gefaellt (profilnummer, beitragsnummer, zeit) VALUES (41, 3399, "2020-10-12 19:00:43");
INSERT INTO gefaellt (profilnummer, beitragsnummer, zeit) VALUES (41, 2322, "2020-10-09 15:01:48");
INSERT INTO gefaellt (profilnummer, beitragsnummer, zeit) VALUES (41, 2326, "2020-10-04 15:01:57");
INSERT INTO gefaellt (profilnummer, beitragsnummer, zeit) VALUES (41, 2814, "2020-10-01 18:02:55");
INSERT INTO gefaellt (profilnummer, beitragsnummer, zeit) VALUES (41, 2048, "2020-10-07 13:03:18");
INSERT INTO gefaellt (profilnummer, beitragsnummer, zeit) VALUES (41, 3480, "2020-10-08 16:01:48");
INSERT INTO gefaellt (profilnummer, beitragsnummer, zeit) VALUES (41, 4891, "2020-10-10 13:00:40");
INSERT INTO gefaellt (profilnummer, beitragsnummer, zeit) VALUES (41, 4952, "2020-10-12 14:04:09");
INSERT INTO gefaellt (profilnummer, beitragsnummer, zeit) VALUES (41, 3232, "2020-10-09 15:04:40");
INSERT INTO gefaellt (profilnummer, beitragsnummer, zeit) VALUES (41, 2251, "2020-10-02 14:00:38");
INSERT INTO gefaellt (profilnummer, beitragsnummer, zeit) VALUES (41, 1742, "2020-10-12 16:03:54");
INSERT INTO gefaellt (profilnummer, beitragsnummer, zeit) VALUES (41, 2785, "2020-10-07 18:04:21");
INSERT INTO gefaellt (profilnummer, beitragsnummer, zeit) VALUES (41, 1390, "2020-10-06 19:02:13");
INSERT INTO gefaellt (profilnummer, beitragsnummer, zeit) VALUES (41, 2476, "2020-10-11 16:03:20");
INSERT INTO gefaellt (profilnummer, beitragsnummer, zeit) VALUES (41, 4401, "2020-10-04 16:00:46");
INSERT INTO gefaellt (profilnummer, beitragsnummer, zeit) VALUES (41, 2293, "2020-10-03 15:02:00");
INSERT INTO gefaellt (profilnummer, beitragsnummer, zeit) VALUES (41, 2656, "2020-10-02 14:02:09");
INSERT INTO gefaellt (profilnummer, beitragsnummer, zeit) VALUES (41, 3783, "2020-10-12 14:01:45");
INSERT INTO gefaellt (profilnummer, beitragsnummer, zeit) VALUES (41, 4041, "2020-10-04 19:01:52");
INSERT INTO gefaellt (profilnummer, beitragsnummer, zeit) VALUES (41, 1185, "2020-10-05 14:04:07");
INSERT INTO gefaellt (profilnummer, beitragsnummer, zeit) VALUES (41, 2756, "2020-10-09 15:00:52");
INSERT INTO gefaellt (profilnummer, beitragsnummer, zeit) VALUES (41, 1457, "2020-10-02 15:04:29");
INSERT INTO gefaellt (profilnummer, beitragsnummer, zeit) VALUES (41, 4035, "2020-10-10 14:04:44");
INSERT INTO gefaellt (profilnummer, beitragsnummer, zeit) VALUES (41, 4695, "2020-10-10 14:03:08");
INSERT INTO gefaellt (profilnummer, beitragsnummer, zeit) VALUES (41, 4933, "2020-10-08 15:00:15");
INSERT INTO gefaellt (profilnummer, beitragsnummer, zeit) VALUES (41, 1906, "2020-10-14 13:04:54");
INSERT INTO gefaellt (profilnummer, beitragsnummer, zeit) VALUES (41, 3026, "2020-10-09 17:02:59");
INSERT INTO gefaellt (profilnummer, beitragsnummer, zeit) VALUES (41, 1155, "2020-10-12 17:04:44");
INSERT INTO gefaellt (profilnummer, beitragsnummer, zeit) VALUES (41, 3036, "2020-10-10 14:02:23");
INSERT INTO gefaellt (profilnummer, beitragsnummer, zeit) VALUES (41, 4866, "2020-10-08 16:03:47");
INSERT INTO gefaellt (profilnummer, beitragsnummer, zeit) VALUES (41, 3861, "2020-10-11 16:01:10");
INSERT INTO gefaellt (profilnummer, beitragsnummer, zeit) VALUES (41, 3590, "2020-10-01 18:04:23");
INSERT INTO gefaellt (profilnummer, beitragsnummer, zeit) VALUES (41, 2849, "2020-10-04 15:01:31");
INSERT INTO gefaellt (profilnummer, beitragsnummer, zeit) VALUES (41, 4637, "2020-10-09 18:00:57");
INSERT INTO gefaellt (profilnummer, beitragsnummer, zeit) VALUES (41, 3706, "2020-10-12 18:04:07");
INSERT INTO gefaellt (profilnummer, beitragsnummer, zeit) VALUES (41, 4108, "2020-10-01 17:01:01");
INSERT INTO gefaellt (profilnummer, beitragsnummer, zeit) VALUES (41, 3842, "2020-10-02 15:02:17");
INSERT INTO gefaellt (profilnummer, beitragsnummer, zeit) VALUES (41, 3522, "2020-10-06 17:03:57");
INSERT INTO gefaellt (profilnummer, beitragsnummer, zeit) VALUES (41, 2629, "2020-10-03 14:01:05");
INSERT INTO gefaellt (profilnummer, beitragsnummer, zeit) VALUES (41, 2234, "2020-10-09 19:03:33");
INSERT INTO gefaellt (profilnummer, beitragsnummer, zeit) VALUES (41, 4660, "2020-10-07 15:01:53");
INSERT INTO gefaellt (profilnummer, beitragsnummer, zeit) VALUES (41, 2335, "2020-10-12 16:04:01");
INSERT INTO gefaellt (profilnummer, beitragsnummer, zeit) VALUES (113, 4999, "2020-10-08 23:03:24");
INSERT INTO gefaellt (profilnummer, beitragsnummer, zeit) VALUES (113, 2234, "2020-10-13 19:02:00");
INSERT INTO gefaellt (profilnummer, beitragsnummer, zeit) VALUES (113, 2213, "2020-10-10 19:04:03");
INSERT INTO gefaellt (profilnummer, beitragsnummer, zeit) VALUES (113, 4041, "2020-10-04 22:00:51");
INSERT INTO gefaellt (profilnummer, beitragsnummer, zeit) VALUES (113, 3393, "2020-10-08 21:02:12");
INSERT INTO gefaellt (profilnummer, beitragsnummer, zeit) VALUES (113, 2334, "2020-10-06 19:04:24");
INSERT INTO gefaellt (profilnummer, beitragsnummer, zeit) VALUES (113, 3060, "2020-10-07 20:02:06");
INSERT INTO gefaellt (profilnummer, beitragsnummer, zeit) VALUES (113, 4401, "2020-10-06 23:03:09");
INSERT INTO gefaellt (profilnummer, beitragsnummer, zeit) VALUES (113, 3671, "2020-10-06 19:02:05");
INSERT INTO gefaellt (profilnummer, beitragsnummer, zeit) VALUES (113, 2335, "2020-10-02 22:02:50");
INSERT INTO gefaellt (profilnummer, beitragsnummer, zeit) VALUES (113, 3953, "2020-10-06 22:01:37");
INSERT INTO gefaellt (profilnummer, beitragsnummer, zeit) VALUES (113, 1536, "2020-10-04 21:00:19");
INSERT INTO gefaellt (profilnummer, beitragsnummer, zeit) VALUES (113, 1457, "2020-10-03 20:02:26");
INSERT INTO gefaellt (profilnummer, beitragsnummer, zeit) VALUES (113, 3974, "2020-10-07 21:04:48");
INSERT INTO gefaellt (profilnummer, beitragsnummer, zeit) VALUES (113, 3292, "2020-10-01 19:01:37");
INSERT INTO gefaellt (profilnummer, beitragsnummer, zeit) VALUES (113, 2631, "2020-10-09 23:02:03");
INSERT INTO gefaellt (profilnummer, beitragsnummer, zeit) VALUES (113, 2322, "2020-10-08 19:04:54");
INSERT INTO gefaellt (profilnummer, beitragsnummer, zeit) VALUES (113, 1767, "2020-10-08 23:04:51");
INSERT INTO gefaellt (profilnummer, beitragsnummer, zeit) VALUES (113, 2476, "2020-10-10 22:01:31");
INSERT INTO gefaellt (profilnummer, beitragsnummer, zeit) VALUES (113, 4736, "2020-10-01 19:01:58");
INSERT INTO gefaellt (profilnummer, beitragsnummer, zeit) VALUES (113, 2198, "2020-10-06 20:01:54");
INSERT INTO gefaellt (profilnummer, beitragsnummer, zeit) VALUES (113, 1906, "2020-10-03 20:02:19");
INSERT INTO gefaellt (profilnummer, beitragsnummer, zeit) VALUES (113, 4236, "2020-10-06 19:00:24");
INSERT INTO gefaellt (profilnummer, beitragsnummer, zeit) VALUES (113, 1803, "2020-10-10 19:03:50");
INSERT INTO gefaellt (profilnummer, beitragsnummer, zeit) VALUES (113, 3995, "2020-10-11 22:04:54");
INSERT INTO gefaellt (profilnummer, beitragsnummer, zeit) VALUES (113, 1828, "2020-10-11 22:00:27");
INSERT INTO gefaellt (profilnummer, beitragsnummer, zeit) VALUES (113, 1742, "2020-10-01 19:03:17");
INSERT INTO gefaellt (profilnummer, beitragsnummer, zeit) VALUES (113, 1307, "2020-10-11 20:01:34");
INSERT INTO gefaellt (profilnummer, beitragsnummer, zeit) VALUES (113, 2785, "2020-10-12 19:01:41");
INSERT INTO gefaellt (profilnummer, beitragsnummer, zeit) VALUES (113, 1143, "2020-10-12 19:03:53");
INSERT INTO gefaellt (profilnummer, beitragsnummer, zeit) VALUES (113, 2600, "2020-10-10 23:00:18");
INSERT INTO gefaellt (profilnummer, beitragsnummer, zeit) VALUES (113, 3706, "2020-10-13 21:03:29");
INSERT INTO gefaellt (profilnummer, beitragsnummer, zeit) VALUES (113, 4275, "2020-10-07 22:04:30");
INSERT INTO gefaellt (profilnummer, beitragsnummer, zeit) VALUES (113, 4409, "2020-10-08 21:02:29");
INSERT INTO gefaellt (profilnummer, beitragsnummer, zeit) VALUES (113, 2048, "2020-10-04 23:00:08");
INSERT INTO gefaellt (profilnummer, beitragsnummer, zeit) VALUES (113, 3524, "2020-10-02 22:01:51");
INSERT INTO gefaellt (profilnummer, beitragsnummer, zeit) VALUES (113, 2518, "2020-10-05 23:00:56");
INSERT INTO gefaellt (profilnummer, beitragsnummer, zeit) VALUES (113, 4891, "2020-10-05 20:04:53");
INSERT INTO gefaellt (profilnummer, beitragsnummer, zeit) VALUES (113, 2293, "2020-10-01 19:03:03");
INSERT INTO gefaellt (profilnummer, beitragsnummer, zeit) VALUES (113, 2045, "2020-10-02 23:04:21");
INSERT INTO gefaellt (profilnummer, beitragsnummer, zeit) VALUES (113, 4829, "2020-10-11 19:04:50");
INSERT INTO gefaellt (profilnummer, beitragsnummer, zeit) VALUES (113, 1092, "2020-10-11 19:04:48");
INSERT INTO gefaellt (profilnummer, beitragsnummer, zeit) VALUES (113, 4819, "2020-10-03 21:04:53");
INSERT INTO gefaellt (profilnummer, beitragsnummer, zeit) VALUES (113, 4637, "2020-10-08 19:03:33");
INSERT INTO gefaellt (profilnummer, beitragsnummer, zeit) VALUES (113, 4933, "2020-10-11 20:02:41");
INSERT INTO gefaellt (profilnummer, beitragsnummer, zeit) VALUES (113, 3036, "2020-10-12 23:04:39");
INSERT INTO gefaellt (profilnummer, beitragsnummer, zeit) VALUES (113, 2656, "2020-10-06 21:03:03");
INSERT INTO gefaellt (profilnummer, beitragsnummer, zeit) VALUES (113, 3901, "2020-10-02 19:02:48");
INSERT INTO gefaellt (profilnummer, beitragsnummer, zeit) VALUES (70, 4855, "2020-10-02 16:15:59");
INSERT INTO gefaellt (profilnummer, beitragsnummer, zeit) VALUES (70, 2359, "2020-10-02 16:16:00");
INSERT INTO gefaellt (profilnummer, beitragsnummer, zeit) VALUES (70, 2316, "2020-10-02 16:16:01");
INSERT INTO gefaellt (profilnummer, beitragsnummer, zeit) VALUES (70, 1305, "2020-10-02 16:16:02");
INSERT INTO gefaellt (profilnummer, beitragsnummer, zeit) VALUES (70, 1973, "2020-10-02 16:16:03");
INSERT INTO gefaellt (profilnummer, beitragsnummer, zeit) VALUES (70, 4409, "2020-10-02 16:16:04");
INSERT INTO gefaellt (profilnummer, beitragsnummer, zeit) VALUES (70, 4251, "2020-10-02 16:16:05");
INSERT INTO gefaellt (profilnummer, beitragsnummer, zeit) VALUES (70, 3901, "2020-10-02 16:16:06");
INSERT INTO gefaellt (profilnummer, beitragsnummer, zeit) VALUES (70, 4660, "2020-10-02 16:16:07");
INSERT INTO gefaellt (profilnummer, beitragsnummer, zeit) VALUES (70, 4401, "2020-10-02 16:16:08");
INSERT INTO gefaellt (profilnummer, beitragsnummer, zeit) VALUES (70, 1536, "2020-10-02 16:16:09");
INSERT INTO gefaellt (profilnummer, beitragsnummer, zeit) VALUES (70, 3036, "2020-10-02 16:16:10");
INSERT INTO gefaellt (profilnummer, beitragsnummer, zeit) VALUES (70, 4736, "2020-10-02 16:16:11");
INSERT INTO gefaellt (profilnummer, beitragsnummer, zeit) VALUES (70, 4108, "2020-10-02 16:16:12");
INSERT INTO gefaellt (profilnummer, beitragsnummer, zeit) VALUES (70, 2870, "2020-10-02 16:16:13");
INSERT INTO gefaellt (profilnummer, beitragsnummer, zeit) VALUES (70, 3861, "2020-10-02 16:16:14");
INSERT INTO gefaellt (profilnummer, beitragsnummer, zeit) VALUES (70, 4293, "2020-10-02 16:16:15");
INSERT INTO gefaellt (profilnummer, beitragsnummer, zeit) VALUES (70, 4314, "2020-10-02 16:16:16");
INSERT INTO gefaellt (profilnummer, beitragsnummer, zeit) VALUES (70, 1943, "2020-10-02 16:16:17");
INSERT INTO gefaellt (profilnummer, beitragsnummer, zeit) VALUES (70, 4637, "2020-10-02 16:16:18");
INSERT INTO gefaellt (profilnummer, beitragsnummer, zeit) VALUES (70, 4695, "2020-10-02 16:16:19");
INSERT INTO gefaellt (profilnummer, beitragsnummer, zeit) VALUES (70, 3842, "2020-10-02 16:16:20");
INSERT INTO gefaellt (profilnummer, beitragsnummer, zeit) VALUES (70, 2518, "2020-10-12 03:46:32");
INSERT INTO gefaellt (profilnummer, beitragsnummer, zeit) VALUES (70, 2122, "2020-10-12 03:46:33");
INSERT INTO gefaellt (profilnummer, beitragsnummer, zeit) VALUES (70, 3953, "2020-10-12 03:46:34");
INSERT INTO gefaellt (profilnummer, beitragsnummer, zeit) VALUES (70, 4035, "2020-10-12 03:46:35");
INSERT INTO gefaellt (profilnummer, beitragsnummer, zeit) VALUES (70, 1390, "2020-10-12 03:46:36");
INSERT INTO gefaellt (profilnummer, beitragsnummer, zeit) VALUES (70, 2251, "2020-10-12 03:46:37");
INSERT INTO gefaellt (profilnummer, beitragsnummer, zeit) VALUES (70, 2819, "2020-10-12 03:46:38");
INSERT INTO gefaellt (profilnummer, beitragsnummer, zeit) VALUES (70, 1185, "2020-10-12 03:46:39");
INSERT INTO gefaellt (profilnummer, beitragsnummer, zeit) VALUES (70, 3346, "2020-10-12 03:46:40");
INSERT INTO gefaellt (profilnummer, beitragsnummer, zeit) VALUES (70, 3571, "2020-10-12 03:46:41");
INSERT INTO gefaellt (profilnummer, beitragsnummer, zeit) VALUES (70, 3393, "2020-10-12 03:46:42");
INSERT INTO gefaellt (profilnummer, beitragsnummer, zeit) VALUES (70, 4933, "2020-10-12 03:46:43");
INSERT INTO gefaellt (profilnummer, beitragsnummer, zeit) VALUES (70, 3619, "2020-10-12 03:46:44");
INSERT INTO gefaellt (profilnummer, beitragsnummer, zeit) VALUES (70, 2432, "2020-10-12 03:46:45");
INSERT INTO gefaellt (profilnummer, beitragsnummer, zeit) VALUES (70, 4389, "2020-10-12 03:46:46");
INSERT INTO gefaellt (profilnummer, beitragsnummer, zeit) VALUES (70, 3974, "2020-10-12 03:46:47");
INSERT INTO gefaellt (profilnummer, beitragsnummer, zeit) VALUES (70, 3480, "2020-10-12 03:46:48");
INSERT INTO gefaellt (profilnummer, beitragsnummer, zeit) VALUES (70, 3232, "2020-10-12 03:46:49");
INSERT INTO gefaellt (profilnummer, beitragsnummer, zeit) VALUES (70, 1362, "2020-10-12 03:46:50");
INSERT INTO gefaellt (profilnummer, beitragsnummer, zeit) VALUES (70, 2656, "2020-10-12 03:46:51");
INSERT INTO gefaellt (profilnummer, beitragsnummer, zeit) VALUES (70, 2319, "2020-10-12 03:46:52");
INSERT INTO gefaellt (profilnummer, beitragsnummer, zeit) VALUES (70, 3126, "2020-10-12 03:46:53");
INSERT INTO gefaellt (profilnummer, beitragsnummer, zeit) VALUES (70, 1092, "2020-10-12 03:46:54");
INSERT INTO gefaellt (profilnummer, beitragsnummer, zeit) VALUES (70, 1006, "2020-10-12 03:46:55");
INSERT INTO gefaellt (profilnummer, beitragsnummer, zeit) VALUES (70, 3488, "2020-10-12 03:46:56");
INSERT INTO gefaellt (profilnummer, beitragsnummer, zeit) VALUES (70, 1742, "2020-10-12 03:46:57");
INSERT INTO gefaellt (profilnummer, beitragsnummer, zeit) VALUES (70, 1383, "2020-10-12 03:46:58");
INSERT INTO gefaellt (profilnummer, beitragsnummer, zeit) VALUES (70, 2474, "2020-10-12 03:46:59");
INSERT INTO gefaellt (profilnummer, beitragsnummer, zeit) VALUES (70, 2999, "2020-10-12 03:47:00");
INSERT INTO gefaellt (profilnummer, beitragsnummer, zeit) VALUES (70, 3026, "2020-10-12 03:47:01");
INSERT INTO gefaellt (profilnummer, beitragsnummer, zeit) VALUES (70, 2814, "2020-10-12 03:47:02");
INSERT INTO gefaellt (profilnummer, beitragsnummer, zeit) VALUES (70, 1915, "2020-10-12 03:47:03");
INSERT INTO gefaellt (profilnummer, beitragsnummer, zeit) VALUES (70, 3590, "2020-10-12 03:47:04");
INSERT INTO gefaellt (profilnummer, beitragsnummer, zeit) VALUES (70, 1053, "2020-10-12 03:47:05");
INSERT INTO gefaellt (profilnummer, beitragsnummer, zeit) VALUES (70, 3995, "2020-10-12 03:47:06");
INSERT INTO gefaellt (profilnummer, beitragsnummer, zeit) VALUES (70, 3524, "2020-10-12 03:47:07");
INSERT INTO gefaellt (profilnummer, beitragsnummer, zeit) VALUES (70, 2756, "2020-10-12 03:47:08");
INSERT INTO gefaellt (profilnummer, beitragsnummer, zeit) VALUES (70, 3925, "2020-10-12 03:47:09");
